[debug] [2026-02-11T14:34:07.042Z] [Firebase Plugin] Activating Firebase extension.
[info] [Firebase Plugin] Checked firebase-tools, is up to date!
[debug] [2026-02-11T14:34:19.667Z] [Firebase Plugin] requireAuthWrapper
[debug] [2026-02-11T14:34:19.670Z] > command requires scopes: ["email","openid","https://www.googleapis.com/auth/cloudplatformprojects.readonly","https://www.googleapis.com/auth/firebase","https://www.googleapis.com/auth/cloud-platform"]
[debug] [2026-02-11T14:34:19.670Z] > authorizing via signed-in user (urielmarquezx16@gmail.com)
[debug] [2026-02-11T14:34:19.675Z] Checked if tokens are valid: false, expires at: 1770788921800
[debug] [2026-02-11T14:34:19.675Z] Checked if tokens are valid: false, expires at: 1770788921800
[debug] [2026-02-11T14:34:19.676Z] > refreshing access token with scopes: []
[debug] [2026-02-11T14:34:19.678Z] >>> [apiv2][query] POST https://www.googleapis.com/oauth2/v3/token [none]
[debug] [2026-02-11T14:34:19.679Z] >>> [apiv2][body] POST https://www.googleapis.com/oauth2/v3/token [omitted]
[debug] [2026-02-11T14:34:19.696Z] [Firebase Plugin] VSCode notification server listening on port 40001
[info] [Firebase Plugin] Starting Data Connect toolkit (version 3.1.1) on port 50001
[debug] [2026-02-11T14:34:21.023Z] 'fdc build' failed with error: Unable to build your Data Connect schema and connectors (exit code 1): E0211 11:34:21.012852   18076 cmd.go:43] Error loading data connect config: could not find dataconnect.yaml in `c:\Users\USUARIO\Documents\tpAngularAPI\dataconnect`
 {"metadata":{"emulator":{"name":"dataconnect"},"message":"'fdc build' failed with error: Unable to build your Data Connect schema and connectors (exit code 1): E0211 11:34:21.012852   18076 cmd.go:43] Error loading data connect config: could not find dataconnect.yaml in `c:\\Users\\USUARIO\\Documents\\tpAngularAPI\\dataconnect`\n"}}
[debug] [2026-02-11T14:34:21.024Z] Ignoring unsupported arg: auto_download {"metadata":{"emulator":{"name":"dataconnect"},"message":"Ignoring unsupported arg: auto_download"}}
[debug] [2026-02-11T14:34:21.025Z] Ignoring unsupported arg: port {"metadata":{"emulator":{"name":"dataconnect"},"message":"Ignoring unsupported arg: port"}}
[debug] [2026-02-11T14:34:21.025Z] Starting Data Connect Emulator with command {"binary":"C:\\Users\\USUARIO\\.cache\\firebase\\emulators\\dataconnect-emulator-3.1.1.exe","args":["--logtostderr","-v=2","dev","--listen=localhost:50001","--config_dir=c:\\Users\\USUARIO\\Documents\\tpAngularAPI\\dataconnect","--enable_output_schema_extensions=true","--enable_output_generated_sdk=true"],"optionalArgs":["listen","config_dir","enable_output_schema_extensions","enable_output_generated_sdk"],"joinArgs":true,"shell":false,"port":9399} {"metadata":{"emulator":{"name":"dataconnect"},"message":"Starting Data Connect Emulator with command {\"binary\":\"C:\\\\Users\\\\USUARIO\\\\.cache\\\\firebase\\\\emulators\\\\dataconnect-emulator-3.1.1.exe\",\"args\":[\"--logtostderr\",\"-v=2\",\"dev\",\"--listen=localhost:50001\",\"--config_dir=c:\\\\Users\\\\USUARIO\\\\Documents\\\\tpAngularAPI\\\\dataconnect\",\"--enable_output_schema_extensions=true\",\"--enable_output_generated_sdk=true\"],\"optionalArgs\":[\"listen\",\"config_dir\",\"enable_output_schema_extensions\",\"enable_output_generated_sdk\"],\"joinArgs\":true,\"shell\":false,\"port\":9399}"}}
[info] i  dataconnect: Data Connect Emulator logging to dataconnect-debug.log {"metadata":{"emulator":{"name":"dataconnect"},"message":"Data Connect Emulator logging to \u001b[1mdataconnect-debug.log\u001b[22m"}}
[debug] [2026-02-11T14:34:21.096Z] E0211 11:34:21.076316    9376 dev.go:83] Failed to load initial config from "c:\\Users\\USUARIO\\Documents\\tpAngularAPI\\dataconnect": could not find dataconnect.yaml in `c:\Users\USUARIO\Documents\tpAngularAPI\dataconnect`
E0211 11:34:21.084505    9376 watch.go:116] watchAllDir unable to walk dir `c:\Users\USUARIO\Documents\tpAngularAPI\dataconnect`: CreateFile c:\Users\USUARIO\Documents\tpAngularAPI\dataconnect: The system cannot find the file specified.
 {"metadata":{"emulator":{"name":"dataconnect"},"message":"E0211 11:34:21.076316    9376 dev.go:83] Failed to load initial config from \"c:\\\\Users\\\\USUARIO\\\\Documents\\\\tpAngularAPI\\\\dataconnect\": could not find dataconnect.yaml in `c:\\Users\\USUARIO\\Documents\\tpAngularAPI\\dataconnect`\nE0211 11:34:21.084505    9376 watch.go:116] watchAllDir unable to walk dir `c:\\Users\\USUARIO\\Documents\\tpAngularAPI\\dataconnect`: CreateFile c:\\Users\\USUARIO\\Documents\\tpAngularAPI\\dataconnect: The system cannot find the file specified.\n"}}
[debug] [2026-02-11T14:34:21.155Z] I0211 11:34:21.125029    9376 dev.go:104] Listening on address (HTTP + gRPC): 127.0.0.1:50001
 {"metadata":{"emulator":{"name":"dataconnect"},"message":"I0211 11:34:21.125029    9376 dev.go:104] Listening on address (HTTP + gRPC): 127.0.0.1:50001\n"}}
[debug] [2026-02-11T14:34:21.321Z] <<< [apiv2][status] POST https://www.googleapis.com/oauth2/v3/token 200
[debug] [2026-02-11T14:34:21.321Z] <<< [apiv2][body] POST https://www.googleapis.com/oauth2/v3/token [omitted]
[debug] [2026-02-11T14:34:21.370Z] [Firebase Plugin] User found:  urielmarquezx16@gmail.com
[info] [Firebase Plugin] (Core:Project) New user detected, fetching projects
[debug] [2026-02-11T14:34:21.372Z] Checked if tokens are valid: true, expires at: 1770824060322
[debug] [2026-02-11T14:34:21.373Z] >>> [apiv2][query] GET https://firebase.googleapis.com/v1beta1/projects pageSize=1000
[error] [Firebase Plugin] error:  {}
[debug] [2026-02-11T14:34:25.025Z] <<< [apiv2][status] GET https://firebase.googleapis.com/v1beta1/projects 200
[debug] [2026-02-11T14:34:25.025Z] <<< [apiv2][body] GET https://firebase.googleapis.com/v1beta1/projects [omitted]
[debug] [2026-02-11T14:34:31.087Z] E0211 11:34:31.087315    9376 watch.go:40] Failed to load config from "c:\\Users\\USUARIO\\Documents\\tpAngularAPI\\dataconnect": could not find dataconnect.yaml in `c:\Users\USUARIO\Documents\tpAngularAPI\dataconnect`
 {"metadata":{"emulator":{"name":"dataconnect"},"message":"E0211 11:34:31.087315    9376 watch.go:40] Failed to load config from \"c:\\\\Users\\\\USUARIO\\\\Documents\\\\tpAngularAPI\\\\dataconnect\": could not find dataconnect.yaml in `c:\\Users\\USUARIO\\Documents\\tpAngularAPI\\dataconnect`\n"}}
[debug] [2026-02-11T14:34:41.086Z] E0211 11:34:41.087451    9376 watch.go:40] Failed to load config from "c:\\Users\\USUARIO\\Documents\\tpAngularAPI\\dataconnect": could not find dataconnect.yaml in `c:\Users\USUARIO\Documents\tpAngularAPI\dataconnect`
 {"metadata":{"emulator":{"name":"dataconnect"},"message":"E0211 11:34:41.087451    9376 watch.go:40] Failed to load config from \"c:\\\\Users\\\\USUARIO\\\\Documents\\\\tpAngularAPI\\\\dataconnect\": could not find dataconnect.yaml in `c:\\Users\\USUARIO\\Documents\\tpAngularAPI\\dataconnect`\n"}}
[debug] [2026-02-11T14:34:51.087Z] E0211 11:34:51.087673    9376 watch.go:40] Failed to load config from "c:\\Users\\USUARIO\\Documents\\tpAngularAPI\\dataconnect": could not find dataconnect.yaml in `c:\Users\USUARIO\Documents\tpAngularAPI\dataconnect`
 {"metadata":{"emulator":{"name":"dataconnect"},"message":"E0211 11:34:51.087673    9376 watch.go:40] Failed to load config from \"c:\\\\Users\\\\USUARIO\\\\Documents\\\\tpAngularAPI\\\\dataconnect\": could not find dataconnect.yaml in `c:\\Users\\USUARIO\\Documents\\tpAngularAPI\\dataconnect`\n"}}
[debug] [2026-02-11T14:35:01.087Z] E0211 11:35:01.087107    9376 watch.go:40] Failed to load config from "c:\\Users\\USUARIO\\Documents\\tpAngularAPI\\dataconnect": could not find dataconnect.yaml in `c:\Users\USUARIO\Documents\tpAngularAPI\dataconnect`
 {"metadata":{"emulator":{"name":"dataconnect"},"message":"E0211 11:35:01.087107    9376 watch.go:40] Failed to load config from \"c:\\\\Users\\\\USUARIO\\\\Documents\\\\tpAngularAPI\\\\dataconnect\": could not find dataconnect.yaml in `c:\\Users\\USUARIO\\Documents\\tpAngularAPI\\dataconnect`\n"}}
[debug] [2026-02-11T14:35:11.087Z] E0211 11:35:11.087238    9376 watch.go:40] Failed to load config from "c:\\Users\\USUARIO\\Documents\\tpAngularAPI\\dataconnect": could not find dataconnect.yaml in `c:\Users\USUARIO\Documents\tpAngularAPI\dataconnect`
 {"metadata":{"emulator":{"name":"dataconnect"},"message":"E0211 11:35:11.087238    9376 watch.go:40] Failed to load config from \"c:\\\\Users\\\\USUARIO\\\\Documents\\\\tpAngularAPI\\\\dataconnect\": could not find dataconnect.yaml in `c:\\Users\\USUARIO\\Documents\\tpAngularAPI\\dataconnect`\n"}}
[debug] [2026-02-11T14:35:21.086Z] E0211 11:35:21.086595    9376 watch.go:116] watchAllDir unable to walk dir `c:\Users\USUARIO\Documents\tpAngularAPI\dataconnect`: CreateFile c:\Users\USUARIO\Documents\tpAngularAPI\dataconnect: The system cannot find the file specified.
 {"metadata":{"emulator":{"name":"dataconnect"},"message":"E0211 11:35:21.086595    9376 watch.go:116] watchAllDir unable to walk dir `c:\\Users\\USUARIO\\Documents\\tpAngularAPI\\dataconnect`: CreateFile c:\\Users\\USUARIO\\Documents\\tpAngularAPI\\dataconnect: The system cannot find the file specified.\n"}}
[debug] [2026-02-11T14:35:21.087Z] E0211 11:35:21.086595    9376 watch.go:40] Failed to load config from "c:\\Users\\USUARIO\\Documents\\tpAngularAPI\\dataconnect": could not find dataconnect.yaml in `c:\Users\USUARIO\Documents\tpAngularAPI\dataconnect`
 {"metadata":{"emulator":{"name":"dataconnect"},"message":"E0211 11:35:21.086595    9376 watch.go:40] Failed to load config from \"c:\\\\Users\\\\USUARIO\\\\Documents\\\\tpAngularAPI\\\\dataconnect\": could not find dataconnect.yaml in `c:\\Users\\USUARIO\\Documents\\tpAngularAPI\\dataconnect`\n"}}
[debug] [2026-02-11T14:35:31.087Z] E0211 11:35:31.086975    9376 watch.go:40] Failed to load config from "c:\\Users\\USUARIO\\Documents\\tpAngularAPI\\dataconnect": could not find dataconnect.yaml in `c:\Users\USUARIO\Documents\tpAngularAPI\dataconnect`
 {"metadata":{"emulator":{"name":"dataconnect"},"message":"E0211 11:35:31.086975    9376 watch.go:40] Failed to load config from \"c:\\\\Users\\\\USUARIO\\\\Documents\\\\tpAngularAPI\\\\dataconnect\": could not find dataconnect.yaml in `c:\\Users\\USUARIO\\Documents\\tpAngularAPI\\dataconnect`\n"}}
[debug] [2026-02-11T14:35:41.087Z] E0211 11:35:41.086867    9376 watch.go:40] Failed to load config from "c:\\Users\\USUARIO\\Documents\\tpAngularAPI\\dataconnect": could not find dataconnect.yaml in `c:\Users\USUARIO\Documents\tpAngularAPI\dataconnect`
 {"metadata":{"emulator":{"name":"dataconnect"},"message":"E0211 11:35:41.086867    9376 watch.go:40] Failed to load config from \"c:\\\\Users\\\\USUARIO\\\\Documents\\\\tpAngularAPI\\\\dataconnect\": could not find dataconnect.yaml in `c:\\Users\\USUARIO\\Documents\\tpAngularAPI\\dataconnect`\n"}}
[debug] [2026-02-11T14:35:51.087Z] E0211 11:35:51.087008    9376 watch.go:40] Failed to load config from "c:\\Users\\USUARIO\\Documents\\tpAngularAPI\\dataconnect": could not find dataconnect.yaml in `c:\Users\USUARIO\Documents\tpAngularAPI\dataconnect`
 {"metadata":{"emulator":{"name":"dataconnect"},"message":"E0211 11:35:51.087008    9376 watch.go:40] Failed to load config from \"c:\\\\Users\\\\USUARIO\\\\Documents\\\\tpAngularAPI\\\\dataconnect\": could not find dataconnect.yaml in `c:\\Users\\USUARIO\\Documents\\tpAngularAPI\\dataconnect`\n"}}
[debug] [2026-02-11T14:36:01.087Z] E0211 11:36:01.086597    9376 watch.go:40] Failed to load config from "c:\\Users\\USUARIO\\Documents\\tpAngularAPI\\dataconnect": could not find dataconnect.yaml in `c:\Users\USUARIO\Documents\tpAngularAPI\dataconnect`
 {"metadata":{"emulator":{"name":"dataconnect"},"message":"E0211 11:36:01.086597    9376 watch.go:40] Failed to load config from \"c:\\\\Users\\\\USUARIO\\\\Documents\\\\tpAngularAPI\\\\dataconnect\": could not find dataconnect.yaml in `c:\\Users\\USUARIO\\Documents\\tpAngularAPI\\dataconnect`\n"}}
[debug] [2026-02-11T14:36:11.087Z] E0211 11:36:11.086898    9376 watch.go:40] Failed to load config from "c:\\Users\\USUARIO\\Documents\\tpAngularAPI\\dataconnect": could not find dataconnect.yaml in `c:\Users\USUARIO\Documents\tpAngularAPI\dataconnect`
 {"metadata":{"emulator":{"name":"dataconnect"},"message":"E0211 11:36:11.086898    9376 watch.go:40] Failed to load config from \"c:\\\\Users\\\\USUARIO\\\\Documents\\\\tpAngularAPI\\\\dataconnect\": could not find dataconnect.yaml in `c:\\Users\\USUARIO\\Documents\\tpAngularAPI\\dataconnect`\n"}}
[debug] [2026-02-11T14:36:21.087Z] E0211 11:36:21.086791    9376 watch.go:116] watchAllDir unable to walk dir `c:\Users\USUARIO\Documents\tpAngularAPI\dataconnect`: CreateFile c:\Users\USUARIO\Documents\tpAngularAPI\dataconnect: The system cannot find the file specified.
 {"metadata":{"emulator":{"name":"dataconnect"},"message":"E0211 11:36:21.086791    9376 watch.go:116] watchAllDir unable to walk dir `c:\\Users\\USUARIO\\Documents\\tpAngularAPI\\dataconnect`: CreateFile c:\\Users\\USUARIO\\Documents\\tpAngularAPI\\dataconnect: The system cannot find the file specified.\n"}}
[debug] [2026-02-11T14:36:21.087Z] E0211 11:36:21.086791    9376 watch.go:40] Failed to load config from "c:\\Users\\USUARIO\\Documents\\tpAngularAPI\\dataconnect": could not find dataconnect.yaml in `c:\Users\USUARIO\Documents\tpAngularAPI\dataconnect`
 {"metadata":{"emulator":{"name":"dataconnect"},"message":"E0211 11:36:21.086791    9376 watch.go:40] Failed to load config from \"c:\\\\Users\\\\USUARIO\\\\Documents\\\\tpAngularAPI\\\\dataconnect\": could not find dataconnect.yaml in `c:\\Users\\USUARIO\\Documents\\tpAngularAPI\\dataconnect`\n"}}
[debug] [2026-02-11T14:36:31.087Z] E0211 11:36:31.087048    9376 watch.go:40] Failed to load config from "c:\\Users\\USUARIO\\Documents\\tpAngularAPI\\dataconnect": could not find dataconnect.yaml in `c:\Users\USUARIO\Documents\tpAngularAPI\dataconnect`
 {"metadata":{"emulator":{"name":"dataconnect"},"message":"E0211 11:36:31.087048    9376 watch.go:40] Failed to load config from \"c:\\\\Users\\\\USUARIO\\\\Documents\\\\tpAngularAPI\\\\dataconnect\": could not find dataconnect.yaml in `c:\\Users\\USUARIO\\Documents\\tpAngularAPI\\dataconnect`\n"}}
[debug] [2026-02-11T14:36:41.087Z] E0211 11:36:41.087064    9376 watch.go:40] Failed to load config from "c:\\Users\\USUARIO\\Documents\\tpAngularAPI\\dataconnect": could not find dataconnect.yaml in `c:\Users\USUARIO\Documents\tpAngularAPI\dataconnect`
 {"metadata":{"emulator":{"name":"dataconnect"},"message":"E0211 11:36:41.087064    9376 watch.go:40] Failed to load config from \"c:\\\\Users\\\\USUARIO\\\\Documents\\\\tpAngularAPI\\\\dataconnect\": could not find dataconnect.yaml in `c:\\Users\\USUARIO\\Documents\\tpAngularAPI\\dataconnect`\n"}}
[debug] [2026-02-11T14:36:51.087Z] E0211 11:36:51.086892    9376 watch.go:40] Failed to load config from "c:\\Users\\USUARIO\\Documents\\tpAngularAPI\\dataconnect": could not find dataconnect.yaml in `c:\Users\USUARIO\Documents\tpAngularAPI\dataconnect`
 {"metadata":{"emulator":{"name":"dataconnect"},"message":"E0211 11:36:51.086892    9376 watch.go:40] Failed to load config from \"c:\\\\Users\\\\USUARIO\\\\Documents\\\\tpAngularAPI\\\\dataconnect\": could not find dataconnect.yaml in `c:\\Users\\USUARIO\\Documents\\tpAngularAPI\\dataconnect`\n"}}
[debug] [2026-02-11T14:37:01.086Z] E0211 11:37:01.086794    9376 watch.go:40] Failed to load config from "c:\\Users\\USUARIO\\Documents\\tpAngularAPI\\dataconnect": could not find dataconnect.yaml in `c:\Users\USUARIO\Documents\tpAngularAPI\dataconnect`
 {"metadata":{"emulator":{"name":"dataconnect"},"message":"E0211 11:37:01.086794    9376 watch.go:40] Failed to load config from \"c:\\\\Users\\\\USUARIO\\\\Documents\\\\tpAngularAPI\\\\dataconnect\": could not find dataconnect.yaml in `c:\\Users\\USUARIO\\Documents\\tpAngularAPI\\dataconnect`\n"}}
[debug] [2026-02-11T14:37:11.090Z] E0211 11:37:11.090260    9376 watch.go:40] Failed to load config from "c:\\Users\\USUARIO\\Documents\\tpAngularAPI\\dataconnect": could not find dataconnect.yaml in `c:\Users\USUARIO\Documents\tpAngularAPI\dataconnect`
 {"metadata":{"emulator":{"name":"dataconnect"},"message":"E0211 11:37:11.090260    9376 watch.go:40] Failed to load config from \"c:\\\\Users\\\\USUARIO\\\\Documents\\\\tpAngularAPI\\\\dataconnect\": could not find dataconnect.yaml in `c:\\Users\\USUARIO\\Documents\\tpAngularAPI\\dataconnect`\n"}}
[debug] [2026-02-11T14:37:21.112Z] E0211 11:37:21.112432    9376 watch.go:116] watchAllDir unable to walk dir `c:\Users\USUARIO\Documents\tpAngularAPI\dataconnect`: CreateFile c:\Users\USUARIO\Documents\tpAngularAPI\dataconnect: The system cannot find the file specified.
 {"metadata":{"emulator":{"name":"dataconnect"},"message":"E0211 11:37:21.112432    9376 watch.go:116] watchAllDir unable to walk dir `c:\\Users\\USUARIO\\Documents\\tpAngularAPI\\dataconnect`: CreateFile c:\\Users\\USUARIO\\Documents\\tpAngularAPI\\dataconnect: The system cannot find the file specified.\n"}}
[debug] [2026-02-11T14:37:21.112Z] E0211 11:37:21.112937    9376 watch.go:40] Failed to load config from "c:\\Users\\USUARIO\\Documents\\tpAngularAPI\\dataconnect": could not find dataconnect.yaml in `c:\Users\USUARIO\Documents\tpAngularAPI\dataconnect`
 {"metadata":{"emulator":{"name":"dataconnect"},"message":"E0211 11:37:21.112937    9376 watch.go:40] Failed to load config from \"c:\\\\Users\\\\USUARIO\\\\Documents\\\\tpAngularAPI\\\\dataconnect\": could not find dataconnect.yaml in `c:\\Users\\USUARIO\\Documents\\tpAngularAPI\\dataconnect`\n"}}
[debug] [2026-02-11T14:37:31.086Z] E0211 11:37:31.086642    9376 watch.go:40] Failed to load config from "c:\\Users\\USUARIO\\Documents\\tpAngularAPI\\dataconnect": could not find dataconnect.yaml in `c:\Users\USUARIO\Documents\tpAngularAPI\dataconnect`
 {"metadata":{"emulator":{"name":"dataconnect"},"message":"E0211 11:37:31.086642    9376 watch.go:40] Failed to load config from \"c:\\\\Users\\\\USUARIO\\\\Documents\\\\tpAngularAPI\\\\dataconnect\": could not find dataconnect.yaml in `c:\\Users\\USUARIO\\Documents\\tpAngularAPI\\dataconnect`\n"}}
[debug] [2026-02-11T14:37:41.086Z] E0211 11:37:41.086568    9376 watch.go:40] Failed to load config from "c:\\Users\\USUARIO\\Documents\\tpAngularAPI\\dataconnect": could not find dataconnect.yaml in `c:\Users\USUARIO\Documents\tpAngularAPI\dataconnect`
 {"metadata":{"emulator":{"name":"dataconnect"},"message":"E0211 11:37:41.086568    9376 watch.go:40] Failed to load config from \"c:\\\\Users\\\\USUARIO\\\\Documents\\\\tpAngularAPI\\\\dataconnect\": could not find dataconnect.yaml in `c:\\Users\\USUARIO\\Documents\\tpAngularAPI\\dataconnect`\n"}}
[debug] [2026-02-11T14:37:51.086Z] E0211 11:37:51.087279    9376 watch.go:40] Failed to load config from "c:\\Users\\USUARIO\\Documents\\tpAngularAPI\\dataconnect": could not find dataconnect.yaml in `c:\Users\USUARIO\Documents\tpAngularAPI\dataconnect`
 {"metadata":{"emulator":{"name":"dataconnect"},"message":"E0211 11:37:51.087279    9376 watch.go:40] Failed to load config from \"c:\\\\Users\\\\USUARIO\\\\Documents\\\\tpAngularAPI\\\\dataconnect\": could not find dataconnect.yaml in `c:\\Users\\USUARIO\\Documents\\tpAngularAPI\\dataconnect`\n"}}
[debug] [2026-02-11T14:38:01.087Z] E0211 11:38:01.087548    9376 watch.go:40] Failed to load config from "c:\\Users\\USUARIO\\Documents\\tpAngularAPI\\dataconnect": could not find dataconnect.yaml in `c:\Users\USUARIO\Documents\tpAngularAPI\dataconnect`
 {"metadata":{"emulator":{"name":"dataconnect"},"message":"E0211 11:38:01.087548    9376 watch.go:40] Failed to load config from \"c:\\\\Users\\\\USUARIO\\\\Documents\\\\tpAngularAPI\\\\dataconnect\": could not find dataconnect.yaml in `c:\\Users\\USUARIO\\Documents\\tpAngularAPI\\dataconnect`\n"}}
[debug] [2026-02-11T14:38:11.087Z] E0211 11:38:11.087185    9376 watch.go:40] Failed to load config from "c:\\Users\\USUARIO\\Documents\\tpAngularAPI\\dataconnect": could not find dataconnect.yaml in `c:\Users\USUARIO\Documents\tpAngularAPI\dataconnect`
 {"metadata":{"emulator":{"name":"dataconnect"},"message":"E0211 11:38:11.087185    9376 watch.go:40] Failed to load config from \"c:\\\\Users\\\\USUARIO\\\\Documents\\\\tpAngularAPI\\\\dataconnect\": could not find dataconnect.yaml in `c:\\Users\\USUARIO\\Documents\\tpAngularAPI\\dataconnect`\n"}}
[debug] [2026-02-11T14:38:21.086Z] E0211 11:38:21.086910    9376 watch.go:116] watchAllDir unable to walk dir `c:\Users\USUARIO\Documents\tpAngularAPI\dataconnect`: CreateFile c:\Users\USUARIO\Documents\tpAngularAPI\dataconnect: The system cannot find the file specified.
 {"metadata":{"emulator":{"name":"dataconnect"},"message":"E0211 11:38:21.086910    9376 watch.go:116] watchAllDir unable to walk dir `c:\\Users\\USUARIO\\Documents\\tpAngularAPI\\dataconnect`: CreateFile c:\\Users\\USUARIO\\Documents\\tpAngularAPI\\dataconnect: The system cannot find the file specified.\n"}}
[debug] [2026-02-11T14:38:21.088Z] E0211 11:38:21.086910    9376 watch.go:40] Failed to load config from "c:\\Users\\USUARIO\\Documents\\tpAngularAPI\\dataconnect": could not find dataconnect.yaml in `c:\Users\USUARIO\Documents\tpAngularAPI\dataconnect`
 {"metadata":{"emulator":{"name":"dataconnect"},"message":"E0211 11:38:21.086910    9376 watch.go:40] Failed to load config from \"c:\\\\Users\\\\USUARIO\\\\Documents\\\\tpAngularAPI\\\\dataconnect\": could not find dataconnect.yaml in `c:\\Users\\USUARIO\\Documents\\tpAngularAPI\\dataconnect`\n"}}
[debug] [2026-02-11T14:38:31.087Z] E0211 11:38:31.086948    9376 watch.go:40] Failed to load config from "c:\\Users\\USUARIO\\Documents\\tpAngularAPI\\dataconnect": could not find dataconnect.yaml in `c:\Users\USUARIO\Documents\tpAngularAPI\dataconnect`
 {"metadata":{"emulator":{"name":"dataconnect"},"message":"E0211 11:38:31.086948    9376 watch.go:40] Failed to load config from \"c:\\\\Users\\\\USUARIO\\\\Documents\\\\tpAngularAPI\\\\dataconnect\": could not find dataconnect.yaml in `c:\\Users\\USUARIO\\Documents\\tpAngularAPI\\dataconnect`\n"}}
[debug] [2026-02-11T14:38:41.086Z] E0211 11:38:41.086585    9376 watch.go:40] Failed to load config from "c:\\Users\\USUARIO\\Documents\\tpAngularAPI\\dataconnect": could not find dataconnect.yaml in `c:\Users\USUARIO\Documents\tpAngularAPI\dataconnect`
 {"metadata":{"emulator":{"name":"dataconnect"},"message":"E0211 11:38:41.086585    9376 watch.go:40] Failed to load config from \"c:\\\\Users\\\\USUARIO\\\\Documents\\\\tpAngularAPI\\\\dataconnect\": could not find dataconnect.yaml in `c:\\Users\\USUARIO\\Documents\\tpAngularAPI\\dataconnect`\n"}}
[debug] [2026-02-11T14:38:51.087Z] E0211 11:38:51.087009    9376 watch.go:40] Failed to load config from "c:\\Users\\USUARIO\\Documents\\tpAngularAPI\\dataconnect": could not find dataconnect.yaml in `c:\Users\USUARIO\Documents\tpAngularAPI\dataconnect`
 {"metadata":{"emulator":{"name":"dataconnect"},"message":"E0211 11:38:51.087009    9376 watch.go:40] Failed to load config from \"c:\\\\Users\\\\USUARIO\\\\Documents\\\\tpAngularAPI\\\\dataconnect\": could not find dataconnect.yaml in `c:\\Users\\USUARIO\\Documents\\tpAngularAPI\\dataconnect`\n"}}
[debug] [2026-02-11T14:39:01.086Z] E0211 11:39:01.086568    9376 watch.go:40] Failed to load config from "c:\\Users\\USUARIO\\Documents\\tpAngularAPI\\dataconnect": could not find dataconnect.yaml in `c:\Users\USUARIO\Documents\tpAngularAPI\dataconnect`
 {"metadata":{"emulator":{"name":"dataconnect"},"message":"E0211 11:39:01.086568    9376 watch.go:40] Failed to load config from \"c:\\\\Users\\\\USUARIO\\\\Documents\\\\tpAngularAPI\\\\dataconnect\": could not find dataconnect.yaml in `c:\\Users\\USUARIO\\Documents\\tpAngularAPI\\dataconnect`\n"}}
[debug] [2026-02-11T14:39:11.087Z] E0211 11:39:11.086954    9376 watch.go:40] Failed to load config from "c:\\Users\\USUARIO\\Documents\\tpAngularAPI\\dataconnect": could not find dataconnect.yaml in `c:\Users\USUARIO\Documents\tpAngularAPI\dataconnect`
 {"metadata":{"emulator":{"name":"dataconnect"},"message":"E0211 11:39:11.086954    9376 watch.go:40] Failed to load config from \"c:\\\\Users\\\\USUARIO\\\\Documents\\\\tpAngularAPI\\\\dataconnect\": could not find dataconnect.yaml in `c:\\Users\\USUARIO\\Documents\\tpAngularAPI\\dataconnect`\n"}}
[debug] [2026-02-11T14:39:21.086Z] E0211 11:39:21.086948    9376 watch.go:116] watchAllDir unable to walk dir `c:\Users\USUARIO\Documents\tpAngularAPI\dataconnect`: CreateFile c:\Users\USUARIO\Documents\tpAngularAPI\dataconnect: The system cannot find the file specified.
 {"metadata":{"emulator":{"name":"dataconnect"},"message":"E0211 11:39:21.086948    9376 watch.go:116] watchAllDir unable to walk dir `c:\\Users\\USUARIO\\Documents\\tpAngularAPI\\dataconnect`: CreateFile c:\\Users\\USUARIO\\Documents\\tpAngularAPI\\dataconnect: The system cannot find the file specified.\n"}}
[debug] [2026-02-11T14:39:21.088Z] E0211 11:39:21.086948    9376 watch.go:40] Failed to load config from "c:\\Users\\USUARIO\\Documents\\tpAngularAPI\\dataconnect": could not find dataconnect.yaml in `c:\Users\USUARIO\Documents\tpAngularAPI\dataconnect`
 {"metadata":{"emulator":{"name":"dataconnect"},"message":"E0211 11:39:21.086948    9376 watch.go:40] Failed to load config from \"c:\\\\Users\\\\USUARIO\\\\Documents\\\\tpAngularAPI\\\\dataconnect\": could not find dataconnect.yaml in `c:\\Users\\USUARIO\\Documents\\tpAngularAPI\\dataconnect`\n"}}
[debug] [2026-02-11T14:39:31.086Z] E0211 11:39:31.086675    9376 watch.go:40] Failed to load config from "c:\\Users\\USUARIO\\Documents\\tpAngularAPI\\dataconnect": could not find dataconnect.yaml in `c:\Users\USUARIO\Documents\tpAngularAPI\dataconnect`
 {"metadata":{"emulator":{"name":"dataconnect"},"message":"E0211 11:39:31.086675    9376 watch.go:40] Failed to load config from \"c:\\\\Users\\\\USUARIO\\\\Documents\\\\tpAngularAPI\\\\dataconnect\": could not find dataconnect.yaml in `c:\\Users\\USUARIO\\Documents\\tpAngularAPI\\dataconnect`\n"}}
[debug] [2026-02-11T14:39:41.086Z] E0211 11:39:41.086848    9376 watch.go:40] Failed to load config from "c:\\Users\\USUARIO\\Documents\\tpAngularAPI\\dataconnect": could not find dataconnect.yaml in `c:\Users\USUARIO\Documents\tpAngularAPI\dataconnect`
 {"metadata":{"emulator":{"name":"dataconnect"},"message":"E0211 11:39:41.086848    9376 watch.go:40] Failed to load config from \"c:\\\\Users\\\\USUARIO\\\\Documents\\\\tpAngularAPI\\\\dataconnect\": could not find dataconnect.yaml in `c:\\Users\\USUARIO\\Documents\\tpAngularAPI\\dataconnect`\n"}}
[debug] [2026-02-11T14:39:51.087Z] E0211 11:39:51.087425    9376 watch.go:40] Failed to load config from "c:\\Users\\USUARIO\\Documents\\tpAngularAPI\\dataconnect": could not find dataconnect.yaml in `c:\Users\USUARIO\Documents\tpAngularAPI\dataconnect`
 {"metadata":{"emulator":{"name":"dataconnect"},"message":"E0211 11:39:51.087425    9376 watch.go:40] Failed to load config from \"c:\\\\Users\\\\USUARIO\\\\Documents\\\\tpAngularAPI\\\\dataconnect\": could not find dataconnect.yaml in `c:\\Users\\USUARIO\\Documents\\tpAngularAPI\\dataconnect`\n"}}
[debug] [2026-02-11T14:40:01.087Z] E0211 11:40:01.086813    9376 watch.go:40] Failed to load config from "c:\\Users\\USUARIO\\Documents\\tpAngularAPI\\dataconnect": could not find dataconnect.yaml in `c:\Users\USUARIO\Documents\tpAngularAPI\dataconnect`
 {"metadata":{"emulator":{"name":"dataconnect"},"message":"E0211 11:40:01.086813    9376 watch.go:40] Failed to load config from \"c:\\\\Users\\\\USUARIO\\\\Documents\\\\tpAngularAPI\\\\dataconnect\": could not find dataconnect.yaml in `c:\\Users\\USUARIO\\Documents\\tpAngularAPI\\dataconnect`\n"}}
[debug] [2026-02-11T14:40:11.087Z] E0211 11:40:11.086996    9376 watch.go:40] Failed to load config from "c:\\Users\\USUARIO\\Documents\\tpAngularAPI\\dataconnect": could not find dataconnect.yaml in `c:\Users\USUARIO\Documents\tpAngularAPI\dataconnect`
 {"metadata":{"emulator":{"name":"dataconnect"},"message":"E0211 11:40:11.086996    9376 watch.go:40] Failed to load config from \"c:\\\\Users\\\\USUARIO\\\\Documents\\\\tpAngularAPI\\\\dataconnect\": could not find dataconnect.yaml in `c:\\Users\\USUARIO\\Documents\\tpAngularAPI\\dataconnect`\n"}}
[debug] [2026-02-11T14:40:21.087Z] E0211 11:40:21.087394    9376 watch.go:116] watchAllDir unable to walk dir `c:\Users\USUARIO\Documents\tpAngularAPI\dataconnect`: CreateFile c:\Users\USUARIO\Documents\tpAngularAPI\dataconnect: The system cannot find the file specified.
 {"metadata":{"emulator":{"name":"dataconnect"},"message":"E0211 11:40:21.087394    9376 watch.go:116] watchAllDir unable to walk dir `c:\\Users\\USUARIO\\Documents\\tpAngularAPI\\dataconnect`: CreateFile c:\\Users\\USUARIO\\Documents\\tpAngularAPI\\dataconnect: The system cannot find the file specified.\n"}}
[debug] [2026-02-11T14:40:21.089Z] E0211 11:40:21.087899    9376 watch.go:40] Failed to load config from "c:\\Users\\USUARIO\\Documents\\tpAngularAPI\\dataconnect": could not find dataconnect.yaml in `c:\Users\USUARIO\Documents\tpAngularAPI\dataconnect`
 {"metadata":{"emulator":{"name":"dataconnect"},"message":"E0211 11:40:21.087899    9376 watch.go:40] Failed to load config from \"c:\\\\Users\\\\USUARIO\\\\Documents\\\\tpAngularAPI\\\\dataconnect\": could not find dataconnect.yaml in `c:\\Users\\USUARIO\\Documents\\tpAngularAPI\\dataconnect`\n"}}
[debug] [2026-02-11T14:40:31.088Z] E0211 11:40:31.087681    9376 watch.go:40] Failed to load config from "c:\\Users\\USUARIO\\Documents\\tpAngularAPI\\dataconnect": could not find dataconnect.yaml in `c:\Users\USUARIO\Documents\tpAngularAPI\dataconnect`
 {"metadata":{"emulator":{"name":"dataconnect"},"message":"E0211 11:40:31.087681    9376 watch.go:40] Failed to load config from \"c:\\\\Users\\\\USUARIO\\\\Documents\\\\tpAngularAPI\\\\dataconnect\": could not find dataconnect.yaml in `c:\\Users\\USUARIO\\Documents\\tpAngularAPI\\dataconnect`\n"}}
[debug] [2026-02-11T14:40:41.088Z] E0211 11:40:41.087811    9376 watch.go:40] Failed to load config from "c:\\Users\\USUARIO\\Documents\\tpAngularAPI\\dataconnect": could not find dataconnect.yaml in `c:\Users\USUARIO\Documents\tpAngularAPI\dataconnect`
 {"metadata":{"emulator":{"name":"dataconnect"},"message":"E0211 11:40:41.087811    9376 watch.go:40] Failed to load config from \"c:\\\\Users\\\\USUARIO\\\\Documents\\\\tpAngularAPI\\\\dataconnect\": could not find dataconnect.yaml in `c:\\Users\\USUARIO\\Documents\\tpAngularAPI\\dataconnect`\n"}}
[debug] [2026-02-11T14:40:51.087Z] E0211 11:40:51.087053    9376 watch.go:40] Failed to load config from "c:\\Users\\USUARIO\\Documents\\tpAngularAPI\\dataconnect": could not find dataconnect.yaml in `c:\Users\USUARIO\Documents\tpAngularAPI\dataconnect`
 {"metadata":{"emulator":{"name":"dataconnect"},"message":"E0211 11:40:51.087053    9376 watch.go:40] Failed to load config from \"c:\\\\Users\\\\USUARIO\\\\Documents\\\\tpAngularAPI\\\\dataconnect\": could not find dataconnect.yaml in `c:\\Users\\USUARIO\\Documents\\tpAngularAPI\\dataconnect`\n"}}
[debug] [2026-02-11T14:41:01.087Z] E0211 11:41:01.086778    9376 watch.go:40] Failed to load config from "c:\\Users\\USUARIO\\Documents\\tpAngularAPI\\dataconnect": could not find dataconnect.yaml in `c:\Users\USUARIO\Documents\tpAngularAPI\dataconnect`
 {"metadata":{"emulator":{"name":"dataconnect"},"message":"E0211 11:41:01.086778    9376 watch.go:40] Failed to load config from \"c:\\\\Users\\\\USUARIO\\\\Documents\\\\tpAngularAPI\\\\dataconnect\": could not find dataconnect.yaml in `c:\\Users\\USUARIO\\Documents\\tpAngularAPI\\dataconnect`\n"}}
[debug] [2026-02-11T14:41:11.087Z] E0211 11:41:11.086570    9376 watch.go:40] Failed to load config from "c:\\Users\\USUARIO\\Documents\\tpAngularAPI\\dataconnect": could not find dataconnect.yaml in `c:\Users\USUARIO\Documents\tpAngularAPI\dataconnect`
 {"metadata":{"emulator":{"name":"dataconnect"},"message":"E0211 11:41:11.086570    9376 watch.go:40] Failed to load config from \"c:\\\\Users\\\\USUARIO\\\\Documents\\\\tpAngularAPI\\\\dataconnect\": could not find dataconnect.yaml in `c:\\Users\\USUARIO\\Documents\\tpAngularAPI\\dataconnect`\n"}}
[debug] [2026-02-11T14:41:21.087Z] E0211 11:41:21.086836    9376 watch.go:116] watchAllDir unable to walk dir `c:\Users\USUARIO\Documents\tpAngularAPI\dataconnect`: CreateFile c:\Users\USUARIO\Documents\tpAngularAPI\dataconnect: The system cannot find the file specified.
 {"metadata":{"emulator":{"name":"dataconnect"},"message":"E0211 11:41:21.086836    9376 watch.go:116] watchAllDir unable to walk dir `c:\\Users\\USUARIO\\Documents\\tpAngularAPI\\dataconnect`: CreateFile c:\\Users\\USUARIO\\Documents\\tpAngularAPI\\dataconnect: The system cannot find the file specified.\n"}}
[debug] [2026-02-11T14:41:21.087Z] E0211 11:41:21.086836    9376 watch.go:40] Failed to load config from "c:\\Users\\USUARIO\\Documents\\tpAngularAPI\\dataconnect": could not find dataconnect.yaml in `c:\Users\USUARIO\Documents\tpAngularAPI\dataconnect`
 {"metadata":{"emulator":{"name":"dataconnect"},"message":"E0211 11:41:21.086836    9376 watch.go:40] Failed to load config from \"c:\\\\Users\\\\USUARIO\\\\Documents\\\\tpAngularAPI\\\\dataconnect\": could not find dataconnect.yaml in `c:\\Users\\USUARIO\\Documents\\tpAngularAPI\\dataconnect`\n"}}
[debug] [2026-02-11T14:41:31.087Z] E0211 11:41:31.086958    9376 watch.go:40] Failed to load config from "c:\\Users\\USUARIO\\Documents\\tpAngularAPI\\dataconnect": could not find dataconnect.yaml in `c:\Users\USUARIO\Documents\tpAngularAPI\dataconnect`
 {"metadata":{"emulator":{"name":"dataconnect"},"message":"E0211 11:41:31.086958    9376 watch.go:40] Failed to load config from \"c:\\\\Users\\\\USUARIO\\\\Documents\\\\tpAngularAPI\\\\dataconnect\": could not find dataconnect.yaml in `c:\\Users\\USUARIO\\Documents\\tpAngularAPI\\dataconnect`\n"}}
[debug] [2026-02-11T14:41:41.086Z] E0211 11:41:41.086609    9376 watch.go:40] Failed to load config from "c:\\Users\\USUARIO\\Documents\\tpAngularAPI\\dataconnect": could not find dataconnect.yaml in `c:\Users\USUARIO\Documents\tpAngularAPI\dataconnect`
 {"metadata":{"emulator":{"name":"dataconnect"},"message":"E0211 11:41:41.086609    9376 watch.go:40] Failed to load config from \"c:\\\\Users\\\\USUARIO\\\\Documents\\\\tpAngularAPI\\\\dataconnect\": could not find dataconnect.yaml in `c:\\Users\\USUARIO\\Documents\\tpAngularAPI\\dataconnect`\n"}}
[debug] [2026-02-11T14:41:51.087Z] E0211 11:41:51.086812    9376 watch.go:40] Failed to load config from "c:\\Users\\USUARIO\\Documents\\tpAngularAPI\\dataconnect": could not find dataconnect.yaml in `c:\Users\USUARIO\Documents\tpAngularAPI\dataconnect`
 {"metadata":{"emulator":{"name":"dataconnect"},"message":"E0211 11:41:51.086812    9376 watch.go:40] Failed to load config from \"c:\\\\Users\\\\USUARIO\\\\Documents\\\\tpAngularAPI\\\\dataconnect\": could not find dataconnect.yaml in `c:\\Users\\USUARIO\\Documents\\tpAngularAPI\\dataconnect`\n"}}
[debug] [2026-02-11T14:42:01.087Z] E0211 11:42:01.086600    9376 watch.go:40] Failed to load config from "c:\\Users\\USUARIO\\Documents\\tpAngularAPI\\dataconnect": could not find dataconnect.yaml in `c:\Users\USUARIO\Documents\tpAngularAPI\dataconnect`
 {"metadata":{"emulator":{"name":"dataconnect"},"message":"E0211 11:42:01.086600    9376 watch.go:40] Failed to load config from \"c:\\\\Users\\\\USUARIO\\\\Documents\\\\tpAngularAPI\\\\dataconnect\": could not find dataconnect.yaml in `c:\\Users\\USUARIO\\Documents\\tpAngularAPI\\dataconnect`\n"}}
[debug] [2026-02-11T14:42:11.086Z] E0211 11:42:11.086578    9376 watch.go:40] Failed to load config from "c:\\Users\\USUARIO\\Documents\\tpAngularAPI\\dataconnect": could not find dataconnect.yaml in `c:\Users\USUARIO\Documents\tpAngularAPI\dataconnect`
 {"metadata":{"emulator":{"name":"dataconnect"},"message":"E0211 11:42:11.086578    9376 watch.go:40] Failed to load config from \"c:\\\\Users\\\\USUARIO\\\\Documents\\\\tpAngularAPI\\\\dataconnect\": could not find dataconnect.yaml in `c:\\Users\\USUARIO\\Documents\\tpAngularAPI\\dataconnect`\n"}}
[debug] [2026-02-11T14:42:21.086Z] E0211 11:42:21.086590    9376 watch.go:116] watchAllDir unable to walk dir `c:\Users\USUARIO\Documents\tpAngularAPI\dataconnect`: CreateFile c:\Users\USUARIO\Documents\tpAngularAPI\dataconnect: The system cannot find the file specified.
 {"metadata":{"emulator":{"name":"dataconnect"},"message":"E0211 11:42:21.086590    9376 watch.go:116] watchAllDir unable to walk dir `c:\\Users\\USUARIO\\Documents\\tpAngularAPI\\dataconnect`: CreateFile c:\\Users\\USUARIO\\Documents\\tpAngularAPI\\dataconnect: The system cannot find the file specified.\n"}}
[debug] [2026-02-11T14:42:21.087Z] E0211 11:42:21.086590    9376 watch.go:40] Failed to load config from "c:\\Users\\USUARIO\\Documents\\tpAngularAPI\\dataconnect": could not find dataconnect.yaml in `c:\Users\USUARIO\Documents\tpAngularAPI\dataconnect`
 {"metadata":{"emulator":{"name":"dataconnect"},"message":"E0211 11:42:21.086590    9376 watch.go:40] Failed to load config from \"c:\\\\Users\\\\USUARIO\\\\Documents\\\\tpAngularAPI\\\\dataconnect\": could not find dataconnect.yaml in `c:\\Users\\USUARIO\\Documents\\tpAngularAPI\\dataconnect`\n"}}
[debug] [2026-02-11T14:42:31.087Z] E0211 11:42:31.087247    9376 watch.go:40] Failed to load config from "c:\\Users\\USUARIO\\Documents\\tpAngularAPI\\dataconnect": could not find dataconnect.yaml in `c:\Users\USUARIO\Documents\tpAngularAPI\dataconnect`
 {"metadata":{"emulator":{"name":"dataconnect"},"message":"E0211 11:42:31.087247    9376 watch.go:40] Failed to load config from \"c:\\\\Users\\\\USUARIO\\\\Documents\\\\tpAngularAPI\\\\dataconnect\": could not find dataconnect.yaml in `c:\\Users\\USUARIO\\Documents\\tpAngularAPI\\dataconnect`\n"}}
[debug] [2026-02-11T14:42:41.088Z] E0211 11:42:41.087861    9376 watch.go:40] Failed to load config from "c:\\Users\\USUARIO\\Documents\\tpAngularAPI\\dataconnect": could not find dataconnect.yaml in `c:\Users\USUARIO\Documents\tpAngularAPI\dataconnect`
 {"metadata":{"emulator":{"name":"dataconnect"},"message":"E0211 11:42:41.087861    9376 watch.go:40] Failed to load config from \"c:\\\\Users\\\\USUARIO\\\\Documents\\\\tpAngularAPI\\\\dataconnect\": could not find dataconnect.yaml in `c:\\Users\\USUARIO\\Documents\\tpAngularAPI\\dataconnect`\n"}}
[debug] [2026-02-11T14:42:51.088Z] E0211 11:42:51.088419    9376 watch.go:40] Failed to load config from "c:\\Users\\USUARIO\\Documents\\tpAngularAPI\\dataconnect": could not find dataconnect.yaml in `c:\Users\USUARIO\Documents\tpAngularAPI\dataconnect`
 {"metadata":{"emulator":{"name":"dataconnect"},"message":"E0211 11:42:51.088419    9376 watch.go:40] Failed to load config from \"c:\\\\Users\\\\USUARIO\\\\Documents\\\\tpAngularAPI\\\\dataconnect\": could not find dataconnect.yaml in `c:\\Users\\USUARIO\\Documents\\tpAngularAPI\\dataconnect`\n"}}
[debug] [2026-02-11T14:43:01.086Z] E0211 11:43:01.086573    9376 watch.go:40] Failed to load config from "c:\\Users\\USUARIO\\Documents\\tpAngularAPI\\dataconnect": could not find dataconnect.yaml in `c:\Users\USUARIO\Documents\tpAngularAPI\dataconnect`
 {"metadata":{"emulator":{"name":"dataconnect"},"message":"E0211 11:43:01.086573    9376 watch.go:40] Failed to load config from \"c:\\\\Users\\\\USUARIO\\\\Documents\\\\tpAngularAPI\\\\dataconnect\": could not find dataconnect.yaml in `c:\\Users\\USUARIO\\Documents\\tpAngularAPI\\dataconnect`\n"}}
[debug] [2026-02-11T14:43:11.087Z] E0211 11:43:11.087395    9376 watch.go:40] Failed to load config from "c:\\Users\\USUARIO\\Documents\\tpAngularAPI\\dataconnect": could not find dataconnect.yaml in `c:\Users\USUARIO\Documents\tpAngularAPI\dataconnect`
 {"metadata":{"emulator":{"name":"dataconnect"},"message":"E0211 11:43:11.087395    9376 watch.go:40] Failed to load config from \"c:\\\\Users\\\\USUARIO\\\\Documents\\\\tpAngularAPI\\\\dataconnect\": could not find dataconnect.yaml in `c:\\Users\\USUARIO\\Documents\\tpAngularAPI\\dataconnect`\n"}}
[debug] [2026-02-11T14:43:21.087Z] E0211 11:43:21.086875    9376 watch.go:116] watchAllDir unable to walk dir `c:\Users\USUARIO\Documents\tpAngularAPI\dataconnect`: CreateFile c:\Users\USUARIO\Documents\tpAngularAPI\dataconnect: The system cannot find the file specified.
 {"metadata":{"emulator":{"name":"dataconnect"},"message":"E0211 11:43:21.086875    9376 watch.go:116] watchAllDir unable to walk dir `c:\\Users\\USUARIO\\Documents\\tpAngularAPI\\dataconnect`: CreateFile c:\\Users\\USUARIO\\Documents\\tpAngularAPI\\dataconnect: The system cannot find the file specified.\n"}}
[debug] [2026-02-11T14:43:21.087Z] E0211 11:43:21.086875    9376 watch.go:40] Failed to load config from "c:\\Users\\USUARIO\\Documents\\tpAngularAPI\\dataconnect": could not find dataconnect.yaml in `c:\Users\USUARIO\Documents\tpAngularAPI\dataconnect`
 {"metadata":{"emulator":{"name":"dataconnect"},"message":"E0211 11:43:21.086875    9376 watch.go:40] Failed to load config from \"c:\\\\Users\\\\USUARIO\\\\Documents\\\\tpAngularAPI\\\\dataconnect\": could not find dataconnect.yaml in `c:\\Users\\USUARIO\\Documents\\tpAngularAPI\\dataconnect`\n"}}
[debug] [2026-02-11T14:43:31.087Z] E0211 11:43:31.086840    9376 watch.go:40] Failed to load config from "c:\\Users\\USUARIO\\Documents\\tpAngularAPI\\dataconnect": could not find dataconnect.yaml in `c:\Users\USUARIO\Documents\tpAngularAPI\dataconnect`
 {"metadata":{"emulator":{"name":"dataconnect"},"message":"E0211 11:43:31.086840    9376 watch.go:40] Failed to load config from \"c:\\\\Users\\\\USUARIO\\\\Documents\\\\tpAngularAPI\\\\dataconnect\": could not find dataconnect.yaml in `c:\\Users\\USUARIO\\Documents\\tpAngularAPI\\dataconnect`\n"}}
[debug] [2026-02-11T14:43:41.087Z] E0211 11:43:41.086780    9376 watch.go:40] Failed to load config from "c:\\Users\\USUARIO\\Documents\\tpAngularAPI\\dataconnect": could not find dataconnect.yaml in `c:\Users\USUARIO\Documents\tpAngularAPI\dataconnect`
 {"metadata":{"emulator":{"name":"dataconnect"},"message":"E0211 11:43:41.086780    9376 watch.go:40] Failed to load config from \"c:\\\\Users\\\\USUARIO\\\\Documents\\\\tpAngularAPI\\\\dataconnect\": could not find dataconnect.yaml in `c:\\Users\\USUARIO\\Documents\\tpAngularAPI\\dataconnect`\n"}}
[debug] [2026-02-11T14:43:51.087Z] E0211 11:43:51.087218    9376 watch.go:40] Failed to load config from "c:\\Users\\USUARIO\\Documents\\tpAngularAPI\\dataconnect": could not find dataconnect.yaml in `c:\Users\USUARIO\Documents\tpAngularAPI\dataconnect`
 {"metadata":{"emulator":{"name":"dataconnect"},"message":"E0211 11:43:51.087218    9376 watch.go:40] Failed to load config from \"c:\\\\Users\\\\USUARIO\\\\Documents\\\\tpAngularAPI\\\\dataconnect\": could not find dataconnect.yaml in `c:\\Users\\USUARIO\\Documents\\tpAngularAPI\\dataconnect`\n"}}
[debug] [2026-02-11T14:44:01.087Z] E0211 11:44:01.086679    9376 watch.go:40] Failed to load config from "c:\\Users\\USUARIO\\Documents\\tpAngularAPI\\dataconnect": could not find dataconnect.yaml in `c:\Users\USUARIO\Documents\tpAngularAPI\dataconnect`
 {"metadata":{"emulator":{"name":"dataconnect"},"message":"E0211 11:44:01.086679    9376 watch.go:40] Failed to load config from \"c:\\\\Users\\\\USUARIO\\\\Documents\\\\tpAngularAPI\\\\dataconnect\": could not find dataconnect.yaml in `c:\\Users\\USUARIO\\Documents\\tpAngularAPI\\dataconnect`\n"}}
[debug] [2026-02-11T14:44:11.087Z] E0211 11:44:11.087038    9376 watch.go:40] Failed to load config from "c:\\Users\\USUARIO\\Documents\\tpAngularAPI\\dataconnect": could not find dataconnect.yaml in `c:\Users\USUARIO\Documents\tpAngularAPI\dataconnect`
 {"metadata":{"emulator":{"name":"dataconnect"},"message":"E0211 11:44:11.087038    9376 watch.go:40] Failed to load config from \"c:\\\\Users\\\\USUARIO\\\\Documents\\\\tpAngularAPI\\\\dataconnect\": could not find dataconnect.yaml in `c:\\Users\\USUARIO\\Documents\\tpAngularAPI\\dataconnect`\n"}}
[debug] [2026-02-11T14:44:21.137Z] E0211 11:44:21.136941    9376 watch.go:116] watchAllDir unable to walk dir `c:\Users\USUARIO\Documents\tpAngularAPI\dataconnect`: CreateFile c:\Users\USUARIO\Documents\tpAngularAPI\dataconnect: The system cannot find the file specified.
 {"metadata":{"emulator":{"name":"dataconnect"},"message":"E0211 11:44:21.136941    9376 watch.go:116] watchAllDir unable to walk dir `c:\\Users\\USUARIO\\Documents\\tpAngularAPI\\dataconnect`: CreateFile c:\\Users\\USUARIO\\Documents\\tpAngularAPI\\dataconnect: The system cannot find the file specified.\n"}}
[debug] [2026-02-11T14:44:21.138Z] E0211 11:44:21.137446    9376 watch.go:40] Failed to load config from "c:\\Users\\USUARIO\\Documents\\tpAngularAPI\\dataconnect": could not find dataconnect.yaml in `c:\Users\USUARIO\Documents\tpAngularAPI\dataconnect`
 {"metadata":{"emulator":{"name":"dataconnect"},"message":"E0211 11:44:21.137446    9376 watch.go:40] Failed to load config from \"c:\\\\Users\\\\USUARIO\\\\Documents\\\\tpAngularAPI\\\\dataconnect\": could not find dataconnect.yaml in `c:\\Users\\USUARIO\\Documents\\tpAngularAPI\\dataconnect`\n"}}
[debug] [2026-02-11T14:44:31.087Z] E0211 11:44:31.086621    9376 watch.go:40] Failed to load config from "c:\\Users\\USUARIO\\Documents\\tpAngularAPI\\dataconnect": could not find dataconnect.yaml in `c:\Users\USUARIO\Documents\tpAngularAPI\dataconnect`
 {"metadata":{"emulator":{"name":"dataconnect"},"message":"E0211 11:44:31.086621    9376 watch.go:40] Failed to load config from \"c:\\\\Users\\\\USUARIO\\\\Documents\\\\tpAngularAPI\\\\dataconnect\": could not find dataconnect.yaml in `c:\\Users\\USUARIO\\Documents\\tpAngularAPI\\dataconnect`\n"}}
[debug] [2026-02-11T14:44:41.087Z] E0211 11:44:41.087186    9376 watch.go:40] Failed to load config from "c:\\Users\\USUARIO\\Documents\\tpAngularAPI\\dataconnect": could not find dataconnect.yaml in `c:\Users\USUARIO\Documents\tpAngularAPI\dataconnect`
 {"metadata":{"emulator":{"name":"dataconnect"},"message":"E0211 11:44:41.087186    9376 watch.go:40] Failed to load config from \"c:\\\\Users\\\\USUARIO\\\\Documents\\\\tpAngularAPI\\\\dataconnect\": could not find dataconnect.yaml in `c:\\Users\\USUARIO\\Documents\\tpAngularAPI\\dataconnect`\n"}}
[debug] [2026-02-11T14:44:51.087Z] E0211 11:44:51.086793    9376 watch.go:40] Failed to load config from "c:\\Users\\USUARIO\\Documents\\tpAngularAPI\\dataconnect": could not find dataconnect.yaml in `c:\Users\USUARIO\Documents\tpAngularAPI\dataconnect`
 {"metadata":{"emulator":{"name":"dataconnect"},"message":"E0211 11:44:51.086793    9376 watch.go:40] Failed to load config from \"c:\\\\Users\\\\USUARIO\\\\Documents\\\\tpAngularAPI\\\\dataconnect\": could not find dataconnect.yaml in `c:\\Users\\USUARIO\\Documents\\tpAngularAPI\\dataconnect`\n"}}
[debug] [2026-02-11T14:45:01.088Z] E0211 11:45:01.087802    9376 watch.go:40] Failed to load config from "c:\\Users\\USUARIO\\Documents\\tpAngularAPI\\dataconnect": could not find dataconnect.yaml in `c:\Users\USUARIO\Documents\tpAngularAPI\dataconnect`
 {"metadata":{"emulator":{"name":"dataconnect"},"message":"E0211 11:45:01.087802    9376 watch.go:40] Failed to load config from \"c:\\\\Users\\\\USUARIO\\\\Documents\\\\tpAngularAPI\\\\dataconnect\": could not find dataconnect.yaml in `c:\\Users\\USUARIO\\Documents\\tpAngularAPI\\dataconnect`\n"}}
[debug] [2026-02-11T14:45:11.087Z] E0211 11:45:11.086648    9376 watch.go:40] Failed to load config from "c:\\Users\\USUARIO\\Documents\\tpAngularAPI\\dataconnect": could not find dataconnect.yaml in `c:\Users\USUARIO\Documents\tpAngularAPI\dataconnect`
 {"metadata":{"emulator":{"name":"dataconnect"},"message":"E0211 11:45:11.086648    9376 watch.go:40] Failed to load config from \"c:\\\\Users\\\\USUARIO\\\\Documents\\\\tpAngularAPI\\\\dataconnect\": could not find dataconnect.yaml in `c:\\Users\\USUARIO\\Documents\\tpAngularAPI\\dataconnect`\n"}}
[debug] [2026-02-11T14:45:21.087Z] E0211 11:45:21.086919    9376 watch.go:116] watchAllDir unable to walk dir `c:\Users\USUARIO\Documents\tpAngularAPI\dataconnect`: CreateFile c:\Users\USUARIO\Documents\tpAngularAPI\dataconnect: The system cannot find the file specified.
 {"metadata":{"emulator":{"name":"dataconnect"},"message":"E0211 11:45:21.086919    9376 watch.go:116] watchAllDir unable to walk dir `c:\\Users\\USUARIO\\Documents\\tpAngularAPI\\dataconnect`: CreateFile c:\\Users\\USUARIO\\Documents\\tpAngularAPI\\dataconnect: The system cannot find the file specified.\n"}}
[debug] [2026-02-11T14:45:21.088Z] E0211 11:45:21.087423    9376 watch.go:40] Failed to load config from "c:\\Users\\USUARIO\\Documents\\tpAngularAPI\\dataconnect": could not find dataconnect.yaml in `c:\Users\USUARIO\Documents\tpAngularAPI\dataconnect`
 {"metadata":{"emulator":{"name":"dataconnect"},"message":"E0211 11:45:21.087423    9376 watch.go:40] Failed to load config from \"c:\\\\Users\\\\USUARIO\\\\Documents\\\\tpAngularAPI\\\\dataconnect\": could not find dataconnect.yaml in `c:\\Users\\USUARIO\\Documents\\tpAngularAPI\\dataconnect`\n"}}
[debug] [2026-02-11T14:45:31.087Z] E0211 11:45:31.086810    9376 watch.go:40] Failed to load config from "c:\\Users\\USUARIO\\Documents\\tpAngularAPI\\dataconnect": could not find dataconnect.yaml in `c:\Users\USUARIO\Documents\tpAngularAPI\dataconnect`
 {"metadata":{"emulator":{"name":"dataconnect"},"message":"E0211 11:45:31.086810    9376 watch.go:40] Failed to load config from \"c:\\\\Users\\\\USUARIO\\\\Documents\\\\tpAngularAPI\\\\dataconnect\": could not find dataconnect.yaml in `c:\\Users\\USUARIO\\Documents\\tpAngularAPI\\dataconnect`\n"}}
[debug] [2026-02-11T14:45:41.087Z] E0211 11:45:41.087050    9376 watch.go:40] Failed to load config from "c:\\Users\\USUARIO\\Documents\\tpAngularAPI\\dataconnect": could not find dataconnect.yaml in `c:\Users\USUARIO\Documents\tpAngularAPI\dataconnect`
 {"metadata":{"emulator":{"name":"dataconnect"},"message":"E0211 11:45:41.087050    9376 watch.go:40] Failed to load config from \"c:\\\\Users\\\\USUARIO\\\\Documents\\\\tpAngularAPI\\\\dataconnect\": could not find dataconnect.yaml in `c:\\Users\\USUARIO\\Documents\\tpAngularAPI\\dataconnect`\n"}}
[debug] [2026-02-11T14:45:51.099Z] E0211 11:45:51.099125    9376 watch.go:40] Failed to load config from "c:\\Users\\USUARIO\\Documents\\tpAngularAPI\\dataconnect": could not find dataconnect.yaml in `c:\Users\USUARIO\Documents\tpAngularAPI\dataconnect`
 {"metadata":{"emulator":{"name":"dataconnect"},"message":"E0211 11:45:51.099125    9376 watch.go:40] Failed to load config from \"c:\\\\Users\\\\USUARIO\\\\Documents\\\\tpAngularAPI\\\\dataconnect\": could not find dataconnect.yaml in `c:\\Users\\USUARIO\\Documents\\tpAngularAPI\\dataconnect`\n"}}
[debug] [2026-02-11T14:46:01.087Z] E0211 11:46:01.086999    9376 watch.go:40] Failed to load config from "c:\\Users\\USUARIO\\Documents\\tpAngularAPI\\dataconnect": could not find dataconnect.yaml in `c:\Users\USUARIO\Documents\tpAngularAPI\dataconnect`
 {"metadata":{"emulator":{"name":"dataconnect"},"message":"E0211 11:46:01.086999    9376 watch.go:40] Failed to load config from \"c:\\\\Users\\\\USUARIO\\\\Documents\\\\tpAngularAPI\\\\dataconnect\": could not find dataconnect.yaml in `c:\\Users\\USUARIO\\Documents\\tpAngularAPI\\dataconnect`\n"}}
[debug] [2026-02-11T14:46:11.087Z] E0211 11:46:11.086577    9376 watch.go:40] Failed to load config from "c:\\Users\\USUARIO\\Documents\\tpAngularAPI\\dataconnect": could not find dataconnect.yaml in `c:\Users\USUARIO\Documents\tpAngularAPI\dataconnect`
 {"metadata":{"emulator":{"name":"dataconnect"},"message":"E0211 11:46:11.086577    9376 watch.go:40] Failed to load config from \"c:\\\\Users\\\\USUARIO\\\\Documents\\\\tpAngularAPI\\\\dataconnect\": could not find dataconnect.yaml in `c:\\Users\\USUARIO\\Documents\\tpAngularAPI\\dataconnect`\n"}}
[debug] [2026-02-11T14:46:21.086Z] E0211 11:46:21.086602    9376 watch.go:116] watchAllDir unable to walk dir `c:\Users\USUARIO\Documents\tpAngularAPI\dataconnect`: CreateFile c:\Users\USUARIO\Documents\tpAngularAPI\dataconnect: The system cannot find the file specified.
 {"metadata":{"emulator":{"name":"dataconnect"},"message":"E0211 11:46:21.086602    9376 watch.go:116] watchAllDir unable to walk dir `c:\\Users\\USUARIO\\Documents\\tpAngularAPI\\dataconnect`: CreateFile c:\\Users\\USUARIO\\Documents\\tpAngularAPI\\dataconnect: The system cannot find the file specified.\n"}}
[debug] [2026-02-11T14:46:21.087Z] E0211 11:46:21.086602    9376 watch.go:40] Failed to load config from "c:\\Users\\USUARIO\\Documents\\tpAngularAPI\\dataconnect": could not find dataconnect.yaml in `c:\Users\USUARIO\Documents\tpAngularAPI\dataconnect`
 {"metadata":{"emulator":{"name":"dataconnect"},"message":"E0211 11:46:21.086602    9376 watch.go:40] Failed to load config from \"c:\\\\Users\\\\USUARIO\\\\Documents\\\\tpAngularAPI\\\\dataconnect\": could not find dataconnect.yaml in `c:\\Users\\USUARIO\\Documents\\tpAngularAPI\\dataconnect`\n"}}
[debug] [2026-02-11T14:46:31.087Z] E0211 11:46:31.086828    9376 watch.go:40] Failed to load config from "c:\\Users\\USUARIO\\Documents\\tpAngularAPI\\dataconnect": could not find dataconnect.yaml in `c:\Users\USUARIO\Documents\tpAngularAPI\dataconnect`
 {"metadata":{"emulator":{"name":"dataconnect"},"message":"E0211 11:46:31.086828    9376 watch.go:40] Failed to load config from \"c:\\\\Users\\\\USUARIO\\\\Documents\\\\tpAngularAPI\\\\dataconnect\": could not find dataconnect.yaml in `c:\\Users\\USUARIO\\Documents\\tpAngularAPI\\dataconnect`\n"}}
[debug] [2026-02-11T14:46:41.087Z] E0211 11:46:41.087032    9376 watch.go:40] Failed to load config from "c:\\Users\\USUARIO\\Documents\\tpAngularAPI\\dataconnect": could not find dataconnect.yaml in `c:\Users\USUARIO\Documents\tpAngularAPI\dataconnect`
 {"metadata":{"emulator":{"name":"dataconnect"},"message":"E0211 11:46:41.087032    9376 watch.go:40] Failed to load config from \"c:\\\\Users\\\\USUARIO\\\\Documents\\\\tpAngularAPI\\\\dataconnect\": could not find dataconnect.yaml in `c:\\Users\\USUARIO\\Documents\\tpAngularAPI\\dataconnect`\n"}}
[debug] [2026-02-11T14:46:51.087Z] E0211 11:46:51.086729    9376 watch.go:40] Failed to load config from "c:\\Users\\USUARIO\\Documents\\tpAngularAPI\\dataconnect": could not find dataconnect.yaml in `c:\Users\USUARIO\Documents\tpAngularAPI\dataconnect`
 {"metadata":{"emulator":{"name":"dataconnect"},"message":"E0211 11:46:51.086729    9376 watch.go:40] Failed to load config from \"c:\\\\Users\\\\USUARIO\\\\Documents\\\\tpAngularAPI\\\\dataconnect\": could not find dataconnect.yaml in `c:\\Users\\USUARIO\\Documents\\tpAngularAPI\\dataconnect`\n"}}
[debug] [2026-02-11T14:47:01.086Z] E0211 11:47:01.086638    9376 watch.go:40] Failed to load config from "c:\\Users\\USUARIO\\Documents\\tpAngularAPI\\dataconnect": could not find dataconnect.yaml in `c:\Users\USUARIO\Documents\tpAngularAPI\dataconnect`
 {"metadata":{"emulator":{"name":"dataconnect"},"message":"E0211 11:47:01.086638    9376 watch.go:40] Failed to load config from \"c:\\\\Users\\\\USUARIO\\\\Documents\\\\tpAngularAPI\\\\dataconnect\": could not find dataconnect.yaml in `c:\\Users\\USUARIO\\Documents\\tpAngularAPI\\dataconnect`\n"}}
[debug] [2026-02-11T14:47:11.087Z] E0211 11:47:11.087674    9376 watch.go:40] Failed to load config from "c:\\Users\\USUARIO\\Documents\\tpAngularAPI\\dataconnect": could not find dataconnect.yaml in `c:\Users\USUARIO\Documents\tpAngularAPI\dataconnect`
 {"metadata":{"emulator":{"name":"dataconnect"},"message":"E0211 11:47:11.087674    9376 watch.go:40] Failed to load config from \"c:\\\\Users\\\\USUARIO\\\\Documents\\\\tpAngularAPI\\\\dataconnect\": could not find dataconnect.yaml in `c:\\Users\\USUARIO\\Documents\\tpAngularAPI\\dataconnect`\n"}}
[debug] [2026-02-11T14:47:21.087Z] E0211 11:47:21.086948    9376 watch.go:116] watchAllDir unable to walk dir `c:\Users\USUARIO\Documents\tpAngularAPI\dataconnect`: CreateFile c:\Users\USUARIO\Documents\tpAngularAPI\dataconnect: The system cannot find the file specified.
 {"metadata":{"emulator":{"name":"dataconnect"},"message":"E0211 11:47:21.086948    9376 watch.go:116] watchAllDir unable to walk dir `c:\\Users\\USUARIO\\Documents\\tpAngularAPI\\dataconnect`: CreateFile c:\\Users\\USUARIO\\Documents\\tpAngularAPI\\dataconnect: The system cannot find the file specified.\n"}}
[debug] [2026-02-11T14:47:21.089Z] E0211 11:47:21.089454    9376 watch.go:40] Failed to load config from "c:\\Users\\USUARIO\\Documents\\tpAngularAPI\\dataconnect": could not find dataconnect.yaml in `c:\Users\USUARIO\Documents\tpAngularAPI\dataconnect`
 {"metadata":{"emulator":{"name":"dataconnect"},"message":"E0211 11:47:21.089454    9376 watch.go:40] Failed to load config from \"c:\\\\Users\\\\USUARIO\\\\Documents\\\\tpAngularAPI\\\\dataconnect\": could not find dataconnect.yaml in `c:\\Users\\USUARIO\\Documents\\tpAngularAPI\\dataconnect`\n"}}
[debug] [2026-02-11T14:47:31.087Z] E0211 11:47:31.086828    9376 watch.go:40] Failed to load config from "c:\\Users\\USUARIO\\Documents\\tpAngularAPI\\dataconnect": could not find dataconnect.yaml in `c:\Users\USUARIO\Documents\tpAngularAPI\dataconnect`
 {"metadata":{"emulator":{"name":"dataconnect"},"message":"E0211 11:47:31.086828    9376 watch.go:40] Failed to load config from \"c:\\\\Users\\\\USUARIO\\\\Documents\\\\tpAngularAPI\\\\dataconnect\": could not find dataconnect.yaml in `c:\\Users\\USUARIO\\Documents\\tpAngularAPI\\dataconnect`\n"}}
[debug] [2026-02-11T14:47:41.087Z] E0211 11:47:41.087456    9376 watch.go:40] Failed to load config from "c:\\Users\\USUARIO\\Documents\\tpAngularAPI\\dataconnect": could not find dataconnect.yaml in `c:\Users\USUARIO\Documents\tpAngularAPI\dataconnect`
 {"metadata":{"emulator":{"name":"dataconnect"},"message":"E0211 11:47:41.087456    9376 watch.go:40] Failed to load config from \"c:\\\\Users\\\\USUARIO\\\\Documents\\\\tpAngularAPI\\\\dataconnect\": could not find dataconnect.yaml in `c:\\Users\\USUARIO\\Documents\\tpAngularAPI\\dataconnect`\n"}}
[debug] [2026-02-11T14:47:51.087Z] E0211 11:47:51.087276    9376 watch.go:40] Failed to load config from "c:\\Users\\USUARIO\\Documents\\tpAngularAPI\\dataconnect": could not find dataconnect.yaml in `c:\Users\USUARIO\Documents\tpAngularAPI\dataconnect`
 {"metadata":{"emulator":{"name":"dataconnect"},"message":"E0211 11:47:51.087276    9376 watch.go:40] Failed to load config from \"c:\\\\Users\\\\USUARIO\\\\Documents\\\\tpAngularAPI\\\\dataconnect\": could not find dataconnect.yaml in `c:\\Users\\USUARIO\\Documents\\tpAngularAPI\\dataconnect`\n"}}
[debug] [2026-02-11T14:48:01.087Z] E0211 11:48:01.087012    9376 watch.go:40] Failed to load config from "c:\\Users\\USUARIO\\Documents\\tpAngularAPI\\dataconnect": could not find dataconnect.yaml in `c:\Users\USUARIO\Documents\tpAngularAPI\dataconnect`
 {"metadata":{"emulator":{"name":"dataconnect"},"message":"E0211 11:48:01.087012    9376 watch.go:40] Failed to load config from \"c:\\\\Users\\\\USUARIO\\\\Documents\\\\tpAngularAPI\\\\dataconnect\": could not find dataconnect.yaml in `c:\\Users\\USUARIO\\Documents\\tpAngularAPI\\dataconnect`\n"}}
[debug] [2026-02-11T14:48:11.086Z] E0211 11:48:11.086590    9376 watch.go:40] Failed to load config from "c:\\Users\\USUARIO\\Documents\\tpAngularAPI\\dataconnect": could not find dataconnect.yaml in `c:\Users\USUARIO\Documents\tpAngularAPI\dataconnect`
 {"metadata":{"emulator":{"name":"dataconnect"},"message":"E0211 11:48:11.086590    9376 watch.go:40] Failed to load config from \"c:\\\\Users\\\\USUARIO\\\\Documents\\\\tpAngularAPI\\\\dataconnect\": could not find dataconnect.yaml in `c:\\Users\\USUARIO\\Documents\\tpAngularAPI\\dataconnect`\n"}}
[debug] [2026-02-11T14:48:21.087Z] E0211 11:48:21.086810    9376 watch.go:116] watchAllDir unable to walk dir `c:\Users\USUARIO\Documents\tpAngularAPI\dataconnect`: CreateFile c:\Users\USUARIO\Documents\tpAngularAPI\dataconnect: The system cannot find the file specified.
 {"metadata":{"emulator":{"name":"dataconnect"},"message":"E0211 11:48:21.086810    9376 watch.go:116] watchAllDir unable to walk dir `c:\\Users\\USUARIO\\Documents\\tpAngularAPI\\dataconnect`: CreateFile c:\\Users\\USUARIO\\Documents\\tpAngularAPI\\dataconnect: The system cannot find the file specified.\n"}}
[debug] [2026-02-11T14:48:21.088Z] E0211 11:48:21.086810    9376 watch.go:40] Failed to load config from "c:\\Users\\USUARIO\\Documents\\tpAngularAPI\\dataconnect": could not find dataconnect.yaml in `c:\Users\USUARIO\Documents\tpAngularAPI\dataconnect`
 {"metadata":{"emulator":{"name":"dataconnect"},"message":"E0211 11:48:21.086810    9376 watch.go:40] Failed to load config from \"c:\\\\Users\\\\USUARIO\\\\Documents\\\\tpAngularAPI\\\\dataconnect\": could not find dataconnect.yaml in `c:\\Users\\USUARIO\\Documents\\tpAngularAPI\\dataconnect`\n"}}
[debug] [2026-02-11T14:48:31.087Z] E0211 11:48:31.086726    9376 watch.go:40] Failed to load config from "c:\\Users\\USUARIO\\Documents\\tpAngularAPI\\dataconnect": could not find dataconnect.yaml in `c:\Users\USUARIO\Documents\tpAngularAPI\dataconnect`
 {"metadata":{"emulator":{"name":"dataconnect"},"message":"E0211 11:48:31.086726    9376 watch.go:40] Failed to load config from \"c:\\\\Users\\\\USUARIO\\\\Documents\\\\tpAngularAPI\\\\dataconnect\": could not find dataconnect.yaml in `c:\\Users\\USUARIO\\Documents\\tpAngularAPI\\dataconnect`\n"}}
[debug] [2026-02-11T14:48:41.087Z] E0211 11:48:41.086841    9376 watch.go:40] Failed to load config from "c:\\Users\\USUARIO\\Documents\\tpAngularAPI\\dataconnect": could not find dataconnect.yaml in `c:\Users\USUARIO\Documents\tpAngularAPI\dataconnect`
 {"metadata":{"emulator":{"name":"dataconnect"},"message":"E0211 11:48:41.086841    9376 watch.go:40] Failed to load config from \"c:\\\\Users\\\\USUARIO\\\\Documents\\\\tpAngularAPI\\\\dataconnect\": could not find dataconnect.yaml in `c:\\Users\\USUARIO\\Documents\\tpAngularAPI\\dataconnect`\n"}}
[debug] [2026-02-11T14:48:51.087Z] E0211 11:48:51.086863    9376 watch.go:40] Failed to load config from "c:\\Users\\USUARIO\\Documents\\tpAngularAPI\\dataconnect": could not find dataconnect.yaml in `c:\Users\USUARIO\Documents\tpAngularAPI\dataconnect`
 {"metadata":{"emulator":{"name":"dataconnect"},"message":"E0211 11:48:51.086863    9376 watch.go:40] Failed to load config from \"c:\\\\Users\\\\USUARIO\\\\Documents\\\\tpAngularAPI\\\\dataconnect\": could not find dataconnect.yaml in `c:\\Users\\USUARIO\\Documents\\tpAngularAPI\\dataconnect`\n"}}
[debug] [2026-02-11T14:49:01.087Z] E0211 11:49:01.086615    9376 watch.go:40] Failed to load config from "c:\\Users\\USUARIO\\Documents\\tpAngularAPI\\dataconnect": could not find dataconnect.yaml in `c:\Users\USUARIO\Documents\tpAngularAPI\dataconnect`
 {"metadata":{"emulator":{"name":"dataconnect"},"message":"E0211 11:49:01.086615    9376 watch.go:40] Failed to load config from \"c:\\\\Users\\\\USUARIO\\\\Documents\\\\tpAngularAPI\\\\dataconnect\": could not find dataconnect.yaml in `c:\\Users\\USUARIO\\Documents\\tpAngularAPI\\dataconnect`\n"}}
[debug] [2026-02-11T14:49:11.087Z] E0211 11:49:11.086808    9376 watch.go:40] Failed to load config from "c:\\Users\\USUARIO\\Documents\\tpAngularAPI\\dataconnect": could not find dataconnect.yaml in `c:\Users\USUARIO\Documents\tpAngularAPI\dataconnect`
 {"metadata":{"emulator":{"name":"dataconnect"},"message":"E0211 11:49:11.086808    9376 watch.go:40] Failed to load config from \"c:\\\\Users\\\\USUARIO\\\\Documents\\\\tpAngularAPI\\\\dataconnect\": could not find dataconnect.yaml in `c:\\Users\\USUARIO\\Documents\\tpAngularAPI\\dataconnect`\n"}}
[debug] [2026-02-11T14:49:21.092Z] E0211 11:49:21.092903    9376 watch.go:116] watchAllDir unable to walk dir `c:\Users\USUARIO\Documents\tpAngularAPI\dataconnect`: CreateFile c:\Users\USUARIO\Documents\tpAngularAPI\dataconnect: The system cannot find the file specified.
 {"metadata":{"emulator":{"name":"dataconnect"},"message":"E0211 11:49:21.092903    9376 watch.go:116] watchAllDir unable to walk dir `c:\\Users\\USUARIO\\Documents\\tpAngularAPI\\dataconnect`: CreateFile c:\\Users\\USUARIO\\Documents\\tpAngularAPI\\dataconnect: The system cannot find the file specified.\n"}}
[debug] [2026-02-11T14:49:21.094Z] E0211 11:49:21.093408    9376 watch.go:40] Failed to load config from "c:\\Users\\USUARIO\\Documents\\tpAngularAPI\\dataconnect": could not find dataconnect.yaml in `c:\Users\USUARIO\Documents\tpAngularAPI\dataconnect`
 {"metadata":{"emulator":{"name":"dataconnect"},"message":"E0211 11:49:21.093408    9376 watch.go:40] Failed to load config from \"c:\\\\Users\\\\USUARIO\\\\Documents\\\\tpAngularAPI\\\\dataconnect\": could not find dataconnect.yaml in `c:\\Users\\USUARIO\\Documents\\tpAngularAPI\\dataconnect`\n"}}
[debug] [2026-02-11T14:49:31.087Z] E0211 11:49:31.087729    9376 watch.go:40] Failed to load config from "c:\\Users\\USUARIO\\Documents\\tpAngularAPI\\dataconnect": could not find dataconnect.yaml in `c:\Users\USUARIO\Documents\tpAngularAPI\dataconnect`
 {"metadata":{"emulator":{"name":"dataconnect"},"message":"E0211 11:49:31.087729    9376 watch.go:40] Failed to load config from \"c:\\\\Users\\\\USUARIO\\\\Documents\\\\tpAngularAPI\\\\dataconnect\": could not find dataconnect.yaml in `c:\\Users\\USUARIO\\Documents\\tpAngularAPI\\dataconnect`\n"}}
[debug] [2026-02-11T14:49:41.087Z] E0211 11:49:41.087496    9376 watch.go:40] Failed to load config from "c:\\Users\\USUARIO\\Documents\\tpAngularAPI\\dataconnect": could not find dataconnect.yaml in `c:\Users\USUARIO\Documents\tpAngularAPI\dataconnect`
 {"metadata":{"emulator":{"name":"dataconnect"},"message":"E0211 11:49:41.087496    9376 watch.go:40] Failed to load config from \"c:\\\\Users\\\\USUARIO\\\\Documents\\\\tpAngularAPI\\\\dataconnect\": could not find dataconnect.yaml in `c:\\Users\\USUARIO\\Documents\\tpAngularAPI\\dataconnect`\n"}}
[debug] [2026-02-11T14:49:51.086Z] E0211 11:49:51.087076    9376 watch.go:40] Failed to load config from "c:\\Users\\USUARIO\\Documents\\tpAngularAPI\\dataconnect": could not find dataconnect.yaml in `c:\Users\USUARIO\Documents\tpAngularAPI\dataconnect`
 {"metadata":{"emulator":{"name":"dataconnect"},"message":"E0211 11:49:51.087076    9376 watch.go:40] Failed to load config from \"c:\\\\Users\\\\USUARIO\\\\Documents\\\\tpAngularAPI\\\\dataconnect\": could not find dataconnect.yaml in `c:\\Users\\USUARIO\\Documents\\tpAngularAPI\\dataconnect`\n"}}
[debug] [2026-02-11T14:50:01.087Z] E0211 11:50:01.087238    9376 watch.go:40] Failed to load config from "c:\\Users\\USUARIO\\Documents\\tpAngularAPI\\dataconnect": could not find dataconnect.yaml in `c:\Users\USUARIO\Documents\tpAngularAPI\dataconnect`
 {"metadata":{"emulator":{"name":"dataconnect"},"message":"E0211 11:50:01.087238    9376 watch.go:40] Failed to load config from \"c:\\\\Users\\\\USUARIO\\\\Documents\\\\tpAngularAPI\\\\dataconnect\": could not find dataconnect.yaml in `c:\\Users\\USUARIO\\Documents\\tpAngularAPI\\dataconnect`\n"}}
[debug] [2026-02-11T14:50:11.086Z] E0211 11:50:11.086797    9376 watch.go:40] Failed to load config from "c:\\Users\\USUARIO\\Documents\\tpAngularAPI\\dataconnect": could not find dataconnect.yaml in `c:\Users\USUARIO\Documents\tpAngularAPI\dataconnect`
 {"metadata":{"emulator":{"name":"dataconnect"},"message":"E0211 11:50:11.086797    9376 watch.go:40] Failed to load config from \"c:\\\\Users\\\\USUARIO\\\\Documents\\\\tpAngularAPI\\\\dataconnect\": could not find dataconnect.yaml in `c:\\Users\\USUARIO\\Documents\\tpAngularAPI\\dataconnect`\n"}}
[debug] [2026-02-11T14:50:21.086Z] E0211 11:50:21.086812    9376 watch.go:116] watchAllDir unable to walk dir `c:\Users\USUARIO\Documents\tpAngularAPI\dataconnect`: CreateFile c:\Users\USUARIO\Documents\tpAngularAPI\dataconnect: The system cannot find the file specified.
 {"metadata":{"emulator":{"name":"dataconnect"},"message":"E0211 11:50:21.086812    9376 watch.go:116] watchAllDir unable to walk dir `c:\\Users\\USUARIO\\Documents\\tpAngularAPI\\dataconnect`: CreateFile c:\\Users\\USUARIO\\Documents\\tpAngularAPI\\dataconnect: The system cannot find the file specified.\n"}}
[debug] [2026-02-11T14:50:21.087Z] E0211 11:50:21.086812    9376 watch.go:40] Failed to load config from "c:\\Users\\USUARIO\\Documents\\tpAngularAPI\\dataconnect": could not find dataconnect.yaml in `c:\Users\USUARIO\Documents\tpAngularAPI\dataconnect`
 {"metadata":{"emulator":{"name":"dataconnect"},"message":"E0211 11:50:21.086812    9376 watch.go:40] Failed to load config from \"c:\\\\Users\\\\USUARIO\\\\Documents\\\\tpAngularAPI\\\\dataconnect\": could not find dataconnect.yaml in `c:\\Users\\USUARIO\\Documents\\tpAngularAPI\\dataconnect`\n"}}
[debug] [2026-02-11T14:50:31.087Z] E0211 11:50:31.086922    9376 watch.go:40] Failed to load config from "c:\\Users\\USUARIO\\Documents\\tpAngularAPI\\dataconnect": could not find dataconnect.yaml in `c:\Users\USUARIO\Documents\tpAngularAPI\dataconnect`
 {"metadata":{"emulator":{"name":"dataconnect"},"message":"E0211 11:50:31.086922    9376 watch.go:40] Failed to load config from \"c:\\\\Users\\\\USUARIO\\\\Documents\\\\tpAngularAPI\\\\dataconnect\": could not find dataconnect.yaml in `c:\\Users\\USUARIO\\Documents\\tpAngularAPI\\dataconnect`\n"}}
[debug] [2026-02-11T14:50:41.087Z] E0211 11:50:41.087120    9376 watch.go:40] Failed to load config from "c:\\Users\\USUARIO\\Documents\\tpAngularAPI\\dataconnect": could not find dataconnect.yaml in `c:\Users\USUARIO\Documents\tpAngularAPI\dataconnect`
 {"metadata":{"emulator":{"name":"dataconnect"},"message":"E0211 11:50:41.087120    9376 watch.go:40] Failed to load config from \"c:\\\\Users\\\\USUARIO\\\\Documents\\\\tpAngularAPI\\\\dataconnect\": could not find dataconnect.yaml in `c:\\Users\\USUARIO\\Documents\\tpAngularAPI\\dataconnect`\n"}}
[debug] [2026-02-11T14:50:51.086Z] E0211 11:50:51.086889    9376 watch.go:40] Failed to load config from "c:\\Users\\USUARIO\\Documents\\tpAngularAPI\\dataconnect": could not find dataconnect.yaml in `c:\Users\USUARIO\Documents\tpAngularAPI\dataconnect`
 {"metadata":{"emulator":{"name":"dataconnect"},"message":"E0211 11:50:51.086889    9376 watch.go:40] Failed to load config from \"c:\\\\Users\\\\USUARIO\\\\Documents\\\\tpAngularAPI\\\\dataconnect\": could not find dataconnect.yaml in `c:\\Users\\USUARIO\\Documents\\tpAngularAPI\\dataconnect`\n"}}
[debug] [2026-02-11T14:51:01.086Z] E0211 11:51:01.087271    9376 watch.go:40] Failed to load config from "c:\\Users\\USUARIO\\Documents\\tpAngularAPI\\dataconnect": could not find dataconnect.yaml in `c:\Users\USUARIO\Documents\tpAngularAPI\dataconnect`
 {"metadata":{"emulator":{"name":"dataconnect"},"message":"E0211 11:51:01.087271    9376 watch.go:40] Failed to load config from \"c:\\\\Users\\\\USUARIO\\\\Documents\\\\tpAngularAPI\\\\dataconnect\": could not find dataconnect.yaml in `c:\\Users\\USUARIO\\Documents\\tpAngularAPI\\dataconnect`\n"}}
[debug] [2026-02-11T14:51:11.087Z] E0211 11:51:11.087052    9376 watch.go:40] Failed to load config from "c:\\Users\\USUARIO\\Documents\\tpAngularAPI\\dataconnect": could not find dataconnect.yaml in `c:\Users\USUARIO\Documents\tpAngularAPI\dataconnect`
 {"metadata":{"emulator":{"name":"dataconnect"},"message":"E0211 11:51:11.087052    9376 watch.go:40] Failed to load config from \"c:\\\\Users\\\\USUARIO\\\\Documents\\\\tpAngularAPI\\\\dataconnect\": could not find dataconnect.yaml in `c:\\Users\\USUARIO\\Documents\\tpAngularAPI\\dataconnect`\n"}}
[debug] [2026-02-11T14:51:21.086Z] E0211 11:51:21.086948    9376 watch.go:116] watchAllDir unable to walk dir `c:\Users\USUARIO\Documents\tpAngularAPI\dataconnect`: CreateFile c:\Users\USUARIO\Documents\tpAngularAPI\dataconnect: The system cannot find the file specified.
 {"metadata":{"emulator":{"name":"dataconnect"},"message":"E0211 11:51:21.086948    9376 watch.go:116] watchAllDir unable to walk dir `c:\\Users\\USUARIO\\Documents\\tpAngularAPI\\dataconnect`: CreateFile c:\\Users\\USUARIO\\Documents\\tpAngularAPI\\dataconnect: The system cannot find the file specified.\n"}}
[debug] [2026-02-11T14:51:21.088Z] E0211 11:51:21.086948    9376 watch.go:40] Failed to load config from "c:\\Users\\USUARIO\\Documents\\tpAngularAPI\\dataconnect": could not find dataconnect.yaml in `c:\Users\USUARIO\Documents\tpAngularAPI\dataconnect`
 {"metadata":{"emulator":{"name":"dataconnect"},"message":"E0211 11:51:21.086948    9376 watch.go:40] Failed to load config from \"c:\\\\Users\\\\USUARIO\\\\Documents\\\\tpAngularAPI\\\\dataconnect\": could not find dataconnect.yaml in `c:\\Users\\USUARIO\\Documents\\tpAngularAPI\\dataconnect`\n"}}
[debug] [2026-02-11T14:51:31.087Z] E0211 11:51:31.086846    9376 watch.go:40] Failed to load config from "c:\\Users\\USUARIO\\Documents\\tpAngularAPI\\dataconnect": could not find dataconnect.yaml in `c:\Users\USUARIO\Documents\tpAngularAPI\dataconnect`
 {"metadata":{"emulator":{"name":"dataconnect"},"message":"E0211 11:51:31.086846    9376 watch.go:40] Failed to load config from \"c:\\\\Users\\\\USUARIO\\\\Documents\\\\tpAngularAPI\\\\dataconnect\": could not find dataconnect.yaml in `c:\\Users\\USUARIO\\Documents\\tpAngularAPI\\dataconnect`\n"}}
[debug] [2026-02-11T14:51:41.086Z] E0211 11:51:41.086653    9376 watch.go:40] Failed to load config from "c:\\Users\\USUARIO\\Documents\\tpAngularAPI\\dataconnect": could not find dataconnect.yaml in `c:\Users\USUARIO\Documents\tpAngularAPI\dataconnect`
 {"metadata":{"emulator":{"name":"dataconnect"},"message":"E0211 11:51:41.086653    9376 watch.go:40] Failed to load config from \"c:\\\\Users\\\\USUARIO\\\\Documents\\\\tpAngularAPI\\\\dataconnect\": could not find dataconnect.yaml in `c:\\Users\\USUARIO\\Documents\\tpAngularAPI\\dataconnect`\n"}}
[debug] [2026-02-11T14:51:51.088Z] E0211 11:51:51.088367    9376 watch.go:40] Failed to load config from "c:\\Users\\USUARIO\\Documents\\tpAngularAPI\\dataconnect": could not find dataconnect.yaml in `c:\Users\USUARIO\Documents\tpAngularAPI\dataconnect`
 {"metadata":{"emulator":{"name":"dataconnect"},"message":"E0211 11:51:51.088367    9376 watch.go:40] Failed to load config from \"c:\\\\Users\\\\USUARIO\\\\Documents\\\\tpAngularAPI\\\\dataconnect\": could not find dataconnect.yaml in `c:\\Users\\USUARIO\\Documents\\tpAngularAPI\\dataconnect`\n"}}
[debug] [2026-02-11T14:52:01.087Z] E0211 11:52:01.087021    9376 watch.go:40] Failed to load config from "c:\\Users\\USUARIO\\Documents\\tpAngularAPI\\dataconnect": could not find dataconnect.yaml in `c:\Users\USUARIO\Documents\tpAngularAPI\dataconnect`
 {"metadata":{"emulator":{"name":"dataconnect"},"message":"E0211 11:52:01.087021    9376 watch.go:40] Failed to load config from \"c:\\\\Users\\\\USUARIO\\\\Documents\\\\tpAngularAPI\\\\dataconnect\": could not find dataconnect.yaml in `c:\\Users\\USUARIO\\Documents\\tpAngularAPI\\dataconnect`\n"}}
[debug] [2026-02-11T14:52:11.087Z] E0211 11:52:11.086913    9376 watch.go:40] Failed to load config from "c:\\Users\\USUARIO\\Documents\\tpAngularAPI\\dataconnect": could not find dataconnect.yaml in `c:\Users\USUARIO\Documents\tpAngularAPI\dataconnect`
 {"metadata":{"emulator":{"name":"dataconnect"},"message":"E0211 11:52:11.086913    9376 watch.go:40] Failed to load config from \"c:\\\\Users\\\\USUARIO\\\\Documents\\\\tpAngularAPI\\\\dataconnect\": could not find dataconnect.yaml in `c:\\Users\\USUARIO\\Documents\\tpAngularAPI\\dataconnect`\n"}}
[debug] [2026-02-11T14:52:21.086Z] E0211 11:52:21.086570    9376 watch.go:116] watchAllDir unable to walk dir `c:\Users\USUARIO\Documents\tpAngularAPI\dataconnect`: CreateFile c:\Users\USUARIO\Documents\tpAngularAPI\dataconnect: The system cannot find the file specified.
 {"metadata":{"emulator":{"name":"dataconnect"},"message":"E0211 11:52:21.086570    9376 watch.go:116] watchAllDir unable to walk dir `c:\\Users\\USUARIO\\Documents\\tpAngularAPI\\dataconnect`: CreateFile c:\\Users\\USUARIO\\Documents\\tpAngularAPI\\dataconnect: The system cannot find the file specified.\n"}}
[debug] [2026-02-11T14:52:21.087Z] E0211 11:52:21.086570    9376 watch.go:40] Failed to load config from "c:\\Users\\USUARIO\\Documents\\tpAngularAPI\\dataconnect": could not find dataconnect.yaml in `c:\Users\USUARIO\Documents\tpAngularAPI\dataconnect`
 {"metadata":{"emulator":{"name":"dataconnect"},"message":"E0211 11:52:21.086570    9376 watch.go:40] Failed to load config from \"c:\\\\Users\\\\USUARIO\\\\Documents\\\\tpAngularAPI\\\\dataconnect\": could not find dataconnect.yaml in `c:\\Users\\USUARIO\\Documents\\tpAngularAPI\\dataconnect`\n"}}
[debug] [2026-02-11T14:52:31.087Z] E0211 11:52:31.087140    9376 watch.go:40] Failed to load config from "c:\\Users\\USUARIO\\Documents\\tpAngularAPI\\dataconnect": could not find dataconnect.yaml in `c:\Users\USUARIO\Documents\tpAngularAPI\dataconnect`
 {"metadata":{"emulator":{"name":"dataconnect"},"message":"E0211 11:52:31.087140    9376 watch.go:40] Failed to load config from \"c:\\\\Users\\\\USUARIO\\\\Documents\\\\tpAngularAPI\\\\dataconnect\": could not find dataconnect.yaml in `c:\\Users\\USUARIO\\Documents\\tpAngularAPI\\dataconnect`\n"}}
[debug] [2026-02-11T14:52:41.086Z] E0211 11:52:41.086584    9376 watch.go:40] Failed to load config from "c:\\Users\\USUARIO\\Documents\\tpAngularAPI\\dataconnect": could not find dataconnect.yaml in `c:\Users\USUARIO\Documents\tpAngularAPI\dataconnect`
 {"metadata":{"emulator":{"name":"dataconnect"},"message":"E0211 11:52:41.086584    9376 watch.go:40] Failed to load config from \"c:\\\\Users\\\\USUARIO\\\\Documents\\\\tpAngularAPI\\\\dataconnect\": could not find dataconnect.yaml in `c:\\Users\\USUARIO\\Documents\\tpAngularAPI\\dataconnect`\n"}}
[debug] [2026-02-11T14:52:51.087Z] E0211 11:52:51.087022    9376 watch.go:40] Failed to load config from "c:\\Users\\USUARIO\\Documents\\tpAngularAPI\\dataconnect": could not find dataconnect.yaml in `c:\Users\USUARIO\Documents\tpAngularAPI\dataconnect`
 {"metadata":{"emulator":{"name":"dataconnect"},"message":"E0211 11:52:51.087022    9376 watch.go:40] Failed to load config from \"c:\\\\Users\\\\USUARIO\\\\Documents\\\\tpAngularAPI\\\\dataconnect\": could not find dataconnect.yaml in `c:\\Users\\USUARIO\\Documents\\tpAngularAPI\\dataconnect`\n"}}
[debug] [2026-02-11T14:53:01.086Z] E0211 11:53:01.086876    9376 watch.go:40] Failed to load config from "c:\\Users\\USUARIO\\Documents\\tpAngularAPI\\dataconnect": could not find dataconnect.yaml in `c:\Users\USUARIO\Documents\tpAngularAPI\dataconnect`
 {"metadata":{"emulator":{"name":"dataconnect"},"message":"E0211 11:53:01.086876    9376 watch.go:40] Failed to load config from \"c:\\\\Users\\\\USUARIO\\\\Documents\\\\tpAngularAPI\\\\dataconnect\": could not find dataconnect.yaml in `c:\\Users\\USUARIO\\Documents\\tpAngularAPI\\dataconnect`\n"}}
[debug] [2026-02-11T14:53:11.086Z] E0211 11:53:11.087020    9376 watch.go:40] Failed to load config from "c:\\Users\\USUARIO\\Documents\\tpAngularAPI\\dataconnect": could not find dataconnect.yaml in `c:\Users\USUARIO\Documents\tpAngularAPI\dataconnect`
 {"metadata":{"emulator":{"name":"dataconnect"},"message":"E0211 11:53:11.087020    9376 watch.go:40] Failed to load config from \"c:\\\\Users\\\\USUARIO\\\\Documents\\\\tpAngularAPI\\\\dataconnect\": could not find dataconnect.yaml in `c:\\Users\\USUARIO\\Documents\\tpAngularAPI\\dataconnect`\n"}}
[debug] [2026-02-11T14:53:21.088Z] E0211 11:53:21.088088    9376 watch.go:116] watchAllDir unable to walk dir `c:\Users\USUARIO\Documents\tpAngularAPI\dataconnect`: CreateFile c:\Users\USUARIO\Documents\tpAngularAPI\dataconnect: The system cannot find the file specified.
 {"metadata":{"emulator":{"name":"dataconnect"},"message":"E0211 11:53:21.088088    9376 watch.go:116] watchAllDir unable to walk dir `c:\\Users\\USUARIO\\Documents\\tpAngularAPI\\dataconnect`: CreateFile c:\\Users\\USUARIO\\Documents\\tpAngularAPI\\dataconnect: The system cannot find the file specified.\n"}}
[debug] [2026-02-11T14:53:21.090Z] E0211 11:53:21.088088    9376 watch.go:40] Failed to load config from "c:\\Users\\USUARIO\\Documents\\tpAngularAPI\\dataconnect": could not find dataconnect.yaml in `c:\Users\USUARIO\Documents\tpAngularAPI\dataconnect`
 {"metadata":{"emulator":{"name":"dataconnect"},"message":"E0211 11:53:21.088088    9376 watch.go:40] Failed to load config from \"c:\\\\Users\\\\USUARIO\\\\Documents\\\\tpAngularAPI\\\\dataconnect\": could not find dataconnect.yaml in `c:\\Users\\USUARIO\\Documents\\tpAngularAPI\\dataconnect`\n"}}
[debug] [2026-02-11T14:53:31.086Z] E0211 11:53:31.086676    9376 watch.go:40] Failed to load config from "c:\\Users\\USUARIO\\Documents\\tpAngularAPI\\dataconnect": could not find dataconnect.yaml in `c:\Users\USUARIO\Documents\tpAngularAPI\dataconnect`
 {"metadata":{"emulator":{"name":"dataconnect"},"message":"E0211 11:53:31.086676    9376 watch.go:40] Failed to load config from \"c:\\\\Users\\\\USUARIO\\\\Documents\\\\tpAngularAPI\\\\dataconnect\": could not find dataconnect.yaml in `c:\\Users\\USUARIO\\Documents\\tpAngularAPI\\dataconnect`\n"}}
[debug] [2026-02-11T14:53:41.086Z] E0211 11:53:41.086629    9376 watch.go:40] Failed to load config from "c:\\Users\\USUARIO\\Documents\\tpAngularAPI\\dataconnect": could not find dataconnect.yaml in `c:\Users\USUARIO\Documents\tpAngularAPI\dataconnect`
 {"metadata":{"emulator":{"name":"dataconnect"},"message":"E0211 11:53:41.086629    9376 watch.go:40] Failed to load config from \"c:\\\\Users\\\\USUARIO\\\\Documents\\\\tpAngularAPI\\\\dataconnect\": could not find dataconnect.yaml in `c:\\Users\\USUARIO\\Documents\\tpAngularAPI\\dataconnect`\n"}}
[debug] [2026-02-11T14:53:51.087Z] E0211 11:53:51.087398    9376 watch.go:40] Failed to load config from "c:\\Users\\USUARIO\\Documents\\tpAngularAPI\\dataconnect": could not find dataconnect.yaml in `c:\Users\USUARIO\Documents\tpAngularAPI\dataconnect`
 {"metadata":{"emulator":{"name":"dataconnect"},"message":"E0211 11:53:51.087398    9376 watch.go:40] Failed to load config from \"c:\\\\Users\\\\USUARIO\\\\Documents\\\\tpAngularAPI\\\\dataconnect\": could not find dataconnect.yaml in `c:\\Users\\USUARIO\\Documents\\tpAngularAPI\\dataconnect`\n"}}
[debug] [2026-02-11T14:54:01.087Z] E0211 11:54:01.086905    9376 watch.go:40] Failed to load config from "c:\\Users\\USUARIO\\Documents\\tpAngularAPI\\dataconnect": could not find dataconnect.yaml in `c:\Users\USUARIO\Documents\tpAngularAPI\dataconnect`
 {"metadata":{"emulator":{"name":"dataconnect"},"message":"E0211 11:54:01.086905    9376 watch.go:40] Failed to load config from \"c:\\\\Users\\\\USUARIO\\\\Documents\\\\tpAngularAPI\\\\dataconnect\": could not find dataconnect.yaml in `c:\\Users\\USUARIO\\Documents\\tpAngularAPI\\dataconnect`\n"}}
[debug] [2026-02-11T14:54:11.087Z] E0211 11:54:11.087370    9376 watch.go:40] Failed to load config from "c:\\Users\\USUARIO\\Documents\\tpAngularAPI\\dataconnect": could not find dataconnect.yaml in `c:\Users\USUARIO\Documents\tpAngularAPI\dataconnect`
 {"metadata":{"emulator":{"name":"dataconnect"},"message":"E0211 11:54:11.087370    9376 watch.go:40] Failed to load config from \"c:\\\\Users\\\\USUARIO\\\\Documents\\\\tpAngularAPI\\\\dataconnect\": could not find dataconnect.yaml in `c:\\Users\\USUARIO\\Documents\\tpAngularAPI\\dataconnect`\n"}}
[debug] [2026-02-11T14:54:21.086Z] E0211 11:54:21.086820    9376 watch.go:116] watchAllDir unable to walk dir `c:\Users\USUARIO\Documents\tpAngularAPI\dataconnect`: CreateFile c:\Users\USUARIO\Documents\tpAngularAPI\dataconnect: The system cannot find the file specified.
 {"metadata":{"emulator":{"name":"dataconnect"},"message":"E0211 11:54:21.086820    9376 watch.go:116] watchAllDir unable to walk dir `c:\\Users\\USUARIO\\Documents\\tpAngularAPI\\dataconnect`: CreateFile c:\\Users\\USUARIO\\Documents\\tpAngularAPI\\dataconnect: The system cannot find the file specified.\n"}}
[debug] [2026-02-11T14:54:21.087Z] E0211 11:54:21.086820    9376 watch.go:40] Failed to load config from "c:\\Users\\USUARIO\\Documents\\tpAngularAPI\\dataconnect": could not find dataconnect.yaml in `c:\Users\USUARIO\Documents\tpAngularAPI\dataconnect`
 {"metadata":{"emulator":{"name":"dataconnect"},"message":"E0211 11:54:21.086820    9376 watch.go:40] Failed to load config from \"c:\\\\Users\\\\USUARIO\\\\Documents\\\\tpAngularAPI\\\\dataconnect\": could not find dataconnect.yaml in `c:\\Users\\USUARIO\\Documents\\tpAngularAPI\\dataconnect`\n"}}
[debug] [2026-02-11T14:54:31.087Z] E0211 11:54:31.086778    9376 watch.go:40] Failed to load config from "c:\\Users\\USUARIO\\Documents\\tpAngularAPI\\dataconnect": could not find dataconnect.yaml in `c:\Users\USUARIO\Documents\tpAngularAPI\dataconnect`
 {"metadata":{"emulator":{"name":"dataconnect"},"message":"E0211 11:54:31.086778    9376 watch.go:40] Failed to load config from \"c:\\\\Users\\\\USUARIO\\\\Documents\\\\tpAngularAPI\\\\dataconnect\": could not find dataconnect.yaml in `c:\\Users\\USUARIO\\Documents\\tpAngularAPI\\dataconnect`\n"}}
[debug] [2026-02-11T14:54:41.087Z] E0211 11:54:41.086826    9376 watch.go:40] Failed to load config from "c:\\Users\\USUARIO\\Documents\\tpAngularAPI\\dataconnect": could not find dataconnect.yaml in `c:\Users\USUARIO\Documents\tpAngularAPI\dataconnect`
 {"metadata":{"emulator":{"name":"dataconnect"},"message":"E0211 11:54:41.086826    9376 watch.go:40] Failed to load config from \"c:\\\\Users\\\\USUARIO\\\\Documents\\\\tpAngularAPI\\\\dataconnect\": could not find dataconnect.yaml in `c:\\Users\\USUARIO\\Documents\\tpAngularAPI\\dataconnect`\n"}}
[debug] [2026-02-11T14:54:51.087Z] E0211 11:54:51.086812    9376 watch.go:40] Failed to load config from "c:\\Users\\USUARIO\\Documents\\tpAngularAPI\\dataconnect": could not find dataconnect.yaml in `c:\Users\USUARIO\Documents\tpAngularAPI\dataconnect`
 {"metadata":{"emulator":{"name":"dataconnect"},"message":"E0211 11:54:51.086812    9376 watch.go:40] Failed to load config from \"c:\\\\Users\\\\USUARIO\\\\Documents\\\\tpAngularAPI\\\\dataconnect\": could not find dataconnect.yaml in `c:\\Users\\USUARIO\\Documents\\tpAngularAPI\\dataconnect`\n"}}
[debug] [2026-02-11T14:55:01.087Z] E0211 11:55:01.087062    9376 watch.go:40] Failed to load config from "c:\\Users\\USUARIO\\Documents\\tpAngularAPI\\dataconnect": could not find dataconnect.yaml in `c:\Users\USUARIO\Documents\tpAngularAPI\dataconnect`
 {"metadata":{"emulator":{"name":"dataconnect"},"message":"E0211 11:55:01.087062    9376 watch.go:40] Failed to load config from \"c:\\\\Users\\\\USUARIO\\\\Documents\\\\tpAngularAPI\\\\dataconnect\": could not find dataconnect.yaml in `c:\\Users\\USUARIO\\Documents\\tpAngularAPI\\dataconnect`\n"}}
[debug] [2026-02-11T14:55:11.087Z] E0211 11:55:11.087146    9376 watch.go:40] Failed to load config from "c:\\Users\\USUARIO\\Documents\\tpAngularAPI\\dataconnect": could not find dataconnect.yaml in `c:\Users\USUARIO\Documents\tpAngularAPI\dataconnect`
 {"metadata":{"emulator":{"name":"dataconnect"},"message":"E0211 11:55:11.087146    9376 watch.go:40] Failed to load config from \"c:\\\\Users\\\\USUARIO\\\\Documents\\\\tpAngularAPI\\\\dataconnect\": could not find dataconnect.yaml in `c:\\Users\\USUARIO\\Documents\\tpAngularAPI\\dataconnect`\n"}}
[debug] [2026-02-11T14:55:21.086Z] E0211 11:55:21.086728    9376 watch.go:116] watchAllDir unable to walk dir `c:\Users\USUARIO\Documents\tpAngularAPI\dataconnect`: CreateFile c:\Users\USUARIO\Documents\tpAngularAPI\dataconnect: The system cannot find the file specified.
 {"metadata":{"emulator":{"name":"dataconnect"},"message":"E0211 11:55:21.086728    9376 watch.go:116] watchAllDir unable to walk dir `c:\\Users\\USUARIO\\Documents\\tpAngularAPI\\dataconnect`: CreateFile c:\\Users\\USUARIO\\Documents\\tpAngularAPI\\dataconnect: The system cannot find the file specified.\n"}}
[debug] [2026-02-11T14:55:21.088Z] E0211 11:55:21.086728    9376 watch.go:40] Failed to load config from "c:\\Users\\USUARIO\\Documents\\tpAngularAPI\\dataconnect": could not find dataconnect.yaml in `c:\Users\USUARIO\Documents\tpAngularAPI\dataconnect`
 {"metadata":{"emulator":{"name":"dataconnect"},"message":"E0211 11:55:21.086728    9376 watch.go:40] Failed to load config from \"c:\\\\Users\\\\USUARIO\\\\Documents\\\\tpAngularAPI\\\\dataconnect\": could not find dataconnect.yaml in `c:\\Users\\USUARIO\\Documents\\tpAngularAPI\\dataconnect`\n"}}
[debug] [2026-02-11T14:55:31.087Z] E0211 11:55:31.087873    9376 watch.go:40] Failed to load config from "c:\\Users\\USUARIO\\Documents\\tpAngularAPI\\dataconnect": could not find dataconnect.yaml in `c:\Users\USUARIO\Documents\tpAngularAPI\dataconnect`
 {"metadata":{"emulator":{"name":"dataconnect"},"message":"E0211 11:55:31.087873    9376 watch.go:40] Failed to load config from \"c:\\\\Users\\\\USUARIO\\\\Documents\\\\tpAngularAPI\\\\dataconnect\": could not find dataconnect.yaml in `c:\\Users\\USUARIO\\Documents\\tpAngularAPI\\dataconnect`\n"}}
[debug] [2026-02-11T14:55:41.086Z] E0211 11:55:41.086825    9376 watch.go:40] Failed to load config from "c:\\Users\\USUARIO\\Documents\\tpAngularAPI\\dataconnect": could not find dataconnect.yaml in `c:\Users\USUARIO\Documents\tpAngularAPI\dataconnect`
 {"metadata":{"emulator":{"name":"dataconnect"},"message":"E0211 11:55:41.086825    9376 watch.go:40] Failed to load config from \"c:\\\\Users\\\\USUARIO\\\\Documents\\\\tpAngularAPI\\\\dataconnect\": could not find dataconnect.yaml in `c:\\Users\\USUARIO\\Documents\\tpAngularAPI\\dataconnect`\n"}}
[debug] [2026-02-11T14:55:51.087Z] E0211 11:55:51.087069    9376 watch.go:40] Failed to load config from "c:\\Users\\USUARIO\\Documents\\tpAngularAPI\\dataconnect": could not find dataconnect.yaml in `c:\Users\USUARIO\Documents\tpAngularAPI\dataconnect`
 {"metadata":{"emulator":{"name":"dataconnect"},"message":"E0211 11:55:51.087069    9376 watch.go:40] Failed to load config from \"c:\\\\Users\\\\USUARIO\\\\Documents\\\\tpAngularAPI\\\\dataconnect\": could not find dataconnect.yaml in `c:\\Users\\USUARIO\\Documents\\tpAngularAPI\\dataconnect`\n"}}
[debug] [2026-02-11T14:56:01.086Z] E0211 11:56:01.086563    9376 watch.go:40] Failed to load config from "c:\\Users\\USUARIO\\Documents\\tpAngularAPI\\dataconnect": could not find dataconnect.yaml in `c:\Users\USUARIO\Documents\tpAngularAPI\dataconnect`
 {"metadata":{"emulator":{"name":"dataconnect"},"message":"E0211 11:56:01.086563    9376 watch.go:40] Failed to load config from \"c:\\\\Users\\\\USUARIO\\\\Documents\\\\tpAngularAPI\\\\dataconnect\": could not find dataconnect.yaml in `c:\\Users\\USUARIO\\Documents\\tpAngularAPI\\dataconnect`\n"}}
[debug] [2026-02-11T14:56:11.086Z] E0211 11:56:11.086829    9376 watch.go:40] Failed to load config from "c:\\Users\\USUARIO\\Documents\\tpAngularAPI\\dataconnect": could not find dataconnect.yaml in `c:\Users\USUARIO\Documents\tpAngularAPI\dataconnect`
 {"metadata":{"emulator":{"name":"dataconnect"},"message":"E0211 11:56:11.086829    9376 watch.go:40] Failed to load config from \"c:\\\\Users\\\\USUARIO\\\\Documents\\\\tpAngularAPI\\\\dataconnect\": could not find dataconnect.yaml in `c:\\Users\\USUARIO\\Documents\\tpAngularAPI\\dataconnect`\n"}}
[debug] [2026-02-11T14:56:21.086Z] E0211 11:56:21.086805    9376 watch.go:116] watchAllDir unable to walk dir `c:\Users\USUARIO\Documents\tpAngularAPI\dataconnect`: CreateFile c:\Users\USUARIO\Documents\tpAngularAPI\dataconnect: The system cannot find the file specified.
 {"metadata":{"emulator":{"name":"dataconnect"},"message":"E0211 11:56:21.086805    9376 watch.go:116] watchAllDir unable to walk dir `c:\\Users\\USUARIO\\Documents\\tpAngularAPI\\dataconnect`: CreateFile c:\\Users\\USUARIO\\Documents\\tpAngularAPI\\dataconnect: The system cannot find the file specified.\n"}}
[debug] [2026-02-11T14:56:21.087Z] E0211 11:56:21.086805    9376 watch.go:40] Failed to load config from "c:\\Users\\USUARIO\\Documents\\tpAngularAPI\\dataconnect": could not find dataconnect.yaml in `c:\Users\USUARIO\Documents\tpAngularAPI\dataconnect`
 {"metadata":{"emulator":{"name":"dataconnect"},"message":"E0211 11:56:21.086805    9376 watch.go:40] Failed to load config from \"c:\\\\Users\\\\USUARIO\\\\Documents\\\\tpAngularAPI\\\\dataconnect\": could not find dataconnect.yaml in `c:\\Users\\USUARIO\\Documents\\tpAngularAPI\\dataconnect`\n"}}
[debug] [2026-02-11T14:56:31.087Z] E0211 11:56:31.087328    9376 watch.go:40] Failed to load config from "c:\\Users\\USUARIO\\Documents\\tpAngularAPI\\dataconnect": could not find dataconnect.yaml in `c:\Users\USUARIO\Documents\tpAngularAPI\dataconnect`
 {"metadata":{"emulator":{"name":"dataconnect"},"message":"E0211 11:56:31.087328    9376 watch.go:40] Failed to load config from \"c:\\\\Users\\\\USUARIO\\\\Documents\\\\tpAngularAPI\\\\dataconnect\": could not find dataconnect.yaml in `c:\\Users\\USUARIO\\Documents\\tpAngularAPI\\dataconnect`\n"}}
[debug] [2026-02-11T14:56:41.087Z] E0211 11:56:41.086637    9376 watch.go:40] Failed to load config from "c:\\Users\\USUARIO\\Documents\\tpAngularAPI\\dataconnect": could not find dataconnect.yaml in `c:\Users\USUARIO\Documents\tpAngularAPI\dataconnect`
 {"metadata":{"emulator":{"name":"dataconnect"},"message":"E0211 11:56:41.086637    9376 watch.go:40] Failed to load config from \"c:\\\\Users\\\\USUARIO\\\\Documents\\\\tpAngularAPI\\\\dataconnect\": could not find dataconnect.yaml in `c:\\Users\\USUARIO\\Documents\\tpAngularAPI\\dataconnect`\n"}}
[debug] [2026-02-11T14:56:51.087Z] E0211 11:56:51.086601    9376 watch.go:40] Failed to load config from "c:\\Users\\USUARIO\\Documents\\tpAngularAPI\\dataconnect": could not find dataconnect.yaml in `c:\Users\USUARIO\Documents\tpAngularAPI\dataconnect`
 {"metadata":{"emulator":{"name":"dataconnect"},"message":"E0211 11:56:51.086601    9376 watch.go:40] Failed to load config from \"c:\\\\Users\\\\USUARIO\\\\Documents\\\\tpAngularAPI\\\\dataconnect\": could not find dataconnect.yaml in `c:\\Users\\USUARIO\\Documents\\tpAngularAPI\\dataconnect`\n"}}
[debug] [2026-02-11T14:57:01.087Z] E0211 11:57:01.086551    9376 watch.go:40] Failed to load config from "c:\\Users\\USUARIO\\Documents\\tpAngularAPI\\dataconnect": could not find dataconnect.yaml in `c:\Users\USUARIO\Documents\tpAngularAPI\dataconnect`
 {"metadata":{"emulator":{"name":"dataconnect"},"message":"E0211 11:57:01.086551    9376 watch.go:40] Failed to load config from \"c:\\\\Users\\\\USUARIO\\\\Documents\\\\tpAngularAPI\\\\dataconnect\": could not find dataconnect.yaml in `c:\\Users\\USUARIO\\Documents\\tpAngularAPI\\dataconnect`\n"}}
[debug] [2026-02-11T14:57:11.087Z] E0211 11:57:11.086936    9376 watch.go:40] Failed to load config from "c:\\Users\\USUARIO\\Documents\\tpAngularAPI\\dataconnect": could not find dataconnect.yaml in `c:\Users\USUARIO\Documents\tpAngularAPI\dataconnect`
 {"metadata":{"emulator":{"name":"dataconnect"},"message":"E0211 11:57:11.086936    9376 watch.go:40] Failed to load config from \"c:\\\\Users\\\\USUARIO\\\\Documents\\\\tpAngularAPI\\\\dataconnect\": could not find dataconnect.yaml in `c:\\Users\\USUARIO\\Documents\\tpAngularAPI\\dataconnect`\n"}}
[debug] [2026-02-11T14:57:21.087Z] E0211 11:57:21.086772    9376 watch.go:116] watchAllDir unable to walk dir `c:\Users\USUARIO\Documents\tpAngularAPI\dataconnect`: CreateFile c:\Users\USUARIO\Documents\tpAngularAPI\dataconnect: The system cannot find the file specified.
 {"metadata":{"emulator":{"name":"dataconnect"},"message":"E0211 11:57:21.086772    9376 watch.go:116] watchAllDir unable to walk dir `c:\\Users\\USUARIO\\Documents\\tpAngularAPI\\dataconnect`: CreateFile c:\\Users\\USUARIO\\Documents\\tpAngularAPI\\dataconnect: The system cannot find the file specified.\n"}}
[debug] [2026-02-11T14:57:21.087Z] E0211 11:57:21.086772    9376 watch.go:40] Failed to load config from "c:\\Users\\USUARIO\\Documents\\tpAngularAPI\\dataconnect": could not find dataconnect.yaml in `c:\Users\USUARIO\Documents\tpAngularAPI\dataconnect`
 {"metadata":{"emulator":{"name":"dataconnect"},"message":"E0211 11:57:21.086772    9376 watch.go:40] Failed to load config from \"c:\\\\Users\\\\USUARIO\\\\Documents\\\\tpAngularAPI\\\\dataconnect\": could not find dataconnect.yaml in `c:\\Users\\USUARIO\\Documents\\tpAngularAPI\\dataconnect`\n"}}
[debug] [2026-02-11T14:57:31.087Z] E0211 11:57:31.087310    9376 watch.go:40] Failed to load config from "c:\\Users\\USUARIO\\Documents\\tpAngularAPI\\dataconnect": could not find dataconnect.yaml in `c:\Users\USUARIO\Documents\tpAngularAPI\dataconnect`
 {"metadata":{"emulator":{"name":"dataconnect"},"message":"E0211 11:57:31.087310    9376 watch.go:40] Failed to load config from \"c:\\\\Users\\\\USUARIO\\\\Documents\\\\tpAngularAPI\\\\dataconnect\": could not find dataconnect.yaml in `c:\\Users\\USUARIO\\Documents\\tpAngularAPI\\dataconnect`\n"}}
[debug] [2026-02-11T14:57:41.087Z] E0211 11:57:41.087282    9376 watch.go:40] Failed to load config from "c:\\Users\\USUARIO\\Documents\\tpAngularAPI\\dataconnect": could not find dataconnect.yaml in `c:\Users\USUARIO\Documents\tpAngularAPI\dataconnect`
 {"metadata":{"emulator":{"name":"dataconnect"},"message":"E0211 11:57:41.087282    9376 watch.go:40] Failed to load config from \"c:\\\\Users\\\\USUARIO\\\\Documents\\\\tpAngularAPI\\\\dataconnect\": could not find dataconnect.yaml in `c:\\Users\\USUARIO\\Documents\\tpAngularAPI\\dataconnect`\n"}}
[debug] [2026-02-11T14:57:51.087Z] E0211 11:57:51.086888    9376 watch.go:40] Failed to load config from "c:\\Users\\USUARIO\\Documents\\tpAngularAPI\\dataconnect": could not find dataconnect.yaml in `c:\Users\USUARIO\Documents\tpAngularAPI\dataconnect`
 {"metadata":{"emulator":{"name":"dataconnect"},"message":"E0211 11:57:51.086888    9376 watch.go:40] Failed to load config from \"c:\\\\Users\\\\USUARIO\\\\Documents\\\\tpAngularAPI\\\\dataconnect\": could not find dataconnect.yaml in `c:\\Users\\USUARIO\\Documents\\tpAngularAPI\\dataconnect`\n"}}
[debug] [2026-02-11T14:58:01.087Z] E0211 11:58:01.086773    9376 watch.go:40] Failed to load config from "c:\\Users\\USUARIO\\Documents\\tpAngularAPI\\dataconnect": could not find dataconnect.yaml in `c:\Users\USUARIO\Documents\tpAngularAPI\dataconnect`
 {"metadata":{"emulator":{"name":"dataconnect"},"message":"E0211 11:58:01.086773    9376 watch.go:40] Failed to load config from \"c:\\\\Users\\\\USUARIO\\\\Documents\\\\tpAngularAPI\\\\dataconnect\": could not find dataconnect.yaml in `c:\\Users\\USUARIO\\Documents\\tpAngularAPI\\dataconnect`\n"}}
[debug] [2026-02-11T14:58:11.087Z] E0211 11:58:11.086824    9376 watch.go:40] Failed to load config from "c:\\Users\\USUARIO\\Documents\\tpAngularAPI\\dataconnect": could not find dataconnect.yaml in `c:\Users\USUARIO\Documents\tpAngularAPI\dataconnect`
 {"metadata":{"emulator":{"name":"dataconnect"},"message":"E0211 11:58:11.086824    9376 watch.go:40] Failed to load config from \"c:\\\\Users\\\\USUARIO\\\\Documents\\\\tpAngularAPI\\\\dataconnect\": could not find dataconnect.yaml in `c:\\Users\\USUARIO\\Documents\\tpAngularAPI\\dataconnect`\n"}}
[debug] [2026-02-11T14:58:21.087Z] E0211 11:58:21.087024    9376 watch.go:116] watchAllDir unable to walk dir `c:\Users\USUARIO\Documents\tpAngularAPI\dataconnect`: CreateFile c:\Users\USUARIO\Documents\tpAngularAPI\dataconnect: The system cannot find the file specified.
 {"metadata":{"emulator":{"name":"dataconnect"},"message":"E0211 11:58:21.087024    9376 watch.go:116] watchAllDir unable to walk dir `c:\\Users\\USUARIO\\Documents\\tpAngularAPI\\dataconnect`: CreateFile c:\\Users\\USUARIO\\Documents\\tpAngularAPI\\dataconnect: The system cannot find the file specified.\n"}}
[debug] [2026-02-11T14:58:21.088Z] E0211 11:58:21.087024    9376 watch.go:40] Failed to load config from "c:\\Users\\USUARIO\\Documents\\tpAngularAPI\\dataconnect": could not find dataconnect.yaml in `c:\Users\USUARIO\Documents\tpAngularAPI\dataconnect`
 {"metadata":{"emulator":{"name":"dataconnect"},"message":"E0211 11:58:21.087024    9376 watch.go:40] Failed to load config from \"c:\\\\Users\\\\USUARIO\\\\Documents\\\\tpAngularAPI\\\\dataconnect\": could not find dataconnect.yaml in `c:\\Users\\USUARIO\\Documents\\tpAngularAPI\\dataconnect`\n"}}
[debug] [2026-02-11T14:58:31.087Z] E0211 11:58:31.086642    9376 watch.go:40] Failed to load config from "c:\\Users\\USUARIO\\Documents\\tpAngularAPI\\dataconnect": could not find dataconnect.yaml in `c:\Users\USUARIO\Documents\tpAngularAPI\dataconnect`
 {"metadata":{"emulator":{"name":"dataconnect"},"message":"E0211 11:58:31.086642    9376 watch.go:40] Failed to load config from \"c:\\\\Users\\\\USUARIO\\\\Documents\\\\tpAngularAPI\\\\dataconnect\": could not find dataconnect.yaml in `c:\\Users\\USUARIO\\Documents\\tpAngularAPI\\dataconnect`\n"}}
[debug] [2026-02-11T14:58:41.086Z] E0211 11:58:41.086572    9376 watch.go:40] Failed to load config from "c:\\Users\\USUARIO\\Documents\\tpAngularAPI\\dataconnect": could not find dataconnect.yaml in `c:\Users\USUARIO\Documents\tpAngularAPI\dataconnect`
 {"metadata":{"emulator":{"name":"dataconnect"},"message":"E0211 11:58:41.086572    9376 watch.go:40] Failed to load config from \"c:\\\\Users\\\\USUARIO\\\\Documents\\\\tpAngularAPI\\\\dataconnect\": could not find dataconnect.yaml in `c:\\Users\\USUARIO\\Documents\\tpAngularAPI\\dataconnect`\n"}}
[debug] [2026-02-11T14:58:51.086Z] E0211 11:58:51.086826    9376 watch.go:40] Failed to load config from "c:\\Users\\USUARIO\\Documents\\tpAngularAPI\\dataconnect": could not find dataconnect.yaml in `c:\Users\USUARIO\Documents\tpAngularAPI\dataconnect`
 {"metadata":{"emulator":{"name":"dataconnect"},"message":"E0211 11:58:51.086826    9376 watch.go:40] Failed to load config from \"c:\\\\Users\\\\USUARIO\\\\Documents\\\\tpAngularAPI\\\\dataconnect\": could not find dataconnect.yaml in `c:\\Users\\USUARIO\\Documents\\tpAngularAPI\\dataconnect`\n"}}
[debug] [2026-02-11T14:59:01.086Z] E0211 11:59:01.086598    9376 watch.go:40] Failed to load config from "c:\\Users\\USUARIO\\Documents\\tpAngularAPI\\dataconnect": could not find dataconnect.yaml in `c:\Users\USUARIO\Documents\tpAngularAPI\dataconnect`
 {"metadata":{"emulator":{"name":"dataconnect"},"message":"E0211 11:59:01.086598    9376 watch.go:40] Failed to load config from \"c:\\\\Users\\\\USUARIO\\\\Documents\\\\tpAngularAPI\\\\dataconnect\": could not find dataconnect.yaml in `c:\\Users\\USUARIO\\Documents\\tpAngularAPI\\dataconnect`\n"}}
[debug] [2026-02-11T14:59:11.086Z] E0211 11:59:11.086563    9376 watch.go:40] Failed to load config from "c:\\Users\\USUARIO\\Documents\\tpAngularAPI\\dataconnect": could not find dataconnect.yaml in `c:\Users\USUARIO\Documents\tpAngularAPI\dataconnect`
 {"metadata":{"emulator":{"name":"dataconnect"},"message":"E0211 11:59:11.086563    9376 watch.go:40] Failed to load config from \"c:\\\\Users\\\\USUARIO\\\\Documents\\\\tpAngularAPI\\\\dataconnect\": could not find dataconnect.yaml in `c:\\Users\\USUARIO\\Documents\\tpAngularAPI\\dataconnect`\n"}}
[debug] [2026-02-11T14:59:21.086Z] E0211 11:59:21.086604    9376 watch.go:116] watchAllDir unable to walk dir `c:\Users\USUARIO\Documents\tpAngularAPI\dataconnect`: CreateFile c:\Users\USUARIO\Documents\tpAngularAPI\dataconnect: The system cannot find the file specified.
 {"metadata":{"emulator":{"name":"dataconnect"},"message":"E0211 11:59:21.086604    9376 watch.go:116] watchAllDir unable to walk dir `c:\\Users\\USUARIO\\Documents\\tpAngularAPI\\dataconnect`: CreateFile c:\\Users\\USUARIO\\Documents\\tpAngularAPI\\dataconnect: The system cannot find the file specified.\n"}}
[debug] [2026-02-11T14:59:21.086Z] E0211 11:59:21.086604    9376 watch.go:40] Failed to load config from "c:\\Users\\USUARIO\\Documents\\tpAngularAPI\\dataconnect": could not find dataconnect.yaml in `c:\Users\USUARIO\Documents\tpAngularAPI\dataconnect`
 {"metadata":{"emulator":{"name":"dataconnect"},"message":"E0211 11:59:21.086604    9376 watch.go:40] Failed to load config from \"c:\\\\Users\\\\USUARIO\\\\Documents\\\\tpAngularAPI\\\\dataconnect\": could not find dataconnect.yaml in `c:\\Users\\USUARIO\\Documents\\tpAngularAPI\\dataconnect`\n"}}
[debug] [2026-02-11T14:59:31.086Z] E0211 11:59:31.086674    9376 watch.go:40] Failed to load config from "c:\\Users\\USUARIO\\Documents\\tpAngularAPI\\dataconnect": could not find dataconnect.yaml in `c:\Users\USUARIO\Documents\tpAngularAPI\dataconnect`
 {"metadata":{"emulator":{"name":"dataconnect"},"message":"E0211 11:59:31.086674    9376 watch.go:40] Failed to load config from \"c:\\\\Users\\\\USUARIO\\\\Documents\\\\tpAngularAPI\\\\dataconnect\": could not find dataconnect.yaml in `c:\\Users\\USUARIO\\Documents\\tpAngularAPI\\dataconnect`\n"}}
[debug] [2026-02-11T14:59:41.086Z] E0211 11:59:41.086830    9376 watch.go:40] Failed to load config from "c:\\Users\\USUARIO\\Documents\\tpAngularAPI\\dataconnect": could not find dataconnect.yaml in `c:\Users\USUARIO\Documents\tpAngularAPI\dataconnect`
 {"metadata":{"emulator":{"name":"dataconnect"},"message":"E0211 11:59:41.086830    9376 watch.go:40] Failed to load config from \"c:\\\\Users\\\\USUARIO\\\\Documents\\\\tpAngularAPI\\\\dataconnect\": could not find dataconnect.yaml in `c:\\Users\\USUARIO\\Documents\\tpAngularAPI\\dataconnect`\n"}}
[debug] [2026-02-11T14:59:51.086Z] E0211 11:59:51.086586    9376 watch.go:40] Failed to load config from "c:\\Users\\USUARIO\\Documents\\tpAngularAPI\\dataconnect": could not find dataconnect.yaml in `c:\Users\USUARIO\Documents\tpAngularAPI\dataconnect`
 {"metadata":{"emulator":{"name":"dataconnect"},"message":"E0211 11:59:51.086586    9376 watch.go:40] Failed to load config from \"c:\\\\Users\\\\USUARIO\\\\Documents\\\\tpAngularAPI\\\\dataconnect\": could not find dataconnect.yaml in `c:\\Users\\USUARIO\\Documents\\tpAngularAPI\\dataconnect`\n"}}
[debug] [2026-02-11T15:00:01.086Z] E0211 12:00:01.086960    9376 watch.go:40] Failed to load config from "c:\\Users\\USUARIO\\Documents\\tpAngularAPI\\dataconnect": could not find dataconnect.yaml in `c:\Users\USUARIO\Documents\tpAngularAPI\dataconnect`
 {"metadata":{"emulator":{"name":"dataconnect"},"message":"E0211 12:00:01.086960    9376 watch.go:40] Failed to load config from \"c:\\\\Users\\\\USUARIO\\\\Documents\\\\tpAngularAPI\\\\dataconnect\": could not find dataconnect.yaml in `c:\\Users\\USUARIO\\Documents\\tpAngularAPI\\dataconnect`\n"}}
[debug] [2026-02-11T15:00:11.086Z] E0211 12:00:11.087050    9376 watch.go:40] Failed to load config from "c:\\Users\\USUARIO\\Documents\\tpAngularAPI\\dataconnect": could not find dataconnect.yaml in `c:\Users\USUARIO\Documents\tpAngularAPI\dataconnect`
 {"metadata":{"emulator":{"name":"dataconnect"},"message":"E0211 12:00:11.087050    9376 watch.go:40] Failed to load config from \"c:\\\\Users\\\\USUARIO\\\\Documents\\\\tpAngularAPI\\\\dataconnect\": could not find dataconnect.yaml in `c:\\Users\\USUARIO\\Documents\\tpAngularAPI\\dataconnect`\n"}}
[debug] [2026-02-11T15:00:21.086Z] E0211 12:00:21.086749    9376 watch.go:116] watchAllDir unable to walk dir `c:\Users\USUARIO\Documents\tpAngularAPI\dataconnect`: CreateFile c:\Users\USUARIO\Documents\tpAngularAPI\dataconnect: The system cannot find the file specified.
 {"metadata":{"emulator":{"name":"dataconnect"},"message":"E0211 12:00:21.086749    9376 watch.go:116] watchAllDir unable to walk dir `c:\\Users\\USUARIO\\Documents\\tpAngularAPI\\dataconnect`: CreateFile c:\\Users\\USUARIO\\Documents\\tpAngularAPI\\dataconnect: The system cannot find the file specified.\n"}}
[debug] [2026-02-11T15:00:21.087Z] E0211 12:00:21.086749    9376 watch.go:40] Failed to load config from "c:\\Users\\USUARIO\\Documents\\tpAngularAPI\\dataconnect": could not find dataconnect.yaml in `c:\Users\USUARIO\Documents\tpAngularAPI\dataconnect`
 {"metadata":{"emulator":{"name":"dataconnect"},"message":"E0211 12:00:21.086749    9376 watch.go:40] Failed to load config from \"c:\\\\Users\\\\USUARIO\\\\Documents\\\\tpAngularAPI\\\\dataconnect\": could not find dataconnect.yaml in `c:\\Users\\USUARIO\\Documents\\tpAngularAPI\\dataconnect`\n"}}
[debug] [2026-02-11T15:00:31.086Z] E0211 12:00:31.086900    9376 watch.go:40] Failed to load config from "c:\\Users\\USUARIO\\Documents\\tpAngularAPI\\dataconnect": could not find dataconnect.yaml in `c:\Users\USUARIO\Documents\tpAngularAPI\dataconnect`
 {"metadata":{"emulator":{"name":"dataconnect"},"message":"E0211 12:00:31.086900    9376 watch.go:40] Failed to load config from \"c:\\\\Users\\\\USUARIO\\\\Documents\\\\tpAngularAPI\\\\dataconnect\": could not find dataconnect.yaml in `c:\\Users\\USUARIO\\Documents\\tpAngularAPI\\dataconnect`\n"}}
[debug] [2026-02-11T15:00:41.087Z] E0211 12:00:41.086878    9376 watch.go:40] Failed to load config from "c:\\Users\\USUARIO\\Documents\\tpAngularAPI\\dataconnect": could not find dataconnect.yaml in `c:\Users\USUARIO\Documents\tpAngularAPI\dataconnect`
 {"metadata":{"emulator":{"name":"dataconnect"},"message":"E0211 12:00:41.086878    9376 watch.go:40] Failed to load config from \"c:\\\\Users\\\\USUARIO\\\\Documents\\\\tpAngularAPI\\\\dataconnect\": could not find dataconnect.yaml in `c:\\Users\\USUARIO\\Documents\\tpAngularAPI\\dataconnect`\n"}}
[debug] [2026-02-11T15:00:51.086Z] E0211 12:00:51.086819    9376 watch.go:40] Failed to load config from "c:\\Users\\USUARIO\\Documents\\tpAngularAPI\\dataconnect": could not find dataconnect.yaml in `c:\Users\USUARIO\Documents\tpAngularAPI\dataconnect`
 {"metadata":{"emulator":{"name":"dataconnect"},"message":"E0211 12:00:51.086819    9376 watch.go:40] Failed to load config from \"c:\\\\Users\\\\USUARIO\\\\Documents\\\\tpAngularAPI\\\\dataconnect\": could not find dataconnect.yaml in `c:\\Users\\USUARIO\\Documents\\tpAngularAPI\\dataconnect`\n"}}
[debug] [2026-02-11T15:01:01.087Z] E0211 12:01:01.086924    9376 watch.go:40] Failed to load config from "c:\\Users\\USUARIO\\Documents\\tpAngularAPI\\dataconnect": could not find dataconnect.yaml in `c:\Users\USUARIO\Documents\tpAngularAPI\dataconnect`
 {"metadata":{"emulator":{"name":"dataconnect"},"message":"E0211 12:01:01.086924    9376 watch.go:40] Failed to load config from \"c:\\\\Users\\\\USUARIO\\\\Documents\\\\tpAngularAPI\\\\dataconnect\": could not find dataconnect.yaml in `c:\\Users\\USUARIO\\Documents\\tpAngularAPI\\dataconnect`\n"}}
[debug] [2026-02-11T15:01:11.086Z] E0211 12:01:11.086596    9376 watch.go:40] Failed to load config from "c:\\Users\\USUARIO\\Documents\\tpAngularAPI\\dataconnect": could not find dataconnect.yaml in `c:\Users\USUARIO\Documents\tpAngularAPI\dataconnect`
 {"metadata":{"emulator":{"name":"dataconnect"},"message":"E0211 12:01:11.086596    9376 watch.go:40] Failed to load config from \"c:\\\\Users\\\\USUARIO\\\\Documents\\\\tpAngularAPI\\\\dataconnect\": could not find dataconnect.yaml in `c:\\Users\\USUARIO\\Documents\\tpAngularAPI\\dataconnect`\n"}}
[debug] [2026-02-11T15:01:21.086Z] E0211 12:01:21.086721    9376 watch.go:116] watchAllDir unable to walk dir `c:\Users\USUARIO\Documents\tpAngularAPI\dataconnect`: CreateFile c:\Users\USUARIO\Documents\tpAngularAPI\dataconnect: The system cannot find the file specified.
 {"metadata":{"emulator":{"name":"dataconnect"},"message":"E0211 12:01:21.086721    9376 watch.go:116] watchAllDir unable to walk dir `c:\\Users\\USUARIO\\Documents\\tpAngularAPI\\dataconnect`: CreateFile c:\\Users\\USUARIO\\Documents\\tpAngularAPI\\dataconnect: The system cannot find the file specified.\n"}}
[debug] [2026-02-11T15:01:21.087Z] E0211 12:01:21.086721    9376 watch.go:40] Failed to load config from "c:\\Users\\USUARIO\\Documents\\tpAngularAPI\\dataconnect": could not find dataconnect.yaml in `c:\Users\USUARIO\Documents\tpAngularAPI\dataconnect`
 {"metadata":{"emulator":{"name":"dataconnect"},"message":"E0211 12:01:21.086721    9376 watch.go:40] Failed to load config from \"c:\\\\Users\\\\USUARIO\\\\Documents\\\\tpAngularAPI\\\\dataconnect\": could not find dataconnect.yaml in `c:\\Users\\USUARIO\\Documents\\tpAngularAPI\\dataconnect`\n"}}
[debug] [2026-02-11T15:01:31.086Z] E0211 12:01:31.086580    9376 watch.go:40] Failed to load config from "c:\\Users\\USUARIO\\Documents\\tpAngularAPI\\dataconnect": could not find dataconnect.yaml in `c:\Users\USUARIO\Documents\tpAngularAPI\dataconnect`
 {"metadata":{"emulator":{"name":"dataconnect"},"message":"E0211 12:01:31.086580    9376 watch.go:40] Failed to load config from \"c:\\\\Users\\\\USUARIO\\\\Documents\\\\tpAngularAPI\\\\dataconnect\": could not find dataconnect.yaml in `c:\\Users\\USUARIO\\Documents\\tpAngularAPI\\dataconnect`\n"}}
[debug] [2026-02-11T15:01:41.088Z] E0211 12:01:41.087644    9376 watch.go:40] Failed to load config from "c:\\Users\\USUARIO\\Documents\\tpAngularAPI\\dataconnect": could not find dataconnect.yaml in `c:\Users\USUARIO\Documents\tpAngularAPI\dataconnect`
 {"metadata":{"emulator":{"name":"dataconnect"},"message":"E0211 12:01:41.087644    9376 watch.go:40] Failed to load config from \"c:\\\\Users\\\\USUARIO\\\\Documents\\\\tpAngularAPI\\\\dataconnect\": could not find dataconnect.yaml in `c:\\Users\\USUARIO\\Documents\\tpAngularAPI\\dataconnect`\n"}}
[debug] [2026-02-11T15:01:51.089Z] E0211 12:01:51.088361    9376 watch.go:40] Failed to load config from "c:\\Users\\USUARIO\\Documents\\tpAngularAPI\\dataconnect": could not find dataconnect.yaml in `c:\Users\USUARIO\Documents\tpAngularAPI\dataconnect`
 {"metadata":{"emulator":{"name":"dataconnect"},"message":"E0211 12:01:51.088361    9376 watch.go:40] Failed to load config from \"c:\\\\Users\\\\USUARIO\\\\Documents\\\\tpAngularAPI\\\\dataconnect\": could not find dataconnect.yaml in `c:\\Users\\USUARIO\\Documents\\tpAngularAPI\\dataconnect`\n"}}
[debug] [2026-02-11T15:02:01.087Z] E0211 12:02:01.086563    9376 watch.go:40] Failed to load config from "c:\\Users\\USUARIO\\Documents\\tpAngularAPI\\dataconnect": could not find dataconnect.yaml in `c:\Users\USUARIO\Documents\tpAngularAPI\dataconnect`
 {"metadata":{"emulator":{"name":"dataconnect"},"message":"E0211 12:02:01.086563    9376 watch.go:40] Failed to load config from \"c:\\\\Users\\\\USUARIO\\\\Documents\\\\tpAngularAPI\\\\dataconnect\": could not find dataconnect.yaml in `c:\\Users\\USUARIO\\Documents\\tpAngularAPI\\dataconnect`\n"}}
[debug] [2026-02-11T15:02:11.087Z] E0211 12:02:11.086798    9376 watch.go:40] Failed to load config from "c:\\Users\\USUARIO\\Documents\\tpAngularAPI\\dataconnect": could not find dataconnect.yaml in `c:\Users\USUARIO\Documents\tpAngularAPI\dataconnect`
 {"metadata":{"emulator":{"name":"dataconnect"},"message":"E0211 12:02:11.086798    9376 watch.go:40] Failed to load config from \"c:\\\\Users\\\\USUARIO\\\\Documents\\\\tpAngularAPI\\\\dataconnect\": could not find dataconnect.yaml in `c:\\Users\\USUARIO\\Documents\\tpAngularAPI\\dataconnect`\n"}}
[debug] [2026-02-11T15:02:21.087Z] E0211 12:02:21.086812    9376 watch.go:116] watchAllDir unable to walk dir `c:\Users\USUARIO\Documents\tpAngularAPI\dataconnect`: CreateFile c:\Users\USUARIO\Documents\tpAngularAPI\dataconnect: The system cannot find the file specified.
 {"metadata":{"emulator":{"name":"dataconnect"},"message":"E0211 12:02:21.086812    9376 watch.go:116] watchAllDir unable to walk dir `c:\\Users\\USUARIO\\Documents\\tpAngularAPI\\dataconnect`: CreateFile c:\\Users\\USUARIO\\Documents\\tpAngularAPI\\dataconnect: The system cannot find the file specified.\n"}}
[debug] [2026-02-11T15:02:21.088Z] E0211 12:02:21.086812    9376 watch.go:40] Failed to load config from "c:\\Users\\USUARIO\\Documents\\tpAngularAPI\\dataconnect": could not find dataconnect.yaml in `c:\Users\USUARIO\Documents\tpAngularAPI\dataconnect`
 {"metadata":{"emulator":{"name":"dataconnect"},"message":"E0211 12:02:21.086812    9376 watch.go:40] Failed to load config from \"c:\\\\Users\\\\USUARIO\\\\Documents\\\\tpAngularAPI\\\\dataconnect\": could not find dataconnect.yaml in `c:\\Users\\USUARIO\\Documents\\tpAngularAPI\\dataconnect`\n"}}
[debug] [2026-02-11T15:02:31.087Z] E0211 12:02:31.087130    9376 watch.go:40] Failed to load config from "c:\\Users\\USUARIO\\Documents\\tpAngularAPI\\dataconnect": could not find dataconnect.yaml in `c:\Users\USUARIO\Documents\tpAngularAPI\dataconnect`
 {"metadata":{"emulator":{"name":"dataconnect"},"message":"E0211 12:02:31.087130    9376 watch.go:40] Failed to load config from \"c:\\\\Users\\\\USUARIO\\\\Documents\\\\tpAngularAPI\\\\dataconnect\": could not find dataconnect.yaml in `c:\\Users\\USUARIO\\Documents\\tpAngularAPI\\dataconnect`\n"}}
[debug] [2026-02-11T15:02:41.087Z] E0211 12:02:41.086568    9376 watch.go:40] Failed to load config from "c:\\Users\\USUARIO\\Documents\\tpAngularAPI\\dataconnect": could not find dataconnect.yaml in `c:\Users\USUARIO\Documents\tpAngularAPI\dataconnect`
 {"metadata":{"emulator":{"name":"dataconnect"},"message":"E0211 12:02:41.086568    9376 watch.go:40] Failed to load config from \"c:\\\\Users\\\\USUARIO\\\\Documents\\\\tpAngularAPI\\\\dataconnect\": could not find dataconnect.yaml in `c:\\Users\\USUARIO\\Documents\\tpAngularAPI\\dataconnect`\n"}}
[debug] [2026-02-11T15:02:51.087Z] E0211 12:02:51.086826    9376 watch.go:40] Failed to load config from "c:\\Users\\USUARIO\\Documents\\tpAngularAPI\\dataconnect": could not find dataconnect.yaml in `c:\Users\USUARIO\Documents\tpAngularAPI\dataconnect`
 {"metadata":{"emulator":{"name":"dataconnect"},"message":"E0211 12:02:51.086826    9376 watch.go:40] Failed to load config from \"c:\\\\Users\\\\USUARIO\\\\Documents\\\\tpAngularAPI\\\\dataconnect\": could not find dataconnect.yaml in `c:\\Users\\USUARIO\\Documents\\tpAngularAPI\\dataconnect`\n"}}
[debug] [2026-02-11T15:03:01.087Z] E0211 12:03:01.087133    9376 watch.go:40] Failed to load config from "c:\\Users\\USUARIO\\Documents\\tpAngularAPI\\dataconnect": could not find dataconnect.yaml in `c:\Users\USUARIO\Documents\tpAngularAPI\dataconnect`
 {"metadata":{"emulator":{"name":"dataconnect"},"message":"E0211 12:03:01.087133    9376 watch.go:40] Failed to load config from \"c:\\\\Users\\\\USUARIO\\\\Documents\\\\tpAngularAPI\\\\dataconnect\": could not find dataconnect.yaml in `c:\\Users\\USUARIO\\Documents\\tpAngularAPI\\dataconnect`\n"}}
[debug] [2026-02-11T15:03:11.088Z] E0211 12:03:11.087287    9376 watch.go:40] Failed to load config from "c:\\Users\\USUARIO\\Documents\\tpAngularAPI\\dataconnect": could not find dataconnect.yaml in `c:\Users\USUARIO\Documents\tpAngularAPI\dataconnect`
 {"metadata":{"emulator":{"name":"dataconnect"},"message":"E0211 12:03:11.087287    9376 watch.go:40] Failed to load config from \"c:\\\\Users\\\\USUARIO\\\\Documents\\\\tpAngularAPI\\\\dataconnect\": could not find dataconnect.yaml in `c:\\Users\\USUARIO\\Documents\\tpAngularAPI\\dataconnect`\n"}}
[debug] [2026-02-11T15:03:21.087Z] E0211 12:03:21.086790    9376 watch.go:116] watchAllDir unable to walk dir `c:\Users\USUARIO\Documents\tpAngularAPI\dataconnect`: CreateFile c:\Users\USUARIO\Documents\tpAngularAPI\dataconnect: The system cannot find the file specified.
 {"metadata":{"emulator":{"name":"dataconnect"},"message":"E0211 12:03:21.086790    9376 watch.go:116] watchAllDir unable to walk dir `c:\\Users\\USUARIO\\Documents\\tpAngularAPI\\dataconnect`: CreateFile c:\\Users\\USUARIO\\Documents\\tpAngularAPI\\dataconnect: The system cannot find the file specified.\n"}}
[debug] [2026-02-11T15:03:21.087Z] E0211 12:03:21.086790    9376 watch.go:40] Failed to load config from "c:\\Users\\USUARIO\\Documents\\tpAngularAPI\\dataconnect": could not find dataconnect.yaml in `c:\Users\USUARIO\Documents\tpAngularAPI\dataconnect`
 {"metadata":{"emulator":{"name":"dataconnect"},"message":"E0211 12:03:21.086790    9376 watch.go:40] Failed to load config from \"c:\\\\Users\\\\USUARIO\\\\Documents\\\\tpAngularAPI\\\\dataconnect\": could not find dataconnect.yaml in `c:\\Users\\USUARIO\\Documents\\tpAngularAPI\\dataconnect`\n"}}
[debug] [2026-02-11T15:03:31.087Z] E0211 12:03:31.086788    9376 watch.go:40] Failed to load config from "c:\\Users\\USUARIO\\Documents\\tpAngularAPI\\dataconnect": could not find dataconnect.yaml in `c:\Users\USUARIO\Documents\tpAngularAPI\dataconnect`
 {"metadata":{"emulator":{"name":"dataconnect"},"message":"E0211 12:03:31.086788    9376 watch.go:40] Failed to load config from \"c:\\\\Users\\\\USUARIO\\\\Documents\\\\tpAngularAPI\\\\dataconnect\": could not find dataconnect.yaml in `c:\\Users\\USUARIO\\Documents\\tpAngularAPI\\dataconnect`\n"}}
[debug] [2026-02-11T15:03:41.087Z] E0211 12:03:41.086596    9376 watch.go:40] Failed to load config from "c:\\Users\\USUARIO\\Documents\\tpAngularAPI\\dataconnect": could not find dataconnect.yaml in `c:\Users\USUARIO\Documents\tpAngularAPI\dataconnect`
 {"metadata":{"emulator":{"name":"dataconnect"},"message":"E0211 12:03:41.086596    9376 watch.go:40] Failed to load config from \"c:\\\\Users\\\\USUARIO\\\\Documents\\\\tpAngularAPI\\\\dataconnect\": could not find dataconnect.yaml in `c:\\Users\\USUARIO\\Documents\\tpAngularAPI\\dataconnect`\n"}}
[debug] [2026-02-11T15:03:51.087Z] E0211 12:03:51.086587    9376 watch.go:40] Failed to load config from "c:\\Users\\USUARIO\\Documents\\tpAngularAPI\\dataconnect": could not find dataconnect.yaml in `c:\Users\USUARIO\Documents\tpAngularAPI\dataconnect`
 {"metadata":{"emulator":{"name":"dataconnect"},"message":"E0211 12:03:51.086587    9376 watch.go:40] Failed to load config from \"c:\\\\Users\\\\USUARIO\\\\Documents\\\\tpAngularAPI\\\\dataconnect\": could not find dataconnect.yaml in `c:\\Users\\USUARIO\\Documents\\tpAngularAPI\\dataconnect`\n"}}
[debug] [2026-02-11T15:04:01.087Z] E0211 12:04:01.088440    9376 watch.go:40] Failed to load config from "c:\\Users\\USUARIO\\Documents\\tpAngularAPI\\dataconnect": could not find dataconnect.yaml in `c:\Users\USUARIO\Documents\tpAngularAPI\dataconnect`
 {"metadata":{"emulator":{"name":"dataconnect"},"message":"E0211 12:04:01.088440    9376 watch.go:40] Failed to load config from \"c:\\\\Users\\\\USUARIO\\\\Documents\\\\tpAngularAPI\\\\dataconnect\": could not find dataconnect.yaml in `c:\\Users\\USUARIO\\Documents\\tpAngularAPI\\dataconnect`\n"}}
[debug] [2026-02-11T15:04:11.086Z] E0211 12:04:11.086868    9376 watch.go:40] Failed to load config from "c:\\Users\\USUARIO\\Documents\\tpAngularAPI\\dataconnect": could not find dataconnect.yaml in `c:\Users\USUARIO\Documents\tpAngularAPI\dataconnect`
 {"metadata":{"emulator":{"name":"dataconnect"},"message":"E0211 12:04:11.086868    9376 watch.go:40] Failed to load config from \"c:\\\\Users\\\\USUARIO\\\\Documents\\\\tpAngularAPI\\\\dataconnect\": could not find dataconnect.yaml in `c:\\Users\\USUARIO\\Documents\\tpAngularAPI\\dataconnect`\n"}}
[debug] [2026-02-11T15:04:21.086Z] E0211 12:04:21.086585    9376 watch.go:116] watchAllDir unable to walk dir `c:\Users\USUARIO\Documents\tpAngularAPI\dataconnect`: CreateFile c:\Users\USUARIO\Documents\tpAngularAPI\dataconnect: The system cannot find the file specified.
 {"metadata":{"emulator":{"name":"dataconnect"},"message":"E0211 12:04:21.086585    9376 watch.go:116] watchAllDir unable to walk dir `c:\\Users\\USUARIO\\Documents\\tpAngularAPI\\dataconnect`: CreateFile c:\\Users\\USUARIO\\Documents\\tpAngularAPI\\dataconnect: The system cannot find the file specified.\n"}}
[debug] [2026-02-11T15:04:21.087Z] E0211 12:04:21.086585    9376 watch.go:40] Failed to load config from "c:\\Users\\USUARIO\\Documents\\tpAngularAPI\\dataconnect": could not find dataconnect.yaml in `c:\Users\USUARIO\Documents\tpAngularAPI\dataconnect`
 {"metadata":{"emulator":{"name":"dataconnect"},"message":"E0211 12:04:21.086585    9376 watch.go:40] Failed to load config from \"c:\\\\Users\\\\USUARIO\\\\Documents\\\\tpAngularAPI\\\\dataconnect\": could not find dataconnect.yaml in `c:\\Users\\USUARIO\\Documents\\tpAngularAPI\\dataconnect`\n"}}
[debug] [2026-02-11T15:04:31.086Z] E0211 12:04:31.086946    9376 watch.go:40] Failed to load config from "c:\\Users\\USUARIO\\Documents\\tpAngularAPI\\dataconnect": could not find dataconnect.yaml in `c:\Users\USUARIO\Documents\tpAngularAPI\dataconnect`
 {"metadata":{"emulator":{"name":"dataconnect"},"message":"E0211 12:04:31.086946    9376 watch.go:40] Failed to load config from \"c:\\\\Users\\\\USUARIO\\\\Documents\\\\tpAngularAPI\\\\dataconnect\": could not find dataconnect.yaml in `c:\\Users\\USUARIO\\Documents\\tpAngularAPI\\dataconnect`\n"}}
[debug] [2026-02-11T15:04:41.086Z] E0211 12:04:41.086948    9376 watch.go:40] Failed to load config from "c:\\Users\\USUARIO\\Documents\\tpAngularAPI\\dataconnect": could not find dataconnect.yaml in `c:\Users\USUARIO\Documents\tpAngularAPI\dataconnect`
 {"metadata":{"emulator":{"name":"dataconnect"},"message":"E0211 12:04:41.086948    9376 watch.go:40] Failed to load config from \"c:\\\\Users\\\\USUARIO\\\\Documents\\\\tpAngularAPI\\\\dataconnect\": could not find dataconnect.yaml in `c:\\Users\\USUARIO\\Documents\\tpAngularAPI\\dataconnect`\n"}}
[debug] [2026-02-11T15:04:51.086Z] E0211 12:04:51.086582    9376 watch.go:40] Failed to load config from "c:\\Users\\USUARIO\\Documents\\tpAngularAPI\\dataconnect": could not find dataconnect.yaml in `c:\Users\USUARIO\Documents\tpAngularAPI\dataconnect`
 {"metadata":{"emulator":{"name":"dataconnect"},"message":"E0211 12:04:51.086582    9376 watch.go:40] Failed to load config from \"c:\\\\Users\\\\USUARIO\\\\Documents\\\\tpAngularAPI\\\\dataconnect\": could not find dataconnect.yaml in `c:\\Users\\USUARIO\\Documents\\tpAngularAPI\\dataconnect`\n"}}
[debug] [2026-02-11T15:05:01.086Z] E0211 12:05:01.086661    9376 watch.go:40] Failed to load config from "c:\\Users\\USUARIO\\Documents\\tpAngularAPI\\dataconnect": could not find dataconnect.yaml in `c:\Users\USUARIO\Documents\tpAngularAPI\dataconnect`
 {"metadata":{"emulator":{"name":"dataconnect"},"message":"E0211 12:05:01.086661    9376 watch.go:40] Failed to load config from \"c:\\\\Users\\\\USUARIO\\\\Documents\\\\tpAngularAPI\\\\dataconnect\": could not find dataconnect.yaml in `c:\\Users\\USUARIO\\Documents\\tpAngularAPI\\dataconnect`\n"}}
[debug] [2026-02-11T15:05:11.086Z] E0211 12:05:11.086667    9376 watch.go:40] Failed to load config from "c:\\Users\\USUARIO\\Documents\\tpAngularAPI\\dataconnect": could not find dataconnect.yaml in `c:\Users\USUARIO\Documents\tpAngularAPI\dataconnect`
 {"metadata":{"emulator":{"name":"dataconnect"},"message":"E0211 12:05:11.086667    9376 watch.go:40] Failed to load config from \"c:\\\\Users\\\\USUARIO\\\\Documents\\\\tpAngularAPI\\\\dataconnect\": could not find dataconnect.yaml in `c:\\Users\\USUARIO\\Documents\\tpAngularAPI\\dataconnect`\n"}}
[debug] [2026-02-11T15:05:21.086Z] E0211 12:05:21.086596    9376 watch.go:116] watchAllDir unable to walk dir `c:\Users\USUARIO\Documents\tpAngularAPI\dataconnect`: CreateFile c:\Users\USUARIO\Documents\tpAngularAPI\dataconnect: The system cannot find the file specified.
 {"metadata":{"emulator":{"name":"dataconnect"},"message":"E0211 12:05:21.086596    9376 watch.go:116] watchAllDir unable to walk dir `c:\\Users\\USUARIO\\Documents\\tpAngularAPI\\dataconnect`: CreateFile c:\\Users\\USUARIO\\Documents\\tpAngularAPI\\dataconnect: The system cannot find the file specified.\n"}}
[debug] [2026-02-11T15:05:21.087Z] E0211 12:05:21.086596    9376 watch.go:40] Failed to load config from "c:\\Users\\USUARIO\\Documents\\tpAngularAPI\\dataconnect": could not find dataconnect.yaml in `c:\Users\USUARIO\Documents\tpAngularAPI\dataconnect`
 {"metadata":{"emulator":{"name":"dataconnect"},"message":"E0211 12:05:21.086596    9376 watch.go:40] Failed to load config from \"c:\\\\Users\\\\USUARIO\\\\Documents\\\\tpAngularAPI\\\\dataconnect\": could not find dataconnect.yaml in `c:\\Users\\USUARIO\\Documents\\tpAngularAPI\\dataconnect`\n"}}
[debug] [2026-02-11T15:05:31.087Z] E0211 12:05:31.087309    9376 watch.go:40] Failed to load config from "c:\\Users\\USUARIO\\Documents\\tpAngularAPI\\dataconnect": could not find dataconnect.yaml in `c:\Users\USUARIO\Documents\tpAngularAPI\dataconnect`
 {"metadata":{"emulator":{"name":"dataconnect"},"message":"E0211 12:05:31.087309    9376 watch.go:40] Failed to load config from \"c:\\\\Users\\\\USUARIO\\\\Documents\\\\tpAngularAPI\\\\dataconnect\": could not find dataconnect.yaml in `c:\\Users\\USUARIO\\Documents\\tpAngularAPI\\dataconnect`\n"}}
[debug] [2026-02-11T15:05:41.086Z] E0211 12:05:41.086609    9376 watch.go:40] Failed to load config from "c:\\Users\\USUARIO\\Documents\\tpAngularAPI\\dataconnect": could not find dataconnect.yaml in `c:\Users\USUARIO\Documents\tpAngularAPI\dataconnect`
 {"metadata":{"emulator":{"name":"dataconnect"},"message":"E0211 12:05:41.086609    9376 watch.go:40] Failed to load config from \"c:\\\\Users\\\\USUARIO\\\\Documents\\\\tpAngularAPI\\\\dataconnect\": could not find dataconnect.yaml in `c:\\Users\\USUARIO\\Documents\\tpAngularAPI\\dataconnect`\n"}}
[debug] [2026-02-11T15:05:51.087Z] E0211 12:05:51.088106    9376 watch.go:40] Failed to load config from "c:\\Users\\USUARIO\\Documents\\tpAngularAPI\\dataconnect": could not find dataconnect.yaml in `c:\Users\USUARIO\Documents\tpAngularAPI\dataconnect`
 {"metadata":{"emulator":{"name":"dataconnect"},"message":"E0211 12:05:51.088106    9376 watch.go:40] Failed to load config from \"c:\\\\Users\\\\USUARIO\\\\Documents\\\\tpAngularAPI\\\\dataconnect\": could not find dataconnect.yaml in `c:\\Users\\USUARIO\\Documents\\tpAngularAPI\\dataconnect`\n"}}
[debug] [2026-02-11T15:06:01.087Z] E0211 12:06:01.086790    9376 watch.go:40] Failed to load config from "c:\\Users\\USUARIO\\Documents\\tpAngularAPI\\dataconnect": could not find dataconnect.yaml in `c:\Users\USUARIO\Documents\tpAngularAPI\dataconnect`
 {"metadata":{"emulator":{"name":"dataconnect"},"message":"E0211 12:06:01.086790    9376 watch.go:40] Failed to load config from \"c:\\\\Users\\\\USUARIO\\\\Documents\\\\tpAngularAPI\\\\dataconnect\": could not find dataconnect.yaml in `c:\\Users\\USUARIO\\Documents\\tpAngularAPI\\dataconnect`\n"}}
[debug] [2026-02-11T15:06:11.088Z] E0211 12:06:11.087640    9376 watch.go:40] Failed to load config from "c:\\Users\\USUARIO\\Documents\\tpAngularAPI\\dataconnect": could not find dataconnect.yaml in `c:\Users\USUARIO\Documents\tpAngularAPI\dataconnect`
 {"metadata":{"emulator":{"name":"dataconnect"},"message":"E0211 12:06:11.087640    9376 watch.go:40] Failed to load config from \"c:\\\\Users\\\\USUARIO\\\\Documents\\\\tpAngularAPI\\\\dataconnect\": could not find dataconnect.yaml in `c:\\Users\\USUARIO\\Documents\\tpAngularAPI\\dataconnect`\n"}}
[debug] [2026-02-11T15:06:21.087Z] E0211 12:06:21.086659    9376 watch.go:116] watchAllDir unable to walk dir `c:\Users\USUARIO\Documents\tpAngularAPI\dataconnect`: CreateFile c:\Users\USUARIO\Documents\tpAngularAPI\dataconnect: The system cannot find the file specified.
 {"metadata":{"emulator":{"name":"dataconnect"},"message":"E0211 12:06:21.086659    9376 watch.go:116] watchAllDir unable to walk dir `c:\\Users\\USUARIO\\Documents\\tpAngularAPI\\dataconnect`: CreateFile c:\\Users\\USUARIO\\Documents\\tpAngularAPI\\dataconnect: The system cannot find the file specified.\n"}}
[debug] [2026-02-11T15:06:21.088Z] E0211 12:06:21.086659    9376 watch.go:40] Failed to load config from "c:\\Users\\USUARIO\\Documents\\tpAngularAPI\\dataconnect": could not find dataconnect.yaml in `c:\Users\USUARIO\Documents\tpAngularAPI\dataconnect`
 {"metadata":{"emulator":{"name":"dataconnect"},"message":"E0211 12:06:21.086659    9376 watch.go:40] Failed to load config from \"c:\\\\Users\\\\USUARIO\\\\Documents\\\\tpAngularAPI\\\\dataconnect\": could not find dataconnect.yaml in `c:\\Users\\USUARIO\\Documents\\tpAngularAPI\\dataconnect`\n"}}
[debug] [2026-02-11T15:06:31.087Z] E0211 12:06:31.086794    9376 watch.go:40] Failed to load config from "c:\\Users\\USUARIO\\Documents\\tpAngularAPI\\dataconnect": could not find dataconnect.yaml in `c:\Users\USUARIO\Documents\tpAngularAPI\dataconnect`
 {"metadata":{"emulator":{"name":"dataconnect"},"message":"E0211 12:06:31.086794    9376 watch.go:40] Failed to load config from \"c:\\\\Users\\\\USUARIO\\\\Documents\\\\tpAngularAPI\\\\dataconnect\": could not find dataconnect.yaml in `c:\\Users\\USUARIO\\Documents\\tpAngularAPI\\dataconnect`\n"}}
[debug] [2026-02-11T15:06:41.087Z] E0211 12:06:41.086825    9376 watch.go:40] Failed to load config from "c:\\Users\\USUARIO\\Documents\\tpAngularAPI\\dataconnect": could not find dataconnect.yaml in `c:\Users\USUARIO\Documents\tpAngularAPI\dataconnect`
 {"metadata":{"emulator":{"name":"dataconnect"},"message":"E0211 12:06:41.086825    9376 watch.go:40] Failed to load config from \"c:\\\\Users\\\\USUARIO\\\\Documents\\\\tpAngularAPI\\\\dataconnect\": could not find dataconnect.yaml in `c:\\Users\\USUARIO\\Documents\\tpAngularAPI\\dataconnect`\n"}}
[debug] [2026-02-11T15:06:51.087Z] E0211 12:06:51.087117    9376 watch.go:40] Failed to load config from "c:\\Users\\USUARIO\\Documents\\tpAngularAPI\\dataconnect": could not find dataconnect.yaml in `c:\Users\USUARIO\Documents\tpAngularAPI\dataconnect`
 {"metadata":{"emulator":{"name":"dataconnect"},"message":"E0211 12:06:51.087117    9376 watch.go:40] Failed to load config from \"c:\\\\Users\\\\USUARIO\\\\Documents\\\\tpAngularAPI\\\\dataconnect\": could not find dataconnect.yaml in `c:\\Users\\USUARIO\\Documents\\tpAngularAPI\\dataconnect`\n"}}
[debug] [2026-02-11T15:07:01.087Z] E0211 12:07:01.086560    9376 watch.go:40] Failed to load config from "c:\\Users\\USUARIO\\Documents\\tpAngularAPI\\dataconnect": could not find dataconnect.yaml in `c:\Users\USUARIO\Documents\tpAngularAPI\dataconnect`
 {"metadata":{"emulator":{"name":"dataconnect"},"message":"E0211 12:07:01.086560    9376 watch.go:40] Failed to load config from \"c:\\\\Users\\\\USUARIO\\\\Documents\\\\tpAngularAPI\\\\dataconnect\": could not find dataconnect.yaml in `c:\\Users\\USUARIO\\Documents\\tpAngularAPI\\dataconnect`\n"}}
[debug] [2026-02-11T15:07:11.087Z] E0211 12:07:11.086861    9376 watch.go:40] Failed to load config from "c:\\Users\\USUARIO\\Documents\\tpAngularAPI\\dataconnect": could not find dataconnect.yaml in `c:\Users\USUARIO\Documents\tpAngularAPI\dataconnect`
 {"metadata":{"emulator":{"name":"dataconnect"},"message":"E0211 12:07:11.086861    9376 watch.go:40] Failed to load config from \"c:\\\\Users\\\\USUARIO\\\\Documents\\\\tpAngularAPI\\\\dataconnect\": could not find dataconnect.yaml in `c:\\Users\\USUARIO\\Documents\\tpAngularAPI\\dataconnect`\n"}}
[debug] [2026-02-11T15:07:21.086Z] E0211 12:07:21.086587    9376 watch.go:116] watchAllDir unable to walk dir `c:\Users\USUARIO\Documents\tpAngularAPI\dataconnect`: CreateFile c:\Users\USUARIO\Documents\tpAngularAPI\dataconnect: The system cannot find the file specified.
 {"metadata":{"emulator":{"name":"dataconnect"},"message":"E0211 12:07:21.086587    9376 watch.go:116] watchAllDir unable to walk dir `c:\\Users\\USUARIO\\Documents\\tpAngularAPI\\dataconnect`: CreateFile c:\\Users\\USUARIO\\Documents\\tpAngularAPI\\dataconnect: The system cannot find the file specified.\n"}}
[debug] [2026-02-11T15:07:21.087Z] E0211 12:07:21.086587    9376 watch.go:40] Failed to load config from "c:\\Users\\USUARIO\\Documents\\tpAngularAPI\\dataconnect": could not find dataconnect.yaml in `c:\Users\USUARIO\Documents\tpAngularAPI\dataconnect`
 {"metadata":{"emulator":{"name":"dataconnect"},"message":"E0211 12:07:21.086587    9376 watch.go:40] Failed to load config from \"c:\\\\Users\\\\USUARIO\\\\Documents\\\\tpAngularAPI\\\\dataconnect\": could not find dataconnect.yaml in `c:\\Users\\USUARIO\\Documents\\tpAngularAPI\\dataconnect`\n"}}
[debug] [2026-02-11T15:07:31.087Z] E0211 12:07:31.087358    9376 watch.go:40] Failed to load config from "c:\\Users\\USUARIO\\Documents\\tpAngularAPI\\dataconnect": could not find dataconnect.yaml in `c:\Users\USUARIO\Documents\tpAngularAPI\dataconnect`
 {"metadata":{"emulator":{"name":"dataconnect"},"message":"E0211 12:07:31.087358    9376 watch.go:40] Failed to load config from \"c:\\\\Users\\\\USUARIO\\\\Documents\\\\tpAngularAPI\\\\dataconnect\": could not find dataconnect.yaml in `c:\\Users\\USUARIO\\Documents\\tpAngularAPI\\dataconnect`\n"}}
[debug] [2026-02-11T15:07:41.087Z] E0211 12:07:41.087127    9376 watch.go:40] Failed to load config from "c:\\Users\\USUARIO\\Documents\\tpAngularAPI\\dataconnect": could not find dataconnect.yaml in `c:\Users\USUARIO\Documents\tpAngularAPI\dataconnect`
 {"metadata":{"emulator":{"name":"dataconnect"},"message":"E0211 12:07:41.087127    9376 watch.go:40] Failed to load config from \"c:\\\\Users\\\\USUARIO\\\\Documents\\\\tpAngularAPI\\\\dataconnect\": could not find dataconnect.yaml in `c:\\Users\\USUARIO\\Documents\\tpAngularAPI\\dataconnect`\n"}}
[debug] [2026-02-11T15:07:51.087Z] E0211 12:07:51.086846    9376 watch.go:40] Failed to load config from "c:\\Users\\USUARIO\\Documents\\tpAngularAPI\\dataconnect": could not find dataconnect.yaml in `c:\Users\USUARIO\Documents\tpAngularAPI\dataconnect`
 {"metadata":{"emulator":{"name":"dataconnect"},"message":"E0211 12:07:51.086846    9376 watch.go:40] Failed to load config from \"c:\\\\Users\\\\USUARIO\\\\Documents\\\\tpAngularAPI\\\\dataconnect\": could not find dataconnect.yaml in `c:\\Users\\USUARIO\\Documents\\tpAngularAPI\\dataconnect`\n"}}
[debug] [2026-02-11T15:08:01.086Z] E0211 12:08:01.086555    9376 watch.go:40] Failed to load config from "c:\\Users\\USUARIO\\Documents\\tpAngularAPI\\dataconnect": could not find dataconnect.yaml in `c:\Users\USUARIO\Documents\tpAngularAPI\dataconnect`
 {"metadata":{"emulator":{"name":"dataconnect"},"message":"E0211 12:08:01.086555    9376 watch.go:40] Failed to load config from \"c:\\\\Users\\\\USUARIO\\\\Documents\\\\tpAngularAPI\\\\dataconnect\": could not find dataconnect.yaml in `c:\\Users\\USUARIO\\Documents\\tpAngularAPI\\dataconnect`\n"}}
[debug] [2026-02-11T15:08:11.086Z] E0211 12:08:11.086622    9376 watch.go:40] Failed to load config from "c:\\Users\\USUARIO\\Documents\\tpAngularAPI\\dataconnect": could not find dataconnect.yaml in `c:\Users\USUARIO\Documents\tpAngularAPI\dataconnect`
 {"metadata":{"emulator":{"name":"dataconnect"},"message":"E0211 12:08:11.086622    9376 watch.go:40] Failed to load config from \"c:\\\\Users\\\\USUARIO\\\\Documents\\\\tpAngularAPI\\\\dataconnect\": could not find dataconnect.yaml in `c:\\Users\\USUARIO\\Documents\\tpAngularAPI\\dataconnect`\n"}}
[debug] [2026-02-11T15:08:21.086Z] E0211 12:08:21.087059    9376 watch.go:116] watchAllDir unable to walk dir `c:\Users\USUARIO\Documents\tpAngularAPI\dataconnect`: CreateFile c:\Users\USUARIO\Documents\tpAngularAPI\dataconnect: The system cannot find the file specified.
E0211 12:08:21.087059    9376 watch.go:40] Failed to load config from "c:\\Users\\USUARIO\\Documents\\tpAngularAPI\\dataconnect": could not find dataconnect.yaml in `c:\Users\USUARIO\Documents\tpAngularAPI\dataconnect`
 {"metadata":{"emulator":{"name":"dataconnect"},"message":"E0211 12:08:21.087059    9376 watch.go:116] watchAllDir unable to walk dir `c:\\Users\\USUARIO\\Documents\\tpAngularAPI\\dataconnect`: CreateFile c:\\Users\\USUARIO\\Documents\\tpAngularAPI\\dataconnect: The system cannot find the file specified.\nE0211 12:08:21.087059    9376 watch.go:40] Failed to load config from \"c:\\\\Users\\\\USUARIO\\\\Documents\\\\tpAngularAPI\\\\dataconnect\": could not find dataconnect.yaml in `c:\\Users\\USUARIO\\Documents\\tpAngularAPI\\dataconnect`\n"}}
[debug] [2026-02-11T15:08:31.086Z] E0211 12:08:31.087099    9376 watch.go:40] Failed to load config from "c:\\Users\\USUARIO\\Documents\\tpAngularAPI\\dataconnect": could not find dataconnect.yaml in `c:\Users\USUARIO\Documents\tpAngularAPI\dataconnect`
 {"metadata":{"emulator":{"name":"dataconnect"},"message":"E0211 12:08:31.087099    9376 watch.go:40] Failed to load config from \"c:\\\\Users\\\\USUARIO\\\\Documents\\\\tpAngularAPI\\\\dataconnect\": could not find dataconnect.yaml in `c:\\Users\\USUARIO\\Documents\\tpAngularAPI\\dataconnect`\n"}}
[debug] [2026-02-11T15:08:41.086Z] E0211 12:08:41.086564    9376 watch.go:40] Failed to load config from "c:\\Users\\USUARIO\\Documents\\tpAngularAPI\\dataconnect": could not find dataconnect.yaml in `c:\Users\USUARIO\Documents\tpAngularAPI\dataconnect`
 {"metadata":{"emulator":{"name":"dataconnect"},"message":"E0211 12:08:41.086564    9376 watch.go:40] Failed to load config from \"c:\\\\Users\\\\USUARIO\\\\Documents\\\\tpAngularAPI\\\\dataconnect\": could not find dataconnect.yaml in `c:\\Users\\USUARIO\\Documents\\tpAngularAPI\\dataconnect`\n"}}
[debug] [2026-02-11T15:08:51.086Z] E0211 12:08:51.086560    9376 watch.go:40] Failed to load config from "c:\\Users\\USUARIO\\Documents\\tpAngularAPI\\dataconnect": could not find dataconnect.yaml in `c:\Users\USUARIO\Documents\tpAngularAPI\dataconnect`
 {"metadata":{"emulator":{"name":"dataconnect"},"message":"E0211 12:08:51.086560    9376 watch.go:40] Failed to load config from \"c:\\\\Users\\\\USUARIO\\\\Documents\\\\tpAngularAPI\\\\dataconnect\": could not find dataconnect.yaml in `c:\\Users\\USUARIO\\Documents\\tpAngularAPI\\dataconnect`\n"}}
[debug] [2026-02-11T15:09:01.086Z] E0211 12:09:01.086568    9376 watch.go:40] Failed to load config from "c:\\Users\\USUARIO\\Documents\\tpAngularAPI\\dataconnect": could not find dataconnect.yaml in `c:\Users\USUARIO\Documents\tpAngularAPI\dataconnect`
 {"metadata":{"emulator":{"name":"dataconnect"},"message":"E0211 12:09:01.086568    9376 watch.go:40] Failed to load config from \"c:\\\\Users\\\\USUARIO\\\\Documents\\\\tpAngularAPI\\\\dataconnect\": could not find dataconnect.yaml in `c:\\Users\\USUARIO\\Documents\\tpAngularAPI\\dataconnect`\n"}}
[debug] [2026-02-11T15:09:11.086Z] E0211 12:09:11.086581    9376 watch.go:40] Failed to load config from "c:\\Users\\USUARIO\\Documents\\tpAngularAPI\\dataconnect": could not find dataconnect.yaml in `c:\Users\USUARIO\Documents\tpAngularAPI\dataconnect`
 {"metadata":{"emulator":{"name":"dataconnect"},"message":"E0211 12:09:11.086581    9376 watch.go:40] Failed to load config from \"c:\\\\Users\\\\USUARIO\\\\Documents\\\\tpAngularAPI\\\\dataconnect\": could not find dataconnect.yaml in `c:\\Users\\USUARIO\\Documents\\tpAngularAPI\\dataconnect`\n"}}
[debug] [2026-02-11T15:09:21.087Z] E0211 12:09:21.087763    9376 watch.go:116] watchAllDir unable to walk dir `c:\Users\USUARIO\Documents\tpAngularAPI\dataconnect`: CreateFile c:\Users\USUARIO\Documents\tpAngularAPI\dataconnect: The system cannot find the file specified.
 {"metadata":{"emulator":{"name":"dataconnect"},"message":"E0211 12:09:21.087763    9376 watch.go:116] watchAllDir unable to walk dir `c:\\Users\\USUARIO\\Documents\\tpAngularAPI\\dataconnect`: CreateFile c:\\Users\\USUARIO\\Documents\\tpAngularAPI\\dataconnect: The system cannot find the file specified.\n"}}
[debug] [2026-02-11T15:09:21.088Z] E0211 12:09:21.087763    9376 watch.go:40] Failed to load config from "c:\\Users\\USUARIO\\Documents\\tpAngularAPI\\dataconnect": could not find dataconnect.yaml in `c:\Users\USUARIO\Documents\tpAngularAPI\dataconnect`
 {"metadata":{"emulator":{"name":"dataconnect"},"message":"E0211 12:09:21.087763    9376 watch.go:40] Failed to load config from \"c:\\\\Users\\\\USUARIO\\\\Documents\\\\tpAngularAPI\\\\dataconnect\": could not find dataconnect.yaml in `c:\\Users\\USUARIO\\Documents\\tpAngularAPI\\dataconnect`\n"}}
[debug] [2026-02-11T15:09:31.086Z] E0211 12:09:31.087087    9376 watch.go:40] Failed to load config from "c:\\Users\\USUARIO\\Documents\\tpAngularAPI\\dataconnect": could not find dataconnect.yaml in `c:\Users\USUARIO\Documents\tpAngularAPI\dataconnect`
 {"metadata":{"emulator":{"name":"dataconnect"},"message":"E0211 12:09:31.087087    9376 watch.go:40] Failed to load config from \"c:\\\\Users\\\\USUARIO\\\\Documents\\\\tpAngularAPI\\\\dataconnect\": could not find dataconnect.yaml in `c:\\Users\\USUARIO\\Documents\\tpAngularAPI\\dataconnect`\n"}}
[debug] [2026-02-11T15:09:41.086Z] E0211 12:09:41.086724    9376 watch.go:40] Failed to load config from "c:\\Users\\USUARIO\\Documents\\tpAngularAPI\\dataconnect": could not find dataconnect.yaml in `c:\Users\USUARIO\Documents\tpAngularAPI\dataconnect`
 {"metadata":{"emulator":{"name":"dataconnect"},"message":"E0211 12:09:41.086724    9376 watch.go:40] Failed to load config from \"c:\\\\Users\\\\USUARIO\\\\Documents\\\\tpAngularAPI\\\\dataconnect\": could not find dataconnect.yaml in `c:\\Users\\USUARIO\\Documents\\tpAngularAPI\\dataconnect`\n"}}
[debug] [2026-02-11T15:09:51.086Z] E0211 12:09:51.086571    9376 watch.go:40] Failed to load config from "c:\\Users\\USUARIO\\Documents\\tpAngularAPI\\dataconnect": could not find dataconnect.yaml in `c:\Users\USUARIO\Documents\tpAngularAPI\dataconnect`
 {"metadata":{"emulator":{"name":"dataconnect"},"message":"E0211 12:09:51.086571    9376 watch.go:40] Failed to load config from \"c:\\\\Users\\\\USUARIO\\\\Documents\\\\tpAngularAPI\\\\dataconnect\": could not find dataconnect.yaml in `c:\\Users\\USUARIO\\Documents\\tpAngularAPI\\dataconnect`\n"}}
[debug] [2026-02-11T15:10:01.086Z] E0211 12:10:01.086876    9376 watch.go:40] Failed to load config from "c:\\Users\\USUARIO\\Documents\\tpAngularAPI\\dataconnect": could not find dataconnect.yaml in `c:\Users\USUARIO\Documents\tpAngularAPI\dataconnect`
 {"metadata":{"emulator":{"name":"dataconnect"},"message":"E0211 12:10:01.086876    9376 watch.go:40] Failed to load config from \"c:\\\\Users\\\\USUARIO\\\\Documents\\\\tpAngularAPI\\\\dataconnect\": could not find dataconnect.yaml in `c:\\Users\\USUARIO\\Documents\\tpAngularAPI\\dataconnect`\n"}}
[debug] [2026-02-11T15:10:11.087Z] E0211 12:10:11.087004    9376 watch.go:40] Failed to load config from "c:\\Users\\USUARIO\\Documents\\tpAngularAPI\\dataconnect": could not find dataconnect.yaml in `c:\Users\USUARIO\Documents\tpAngularAPI\dataconnect`
 {"metadata":{"emulator":{"name":"dataconnect"},"message":"E0211 12:10:11.087004    9376 watch.go:40] Failed to load config from \"c:\\\\Users\\\\USUARIO\\\\Documents\\\\tpAngularAPI\\\\dataconnect\": could not find dataconnect.yaml in `c:\\Users\\USUARIO\\Documents\\tpAngularAPI\\dataconnect`\n"}}
[debug] [2026-02-11T15:10:21.087Z] E0211 12:10:21.086650    9376 watch.go:116] watchAllDir unable to walk dir `c:\Users\USUARIO\Documents\tpAngularAPI\dataconnect`: CreateFile c:\Users\USUARIO\Documents\tpAngularAPI\dataconnect: The system cannot find the file specified.
 {"metadata":{"emulator":{"name":"dataconnect"},"message":"E0211 12:10:21.086650    9376 watch.go:116] watchAllDir unable to walk dir `c:\\Users\\USUARIO\\Documents\\tpAngularAPI\\dataconnect`: CreateFile c:\\Users\\USUARIO\\Documents\\tpAngularAPI\\dataconnect: The system cannot find the file specified.\n"}}
[debug] [2026-02-11T15:10:21.087Z] E0211 12:10:21.086650    9376 watch.go:40] Failed to load config from "c:\\Users\\USUARIO\\Documents\\tpAngularAPI\\dataconnect": could not find dataconnect.yaml in `c:\Users\USUARIO\Documents\tpAngularAPI\dataconnect`
 {"metadata":{"emulator":{"name":"dataconnect"},"message":"E0211 12:10:21.086650    9376 watch.go:40] Failed to load config from \"c:\\\\Users\\\\USUARIO\\\\Documents\\\\tpAngularAPI\\\\dataconnect\": could not find dataconnect.yaml in `c:\\Users\\USUARIO\\Documents\\tpAngularAPI\\dataconnect`\n"}}
[debug] [2026-02-11T15:10:31.087Z] E0211 12:10:31.086589    9376 watch.go:40] Failed to load config from "c:\\Users\\USUARIO\\Documents\\tpAngularAPI\\dataconnect": could not find dataconnect.yaml in `c:\Users\USUARIO\Documents\tpAngularAPI\dataconnect`
 {"metadata":{"emulator":{"name":"dataconnect"},"message":"E0211 12:10:31.086589    9376 watch.go:40] Failed to load config from \"c:\\\\Users\\\\USUARIO\\\\Documents\\\\tpAngularAPI\\\\dataconnect\": could not find dataconnect.yaml in `c:\\Users\\USUARIO\\Documents\\tpAngularAPI\\dataconnect`\n"}}
[debug] [2026-02-11T15:10:41.087Z] E0211 12:10:41.086960    9376 watch.go:40] Failed to load config from "c:\\Users\\USUARIO\\Documents\\tpAngularAPI\\dataconnect": could not find dataconnect.yaml in `c:\Users\USUARIO\Documents\tpAngularAPI\dataconnect`
 {"metadata":{"emulator":{"name":"dataconnect"},"message":"E0211 12:10:41.086960    9376 watch.go:40] Failed to load config from \"c:\\\\Users\\\\USUARIO\\\\Documents\\\\tpAngularAPI\\\\dataconnect\": could not find dataconnect.yaml in `c:\\Users\\USUARIO\\Documents\\tpAngularAPI\\dataconnect`\n"}}
[debug] [2026-02-11T15:10:51.087Z] E0211 12:10:51.086943    9376 watch.go:40] Failed to load config from "c:\\Users\\USUARIO\\Documents\\tpAngularAPI\\dataconnect": could not find dataconnect.yaml in `c:\Users\USUARIO\Documents\tpAngularAPI\dataconnect`
 {"metadata":{"emulator":{"name":"dataconnect"},"message":"E0211 12:10:51.086943    9376 watch.go:40] Failed to load config from \"c:\\\\Users\\\\USUARIO\\\\Documents\\\\tpAngularAPI\\\\dataconnect\": could not find dataconnect.yaml in `c:\\Users\\USUARIO\\Documents\\tpAngularAPI\\dataconnect`\n"}}
[debug] [2026-02-11T15:11:01.087Z] E0211 12:11:01.087084    9376 watch.go:40] Failed to load config from "c:\\Users\\USUARIO\\Documents\\tpAngularAPI\\dataconnect": could not find dataconnect.yaml in `c:\Users\USUARIO\Documents\tpAngularAPI\dataconnect`
 {"metadata":{"emulator":{"name":"dataconnect"},"message":"E0211 12:11:01.087084    9376 watch.go:40] Failed to load config from \"c:\\\\Users\\\\USUARIO\\\\Documents\\\\tpAngularAPI\\\\dataconnect\": could not find dataconnect.yaml in `c:\\Users\\USUARIO\\Documents\\tpAngularAPI\\dataconnect`\n"}}
[debug] [2026-02-11T15:11:11.086Z] E0211 12:11:11.086709    9376 watch.go:40] Failed to load config from "c:\\Users\\USUARIO\\Documents\\tpAngularAPI\\dataconnect": could not find dataconnect.yaml in `c:\Users\USUARIO\Documents\tpAngularAPI\dataconnect`
 {"metadata":{"emulator":{"name":"dataconnect"},"message":"E0211 12:11:11.086709    9376 watch.go:40] Failed to load config from \"c:\\\\Users\\\\USUARIO\\\\Documents\\\\tpAngularAPI\\\\dataconnect\": could not find dataconnect.yaml in `c:\\Users\\USUARIO\\Documents\\tpAngularAPI\\dataconnect`\n"}}
[debug] [2026-02-11T15:11:21.089Z] E0211 12:11:21.089284    9376 watch.go:116] watchAllDir unable to walk dir `c:\Users\USUARIO\Documents\tpAngularAPI\dataconnect`: CreateFile c:\Users\USUARIO\Documents\tpAngularAPI\dataconnect: The system cannot find the file specified.
 {"metadata":{"emulator":{"name":"dataconnect"},"message":"E0211 12:11:21.089284    9376 watch.go:116] watchAllDir unable to walk dir `c:\\Users\\USUARIO\\Documents\\tpAngularAPI\\dataconnect`: CreateFile c:\\Users\\USUARIO\\Documents\\tpAngularAPI\\dataconnect: The system cannot find the file specified.\n"}}
[debug] [2026-02-11T15:11:21.091Z] E0211 12:11:21.089284    9376 watch.go:40] Failed to load config from "c:\\Users\\USUARIO\\Documents\\tpAngularAPI\\dataconnect": could not find dataconnect.yaml in `c:\Users\USUARIO\Documents\tpAngularAPI\dataconnect`
 {"metadata":{"emulator":{"name":"dataconnect"},"message":"E0211 12:11:21.089284    9376 watch.go:40] Failed to load config from \"c:\\\\Users\\\\USUARIO\\\\Documents\\\\tpAngularAPI\\\\dataconnect\": could not find dataconnect.yaml in `c:\\Users\\USUARIO\\Documents\\tpAngularAPI\\dataconnect`\n"}}
[debug] [2026-02-11T15:11:31.087Z] E0211 12:11:31.087179    9376 watch.go:40] Failed to load config from "c:\\Users\\USUARIO\\Documents\\tpAngularAPI\\dataconnect": could not find dataconnect.yaml in `c:\Users\USUARIO\Documents\tpAngularAPI\dataconnect`
 {"metadata":{"emulator":{"name":"dataconnect"},"message":"E0211 12:11:31.087179    9376 watch.go:40] Failed to load config from \"c:\\\\Users\\\\USUARIO\\\\Documents\\\\tpAngularAPI\\\\dataconnect\": could not find dataconnect.yaml in `c:\\Users\\USUARIO\\Documents\\tpAngularAPI\\dataconnect`\n"}}
[debug] [2026-02-11T15:11:41.086Z] E0211 12:11:41.086960    9376 watch.go:40] Failed to load config from "c:\\Users\\USUARIO\\Documents\\tpAngularAPI\\dataconnect": could not find dataconnect.yaml in `c:\Users\USUARIO\Documents\tpAngularAPI\dataconnect`
 {"metadata":{"emulator":{"name":"dataconnect"},"message":"E0211 12:11:41.086960    9376 watch.go:40] Failed to load config from \"c:\\\\Users\\\\USUARIO\\\\Documents\\\\tpAngularAPI\\\\dataconnect\": could not find dataconnect.yaml in `c:\\Users\\USUARIO\\Documents\\tpAngularAPI\\dataconnect`\n"}}
[debug] [2026-02-11T15:11:51.086Z] E0211 12:11:51.086831    9376 watch.go:40] Failed to load config from "c:\\Users\\USUARIO\\Documents\\tpAngularAPI\\dataconnect": could not find dataconnect.yaml in `c:\Users\USUARIO\Documents\tpAngularAPI\dataconnect`
 {"metadata":{"emulator":{"name":"dataconnect"},"message":"E0211 12:11:51.086831    9376 watch.go:40] Failed to load config from \"c:\\\\Users\\\\USUARIO\\\\Documents\\\\tpAngularAPI\\\\dataconnect\": could not find dataconnect.yaml in `c:\\Users\\USUARIO\\Documents\\tpAngularAPI\\dataconnect`\n"}}
[debug] [2026-02-11T15:12:01.087Z] E0211 12:12:01.087370    9376 watch.go:40] Failed to load config from "c:\\Users\\USUARIO\\Documents\\tpAngularAPI\\dataconnect": could not find dataconnect.yaml in `c:\Users\USUARIO\Documents\tpAngularAPI\dataconnect`
 {"metadata":{"emulator":{"name":"dataconnect"},"message":"E0211 12:12:01.087370    9376 watch.go:40] Failed to load config from \"c:\\\\Users\\\\USUARIO\\\\Documents\\\\tpAngularAPI\\\\dataconnect\": could not find dataconnect.yaml in `c:\\Users\\USUARIO\\Documents\\tpAngularAPI\\dataconnect`\n"}}
[debug] [2026-02-11T15:12:11.087Z] E0211 12:12:11.087059    9376 watch.go:40] Failed to load config from "c:\\Users\\USUARIO\\Documents\\tpAngularAPI\\dataconnect": could not find dataconnect.yaml in `c:\Users\USUARIO\Documents\tpAngularAPI\dataconnect`
 {"metadata":{"emulator":{"name":"dataconnect"},"message":"E0211 12:12:11.087059    9376 watch.go:40] Failed to load config from \"c:\\\\Users\\\\USUARIO\\\\Documents\\\\tpAngularAPI\\\\dataconnect\": could not find dataconnect.yaml in `c:\\Users\\USUARIO\\Documents\\tpAngularAPI\\dataconnect`\n"}}
[debug] [2026-02-11T15:12:21.087Z] E0211 12:12:21.086995    9376 watch.go:40] Failed to load config from "c:\\Users\\USUARIO\\Documents\\tpAngularAPI\\dataconnect": could not find dataconnect.yaml in `c:\Users\USUARIO\Documents\tpAngularAPI\dataconnect`
E0211 12:12:21.087602    9376 watch.go:116] watchAllDir unable to walk dir `c:\Users\USUARIO\Documents\tpAngularAPI\dataconnect`: CreateFile c:\Users\USUARIO\Documents\tpAngularAPI\dataconnect: The system cannot find the file specified.
 {"metadata":{"emulator":{"name":"dataconnect"},"message":"E0211 12:12:21.086995    9376 watch.go:40] Failed to load config from \"c:\\\\Users\\\\USUARIO\\\\Documents\\\\tpAngularAPI\\\\dataconnect\": could not find dataconnect.yaml in `c:\\Users\\USUARIO\\Documents\\tpAngularAPI\\dataconnect`\nE0211 12:12:21.087602    9376 watch.go:116] watchAllDir unable to walk dir `c:\\Users\\USUARIO\\Documents\\tpAngularAPI\\dataconnect`: CreateFile c:\\Users\\USUARIO\\Documents\\tpAngularAPI\\dataconnect: The system cannot find the file specified.\n"}}
[debug] [2026-02-11T15:12:31.087Z] E0211 12:12:31.086820    9376 watch.go:40] Failed to load config from "c:\\Users\\USUARIO\\Documents\\tpAngularAPI\\dataconnect": could not find dataconnect.yaml in `c:\Users\USUARIO\Documents\tpAngularAPI\dataconnect`
 {"metadata":{"emulator":{"name":"dataconnect"},"message":"E0211 12:12:31.086820    9376 watch.go:40] Failed to load config from \"c:\\\\Users\\\\USUARIO\\\\Documents\\\\tpAngularAPI\\\\dataconnect\": could not find dataconnect.yaml in `c:\\Users\\USUARIO\\Documents\\tpAngularAPI\\dataconnect`\n"}}
[debug] [2026-02-11T15:12:41.087Z] E0211 12:12:41.086603    9376 watch.go:40] Failed to load config from "c:\\Users\\USUARIO\\Documents\\tpAngularAPI\\dataconnect": could not find dataconnect.yaml in `c:\Users\USUARIO\Documents\tpAngularAPI\dataconnect`
 {"metadata":{"emulator":{"name":"dataconnect"},"message":"E0211 12:12:41.086603    9376 watch.go:40] Failed to load config from \"c:\\\\Users\\\\USUARIO\\\\Documents\\\\tpAngularAPI\\\\dataconnect\": could not find dataconnect.yaml in `c:\\Users\\USUARIO\\Documents\\tpAngularAPI\\dataconnect`\n"}}
[debug] [2026-02-11T15:12:51.087Z] E0211 12:12:51.086568    9376 watch.go:40] Failed to load config from "c:\\Users\\USUARIO\\Documents\\tpAngularAPI\\dataconnect": could not find dataconnect.yaml in `c:\Users\USUARIO\Documents\tpAngularAPI\dataconnect`
 {"metadata":{"emulator":{"name":"dataconnect"},"message":"E0211 12:12:51.086568    9376 watch.go:40] Failed to load config from \"c:\\\\Users\\\\USUARIO\\\\Documents\\\\tpAngularAPI\\\\dataconnect\": could not find dataconnect.yaml in `c:\\Users\\USUARIO\\Documents\\tpAngularAPI\\dataconnect`\n"}}
[debug] [2026-02-11T15:13:01.087Z] E0211 12:13:01.087127    9376 watch.go:40] Failed to load config from "c:\\Users\\USUARIO\\Documents\\tpAngularAPI\\dataconnect": could not find dataconnect.yaml in `c:\Users\USUARIO\Documents\tpAngularAPI\dataconnect`
 {"metadata":{"emulator":{"name":"dataconnect"},"message":"E0211 12:13:01.087127    9376 watch.go:40] Failed to load config from \"c:\\\\Users\\\\USUARIO\\\\Documents\\\\tpAngularAPI\\\\dataconnect\": could not find dataconnect.yaml in `c:\\Users\\USUARIO\\Documents\\tpAngularAPI\\dataconnect`\n"}}
[debug] [2026-02-11T15:13:11.087Z] E0211 12:13:11.086592    9376 watch.go:40] Failed to load config from "c:\\Users\\USUARIO\\Documents\\tpAngularAPI\\dataconnect": could not find dataconnect.yaml in `c:\Users\USUARIO\Documents\tpAngularAPI\dataconnect`
 {"metadata":{"emulator":{"name":"dataconnect"},"message":"E0211 12:13:11.086592    9376 watch.go:40] Failed to load config from \"c:\\\\Users\\\\USUARIO\\\\Documents\\\\tpAngularAPI\\\\dataconnect\": could not find dataconnect.yaml in `c:\\Users\\USUARIO\\Documents\\tpAngularAPI\\dataconnect`\n"}}
[debug] [2026-02-11T15:13:21.087Z] E0211 12:13:21.086798    9376 watch.go:116] watchAllDir unable to walk dir `c:\Users\USUARIO\Documents\tpAngularAPI\dataconnect`: CreateFile c:\Users\USUARIO\Documents\tpAngularAPI\dataconnect: The system cannot find the file specified.
 {"metadata":{"emulator":{"name":"dataconnect"},"message":"E0211 12:13:21.086798    9376 watch.go:116] watchAllDir unable to walk dir `c:\\Users\\USUARIO\\Documents\\tpAngularAPI\\dataconnect`: CreateFile c:\\Users\\USUARIO\\Documents\\tpAngularAPI\\dataconnect: The system cannot find the file specified.\n"}}
[debug] [2026-02-11T15:13:21.087Z] E0211 12:13:21.086798    9376 watch.go:40] Failed to load config from "c:\\Users\\USUARIO\\Documents\\tpAngularAPI\\dataconnect": could not find dataconnect.yaml in `c:\Users\USUARIO\Documents\tpAngularAPI\dataconnect`
 {"metadata":{"emulator":{"name":"dataconnect"},"message":"E0211 12:13:21.086798    9376 watch.go:40] Failed to load config from \"c:\\\\Users\\\\USUARIO\\\\Documents\\\\tpAngularAPI\\\\dataconnect\": could not find dataconnect.yaml in `c:\\Users\\USUARIO\\Documents\\tpAngularAPI\\dataconnect`\n"}}
[debug] [2026-02-11T15:13:31.087Z] E0211 12:13:31.086961    9376 watch.go:40] Failed to load config from "c:\\Users\\USUARIO\\Documents\\tpAngularAPI\\dataconnect": could not find dataconnect.yaml in `c:\Users\USUARIO\Documents\tpAngularAPI\dataconnect`
 {"metadata":{"emulator":{"name":"dataconnect"},"message":"E0211 12:13:31.086961    9376 watch.go:40] Failed to load config from \"c:\\\\Users\\\\USUARIO\\\\Documents\\\\tpAngularAPI\\\\dataconnect\": could not find dataconnect.yaml in `c:\\Users\\USUARIO\\Documents\\tpAngularAPI\\dataconnect`\n"}}
[debug] [2026-02-11T15:13:41.088Z] E0211 12:13:41.087930    9376 watch.go:40] Failed to load config from "c:\\Users\\USUARIO\\Documents\\tpAngularAPI\\dataconnect": could not find dataconnect.yaml in `c:\Users\USUARIO\Documents\tpAngularAPI\dataconnect`
 {"metadata":{"emulator":{"name":"dataconnect"},"message":"E0211 12:13:41.087930    9376 watch.go:40] Failed to load config from \"c:\\\\Users\\\\USUARIO\\\\Documents\\\\tpAngularAPI\\\\dataconnect\": could not find dataconnect.yaml in `c:\\Users\\USUARIO\\Documents\\tpAngularAPI\\dataconnect`\n"}}
[debug] [2026-02-11T15:13:51.087Z] E0211 12:13:51.086837    9376 watch.go:40] Failed to load config from "c:\\Users\\USUARIO\\Documents\\tpAngularAPI\\dataconnect": could not find dataconnect.yaml in `c:\Users\USUARIO\Documents\tpAngularAPI\dataconnect`
 {"metadata":{"emulator":{"name":"dataconnect"},"message":"E0211 12:13:51.086837    9376 watch.go:40] Failed to load config from \"c:\\\\Users\\\\USUARIO\\\\Documents\\\\tpAngularAPI\\\\dataconnect\": could not find dataconnect.yaml in `c:\\Users\\USUARIO\\Documents\\tpAngularAPI\\dataconnect`\n"}}
[debug] [2026-02-11T15:14:01.125Z] E0211 12:14:01.124465    9376 watch.go:40] Failed to load config from "c:\\Users\\USUARIO\\Documents\\tpAngularAPI\\dataconnect": could not find dataconnect.yaml in `c:\Users\USUARIO\Documents\tpAngularAPI\dataconnect`
 {"metadata":{"emulator":{"name":"dataconnect"},"message":"E0211 12:14:01.124465    9376 watch.go:40] Failed to load config from \"c:\\\\Users\\\\USUARIO\\\\Documents\\\\tpAngularAPI\\\\dataconnect\": could not find dataconnect.yaml in `c:\\Users\\USUARIO\\Documents\\tpAngularAPI\\dataconnect`\n"}}
[debug] [2026-02-11T15:14:11.087Z] E0211 12:14:11.086748    9376 watch.go:40] Failed to load config from "c:\\Users\\USUARIO\\Documents\\tpAngularAPI\\dataconnect": could not find dataconnect.yaml in `c:\Users\USUARIO\Documents\tpAngularAPI\dataconnect`
 {"metadata":{"emulator":{"name":"dataconnect"},"message":"E0211 12:14:11.086748    9376 watch.go:40] Failed to load config from \"c:\\\\Users\\\\USUARIO\\\\Documents\\\\tpAngularAPI\\\\dataconnect\": could not find dataconnect.yaml in `c:\\Users\\USUARIO\\Documents\\tpAngularAPI\\dataconnect`\n"}}
[debug] [2026-02-11T15:14:21.086Z] E0211 12:14:21.086557    9376 watch.go:116] watchAllDir unable to walk dir `c:\Users\USUARIO\Documents\tpAngularAPI\dataconnect`: CreateFile c:\Users\USUARIO\Documents\tpAngularAPI\dataconnect: The system cannot find the file specified.
 {"metadata":{"emulator":{"name":"dataconnect"},"message":"E0211 12:14:21.086557    9376 watch.go:116] watchAllDir unable to walk dir `c:\\Users\\USUARIO\\Documents\\tpAngularAPI\\dataconnect`: CreateFile c:\\Users\\USUARIO\\Documents\\tpAngularAPI\\dataconnect: The system cannot find the file specified.\n"}}
[debug] [2026-02-11T15:14:21.087Z] E0211 12:14:21.086557    9376 watch.go:40] Failed to load config from "c:\\Users\\USUARIO\\Documents\\tpAngularAPI\\dataconnect": could not find dataconnect.yaml in `c:\Users\USUARIO\Documents\tpAngularAPI\dataconnect`
 {"metadata":{"emulator":{"name":"dataconnect"},"message":"E0211 12:14:21.086557    9376 watch.go:40] Failed to load config from \"c:\\\\Users\\\\USUARIO\\\\Documents\\\\tpAngularAPI\\\\dataconnect\": could not find dataconnect.yaml in `c:\\Users\\USUARIO\\Documents\\tpAngularAPI\\dataconnect`\n"}}
[debug] [2026-02-11T15:14:31.087Z] E0211 12:14:31.087354    9376 watch.go:40] Failed to load config from "c:\\Users\\USUARIO\\Documents\\tpAngularAPI\\dataconnect": could not find dataconnect.yaml in `c:\Users\USUARIO\Documents\tpAngularAPI\dataconnect`
 {"metadata":{"emulator":{"name":"dataconnect"},"message":"E0211 12:14:31.087354    9376 watch.go:40] Failed to load config from \"c:\\\\Users\\\\USUARIO\\\\Documents\\\\tpAngularAPI\\\\dataconnect\": could not find dataconnect.yaml in `c:\\Users\\USUARIO\\Documents\\tpAngularAPI\\dataconnect`\n"}}
[debug] [2026-02-11T15:14:41.087Z] E0211 12:14:41.086660    9376 watch.go:40] Failed to load config from "c:\\Users\\USUARIO\\Documents\\tpAngularAPI\\dataconnect": could not find dataconnect.yaml in `c:\Users\USUARIO\Documents\tpAngularAPI\dataconnect`
 {"metadata":{"emulator":{"name":"dataconnect"},"message":"E0211 12:14:41.086660    9376 watch.go:40] Failed to load config from \"c:\\\\Users\\\\USUARIO\\\\Documents\\\\tpAngularAPI\\\\dataconnect\": could not find dataconnect.yaml in `c:\\Users\\USUARIO\\Documents\\tpAngularAPI\\dataconnect`\n"}}
[debug] [2026-02-11T15:14:51.087Z] E0211 12:14:51.087514    9376 watch.go:40] Failed to load config from "c:\\Users\\USUARIO\\Documents\\tpAngularAPI\\dataconnect": could not find dataconnect.yaml in `c:\Users\USUARIO\Documents\tpAngularAPI\dataconnect`
 {"metadata":{"emulator":{"name":"dataconnect"},"message":"E0211 12:14:51.087514    9376 watch.go:40] Failed to load config from \"c:\\\\Users\\\\USUARIO\\\\Documents\\\\tpAngularAPI\\\\dataconnect\": could not find dataconnect.yaml in `c:\\Users\\USUARIO\\Documents\\tpAngularAPI\\dataconnect`\n"}}
[debug] [2026-02-11T15:15:01.088Z] E0211 12:15:01.088286    9376 watch.go:40] Failed to load config from "c:\\Users\\USUARIO\\Documents\\tpAngularAPI\\dataconnect": could not find dataconnect.yaml in `c:\Users\USUARIO\Documents\tpAngularAPI\dataconnect`
 {"metadata":{"emulator":{"name":"dataconnect"},"message":"E0211 12:15:01.088286    9376 watch.go:40] Failed to load config from \"c:\\\\Users\\\\USUARIO\\\\Documents\\\\tpAngularAPI\\\\dataconnect\": could not find dataconnect.yaml in `c:\\Users\\USUARIO\\Documents\\tpAngularAPI\\dataconnect`\n"}}
[debug] [2026-02-11T15:15:11.087Z] E0211 12:15:11.086974    9376 watch.go:40] Failed to load config from "c:\\Users\\USUARIO\\Documents\\tpAngularAPI\\dataconnect": could not find dataconnect.yaml in `c:\Users\USUARIO\Documents\tpAngularAPI\dataconnect`
 {"metadata":{"emulator":{"name":"dataconnect"},"message":"E0211 12:15:11.086974    9376 watch.go:40] Failed to load config from \"c:\\\\Users\\\\USUARIO\\\\Documents\\\\tpAngularAPI\\\\dataconnect\": could not find dataconnect.yaml in `c:\\Users\\USUARIO\\Documents\\tpAngularAPI\\dataconnect`\n"}}
[debug] [2026-02-11T15:15:21.086Z] E0211 12:15:21.086800    9376 watch.go:116] watchAllDir unable to walk dir `c:\Users\USUARIO\Documents\tpAngularAPI\dataconnect`: CreateFile c:\Users\USUARIO\Documents\tpAngularAPI\dataconnect: The system cannot find the file specified.
 {"metadata":{"emulator":{"name":"dataconnect"},"message":"E0211 12:15:21.086800    9376 watch.go:116] watchAllDir unable to walk dir `c:\\Users\\USUARIO\\Documents\\tpAngularAPI\\dataconnect`: CreateFile c:\\Users\\USUARIO\\Documents\\tpAngularAPI\\dataconnect: The system cannot find the file specified.\n"}}
[debug] [2026-02-11T15:15:21.087Z] E0211 12:15:21.086800    9376 watch.go:40] Failed to load config from "c:\\Users\\USUARIO\\Documents\\tpAngularAPI\\dataconnect": could not find dataconnect.yaml in `c:\Users\USUARIO\Documents\tpAngularAPI\dataconnect`
 {"metadata":{"emulator":{"name":"dataconnect"},"message":"E0211 12:15:21.086800    9376 watch.go:40] Failed to load config from \"c:\\\\Users\\\\USUARIO\\\\Documents\\\\tpAngularAPI\\\\dataconnect\": could not find dataconnect.yaml in `c:\\Users\\USUARIO\\Documents\\tpAngularAPI\\dataconnect`\n"}}
[debug] [2026-02-11T15:15:31.087Z] E0211 12:15:31.087140    9376 watch.go:40] Failed to load config from "c:\\Users\\USUARIO\\Documents\\tpAngularAPI\\dataconnect": could not find dataconnect.yaml in `c:\Users\USUARIO\Documents\tpAngularAPI\dataconnect`
 {"metadata":{"emulator":{"name":"dataconnect"},"message":"E0211 12:15:31.087140    9376 watch.go:40] Failed to load config from \"c:\\\\Users\\\\USUARIO\\\\Documents\\\\tpAngularAPI\\\\dataconnect\": could not find dataconnect.yaml in `c:\\Users\\USUARIO\\Documents\\tpAngularAPI\\dataconnect`\n"}}
[debug] [2026-02-11T15:15:41.086Z] E0211 12:15:41.086570    9376 watch.go:40] Failed to load config from "c:\\Users\\USUARIO\\Documents\\tpAngularAPI\\dataconnect": could not find dataconnect.yaml in `c:\Users\USUARIO\Documents\tpAngularAPI\dataconnect`
 {"metadata":{"emulator":{"name":"dataconnect"},"message":"E0211 12:15:41.086570    9376 watch.go:40] Failed to load config from \"c:\\\\Users\\\\USUARIO\\\\Documents\\\\tpAngularAPI\\\\dataconnect\": could not find dataconnect.yaml in `c:\\Users\\USUARIO\\Documents\\tpAngularAPI\\dataconnect`\n"}}
[debug] [2026-02-11T15:15:51.086Z] E0211 12:15:51.087198    9376 watch.go:40] Failed to load config from "c:\\Users\\USUARIO\\Documents\\tpAngularAPI\\dataconnect": could not find dataconnect.yaml in `c:\Users\USUARIO\Documents\tpAngularAPI\dataconnect`
 {"metadata":{"emulator":{"name":"dataconnect"},"message":"E0211 12:15:51.087198    9376 watch.go:40] Failed to load config from \"c:\\\\Users\\\\USUARIO\\\\Documents\\\\tpAngularAPI\\\\dataconnect\": could not find dataconnect.yaml in `c:\\Users\\USUARIO\\Documents\\tpAngularAPI\\dataconnect`\n"}}
[debug] [2026-02-11T15:16:01.087Z] E0211 12:16:01.087560    9376 watch.go:40] Failed to load config from "c:\\Users\\USUARIO\\Documents\\tpAngularAPI\\dataconnect": could not find dataconnect.yaml in `c:\Users\USUARIO\Documents\tpAngularAPI\dataconnect`
 {"metadata":{"emulator":{"name":"dataconnect"},"message":"E0211 12:16:01.087560    9376 watch.go:40] Failed to load config from \"c:\\\\Users\\\\USUARIO\\\\Documents\\\\tpAngularAPI\\\\dataconnect\": could not find dataconnect.yaml in `c:\\Users\\USUARIO\\Documents\\tpAngularAPI\\dataconnect`\n"}}
[debug] [2026-02-11T15:16:11.086Z] E0211 12:16:11.086786    9376 watch.go:40] Failed to load config from "c:\\Users\\USUARIO\\Documents\\tpAngularAPI\\dataconnect": could not find dataconnect.yaml in `c:\Users\USUARIO\Documents\tpAngularAPI\dataconnect`
 {"metadata":{"emulator":{"name":"dataconnect"},"message":"E0211 12:16:11.086786    9376 watch.go:40] Failed to load config from \"c:\\\\Users\\\\USUARIO\\\\Documents\\\\tpAngularAPI\\\\dataconnect\": could not find dataconnect.yaml in `c:\\Users\\USUARIO\\Documents\\tpAngularAPI\\dataconnect`\n"}}
[debug] [2026-02-11T15:16:21.087Z] E0211 12:16:21.087058    9376 watch.go:116] watchAllDir unable to walk dir `c:\Users\USUARIO\Documents\tpAngularAPI\dataconnect`: CreateFile c:\Users\USUARIO\Documents\tpAngularAPI\dataconnect: The system cannot find the file specified.
 {"metadata":{"emulator":{"name":"dataconnect"},"message":"E0211 12:16:21.087058    9376 watch.go:116] watchAllDir unable to walk dir `c:\\Users\\USUARIO\\Documents\\tpAngularAPI\\dataconnect`: CreateFile c:\\Users\\USUARIO\\Documents\\tpAngularAPI\\dataconnect: The system cannot find the file specified.\n"}}
[debug] [2026-02-11T15:16:21.088Z] E0211 12:16:21.087058    9376 watch.go:40] Failed to load config from "c:\\Users\\USUARIO\\Documents\\tpAngularAPI\\dataconnect": could not find dataconnect.yaml in `c:\Users\USUARIO\Documents\tpAngularAPI\dataconnect`
 {"metadata":{"emulator":{"name":"dataconnect"},"message":"E0211 12:16:21.087058    9376 watch.go:40] Failed to load config from \"c:\\\\Users\\\\USUARIO\\\\Documents\\\\tpAngularAPI\\\\dataconnect\": could not find dataconnect.yaml in `c:\\Users\\USUARIO\\Documents\\tpAngularAPI\\dataconnect`\n"}}
[debug] [2026-02-11T15:16:31.087Z] E0211 12:16:31.086957    9376 watch.go:40] Failed to load config from "c:\\Users\\USUARIO\\Documents\\tpAngularAPI\\dataconnect": could not find dataconnect.yaml in `c:\Users\USUARIO\Documents\tpAngularAPI\dataconnect`
 {"metadata":{"emulator":{"name":"dataconnect"},"message":"E0211 12:16:31.086957    9376 watch.go:40] Failed to load config from \"c:\\\\Users\\\\USUARIO\\\\Documents\\\\tpAngularAPI\\\\dataconnect\": could not find dataconnect.yaml in `c:\\Users\\USUARIO\\Documents\\tpAngularAPI\\dataconnect`\n"}}
[debug] [2026-02-11T15:16:41.088Z] E0211 12:16:41.087561    9376 watch.go:40] Failed to load config from "c:\\Users\\USUARIO\\Documents\\tpAngularAPI\\dataconnect": could not find dataconnect.yaml in `c:\Users\USUARIO\Documents\tpAngularAPI\dataconnect`
 {"metadata":{"emulator":{"name":"dataconnect"},"message":"E0211 12:16:41.087561    9376 watch.go:40] Failed to load config from \"c:\\\\Users\\\\USUARIO\\\\Documents\\\\tpAngularAPI\\\\dataconnect\": could not find dataconnect.yaml in `c:\\Users\\USUARIO\\Documents\\tpAngularAPI\\dataconnect`\n"}}
[debug] [2026-02-11T15:16:51.087Z] E0211 12:16:51.086564    9376 watch.go:40] Failed to load config from "c:\\Users\\USUARIO\\Documents\\tpAngularAPI\\dataconnect": could not find dataconnect.yaml in `c:\Users\USUARIO\Documents\tpAngularAPI\dataconnect`
 {"metadata":{"emulator":{"name":"dataconnect"},"message":"E0211 12:16:51.086564    9376 watch.go:40] Failed to load config from \"c:\\\\Users\\\\USUARIO\\\\Documents\\\\tpAngularAPI\\\\dataconnect\": could not find dataconnect.yaml in `c:\\Users\\USUARIO\\Documents\\tpAngularAPI\\dataconnect`\n"}}
[debug] [2026-02-11T15:17:01.087Z] E0211 12:17:01.086557    9376 watch.go:40] Failed to load config from "c:\\Users\\USUARIO\\Documents\\tpAngularAPI\\dataconnect": could not find dataconnect.yaml in `c:\Users\USUARIO\Documents\tpAngularAPI\dataconnect`
 {"metadata":{"emulator":{"name":"dataconnect"},"message":"E0211 12:17:01.086557    9376 watch.go:40] Failed to load config from \"c:\\\\Users\\\\USUARIO\\\\Documents\\\\tpAngularAPI\\\\dataconnect\": could not find dataconnect.yaml in `c:\\Users\\USUARIO\\Documents\\tpAngularAPI\\dataconnect`\n"}}
[debug] [2026-02-11T15:17:11.087Z] E0211 12:17:11.086571    9376 watch.go:40] Failed to load config from "c:\\Users\\USUARIO\\Documents\\tpAngularAPI\\dataconnect": could not find dataconnect.yaml in `c:\Users\USUARIO\Documents\tpAngularAPI\dataconnect`
 {"metadata":{"emulator":{"name":"dataconnect"},"message":"E0211 12:17:11.086571    9376 watch.go:40] Failed to load config from \"c:\\\\Users\\\\USUARIO\\\\Documents\\\\tpAngularAPI\\\\dataconnect\": could not find dataconnect.yaml in `c:\\Users\\USUARIO\\Documents\\tpAngularAPI\\dataconnect`\n"}}
[debug] [2026-02-11T15:17:21.087Z] E0211 12:17:21.086802    9376 watch.go:116] watchAllDir unable to walk dir `c:\Users\USUARIO\Documents\tpAngularAPI\dataconnect`: CreateFile c:\Users\USUARIO\Documents\tpAngularAPI\dataconnect: The system cannot find the file specified.
 {"metadata":{"emulator":{"name":"dataconnect"},"message":"E0211 12:17:21.086802    9376 watch.go:116] watchAllDir unable to walk dir `c:\\Users\\USUARIO\\Documents\\tpAngularAPI\\dataconnect`: CreateFile c:\\Users\\USUARIO\\Documents\\tpAngularAPI\\dataconnect: The system cannot find the file specified.\n"}}
[debug] [2026-02-11T15:17:21.087Z] E0211 12:17:21.086802    9376 watch.go:40] Failed to load config from "c:\\Users\\USUARIO\\Documents\\tpAngularAPI\\dataconnect": could not find dataconnect.yaml in `c:\Users\USUARIO\Documents\tpAngularAPI\dataconnect`
 {"metadata":{"emulator":{"name":"dataconnect"},"message":"E0211 12:17:21.086802    9376 watch.go:40] Failed to load config from \"c:\\\\Users\\\\USUARIO\\\\Documents\\\\tpAngularAPI\\\\dataconnect\": could not find dataconnect.yaml in `c:\\Users\\USUARIO\\Documents\\tpAngularAPI\\dataconnect`\n"}}
[debug] [2026-02-11T15:17:31.087Z] E0211 12:17:31.087533    9376 watch.go:40] Failed to load config from "c:\\Users\\USUARIO\\Documents\\tpAngularAPI\\dataconnect": could not find dataconnect.yaml in `c:\Users\USUARIO\Documents\tpAngularAPI\dataconnect`
 {"metadata":{"emulator":{"name":"dataconnect"},"message":"E0211 12:17:31.087533    9376 watch.go:40] Failed to load config from \"c:\\\\Users\\\\USUARIO\\\\Documents\\\\tpAngularAPI\\\\dataconnect\": could not find dataconnect.yaml in `c:\\Users\\USUARIO\\Documents\\tpAngularAPI\\dataconnect`\n"}}
[debug] [2026-02-11T15:17:41.086Z] E0211 12:17:41.086619    9376 watch.go:40] Failed to load config from "c:\\Users\\USUARIO\\Documents\\tpAngularAPI\\dataconnect": could not find dataconnect.yaml in `c:\Users\USUARIO\Documents\tpAngularAPI\dataconnect`
 {"metadata":{"emulator":{"name":"dataconnect"},"message":"E0211 12:17:41.086619    9376 watch.go:40] Failed to load config from \"c:\\\\Users\\\\USUARIO\\\\Documents\\\\tpAngularAPI\\\\dataconnect\": could not find dataconnect.yaml in `c:\\Users\\USUARIO\\Documents\\tpAngularAPI\\dataconnect`\n"}}
[debug] [2026-02-11T15:17:51.086Z] E0211 12:17:51.086572    9376 watch.go:40] Failed to load config from "c:\\Users\\USUARIO\\Documents\\tpAngularAPI\\dataconnect": could not find dataconnect.yaml in `c:\Users\USUARIO\Documents\tpAngularAPI\dataconnect`
 {"metadata":{"emulator":{"name":"dataconnect"},"message":"E0211 12:17:51.086572    9376 watch.go:40] Failed to load config from \"c:\\\\Users\\\\USUARIO\\\\Documents\\\\tpAngularAPI\\\\dataconnect\": could not find dataconnect.yaml in `c:\\Users\\USUARIO\\Documents\\tpAngularAPI\\dataconnect`\n"}}
[debug] [2026-02-11T15:18:01.086Z] E0211 12:18:01.086560    9376 watch.go:40] Failed to load config from "c:\\Users\\USUARIO\\Documents\\tpAngularAPI\\dataconnect": could not find dataconnect.yaml in `c:\Users\USUARIO\Documents\tpAngularAPI\dataconnect`
 {"metadata":{"emulator":{"name":"dataconnect"},"message":"E0211 12:18:01.086560    9376 watch.go:40] Failed to load config from \"c:\\\\Users\\\\USUARIO\\\\Documents\\\\tpAngularAPI\\\\dataconnect\": could not find dataconnect.yaml in `c:\\Users\\USUARIO\\Documents\\tpAngularAPI\\dataconnect`\n"}}
[debug] [2026-02-11T15:18:11.087Z] E0211 12:18:11.087308    9376 watch.go:40] Failed to load config from "c:\\Users\\USUARIO\\Documents\\tpAngularAPI\\dataconnect": could not find dataconnect.yaml in `c:\Users\USUARIO\Documents\tpAngularAPI\dataconnect`
 {"metadata":{"emulator":{"name":"dataconnect"},"message":"E0211 12:18:11.087308    9376 watch.go:40] Failed to load config from \"c:\\\\Users\\\\USUARIO\\\\Documents\\\\tpAngularAPI\\\\dataconnect\": could not find dataconnect.yaml in `c:\\Users\\USUARIO\\Documents\\tpAngularAPI\\dataconnect`\n"}}
[debug] [2026-02-11T15:18:21.086Z] E0211 12:18:21.086579    9376 watch.go:116] watchAllDir unable to walk dir `c:\Users\USUARIO\Documents\tpAngularAPI\dataconnect`: CreateFile c:\Users\USUARIO\Documents\tpAngularAPI\dataconnect: The system cannot find the file specified.
 {"metadata":{"emulator":{"name":"dataconnect"},"message":"E0211 12:18:21.086579    9376 watch.go:116] watchAllDir unable to walk dir `c:\\Users\\USUARIO\\Documents\\tpAngularAPI\\dataconnect`: CreateFile c:\\Users\\USUARIO\\Documents\\tpAngularAPI\\dataconnect: The system cannot find the file specified.\n"}}
[debug] [2026-02-11T15:18:21.087Z] E0211 12:18:21.086579    9376 watch.go:40] Failed to load config from "c:\\Users\\USUARIO\\Documents\\tpAngularAPI\\dataconnect": could not find dataconnect.yaml in `c:\Users\USUARIO\Documents\tpAngularAPI\dataconnect`
 {"metadata":{"emulator":{"name":"dataconnect"},"message":"E0211 12:18:21.086579    9376 watch.go:40] Failed to load config from \"c:\\\\Users\\\\USUARIO\\\\Documents\\\\tpAngularAPI\\\\dataconnect\": could not find dataconnect.yaml in `c:\\Users\\USUARIO\\Documents\\tpAngularAPI\\dataconnect`\n"}}
[debug] [2026-02-11T15:18:31.087Z] E0211 12:18:31.087109    9376 watch.go:40] Failed to load config from "c:\\Users\\USUARIO\\Documents\\tpAngularAPI\\dataconnect": could not find dataconnect.yaml in `c:\Users\USUARIO\Documents\tpAngularAPI\dataconnect`
 {"metadata":{"emulator":{"name":"dataconnect"},"message":"E0211 12:18:31.087109    9376 watch.go:40] Failed to load config from \"c:\\\\Users\\\\USUARIO\\\\Documents\\\\tpAngularAPI\\\\dataconnect\": could not find dataconnect.yaml in `c:\\Users\\USUARIO\\Documents\\tpAngularAPI\\dataconnect`\n"}}
[debug] [2026-02-11T15:18:41.087Z] E0211 12:18:41.086794    9376 watch.go:40] Failed to load config from "c:\\Users\\USUARIO\\Documents\\tpAngularAPI\\dataconnect": could not find dataconnect.yaml in `c:\Users\USUARIO\Documents\tpAngularAPI\dataconnect`
 {"metadata":{"emulator":{"name":"dataconnect"},"message":"E0211 12:18:41.086794    9376 watch.go:40] Failed to load config from \"c:\\\\Users\\\\USUARIO\\\\Documents\\\\tpAngularAPI\\\\dataconnect\": could not find dataconnect.yaml in `c:\\Users\\USUARIO\\Documents\\tpAngularAPI\\dataconnect`\n"}}
[debug] [2026-02-11T15:18:51.087Z] E0211 12:18:51.086575    9376 watch.go:40] Failed to load config from "c:\\Users\\USUARIO\\Documents\\tpAngularAPI\\dataconnect": could not find dataconnect.yaml in `c:\Users\USUARIO\Documents\tpAngularAPI\dataconnect`
 {"metadata":{"emulator":{"name":"dataconnect"},"message":"E0211 12:18:51.086575    9376 watch.go:40] Failed to load config from \"c:\\\\Users\\\\USUARIO\\\\Documents\\\\tpAngularAPI\\\\dataconnect\": could not find dataconnect.yaml in `c:\\Users\\USUARIO\\Documents\\tpAngularAPI\\dataconnect`\n"}}
[debug] [2026-02-11T15:19:01.087Z] E0211 12:19:01.086573    9376 watch.go:40] Failed to load config from "c:\\Users\\USUARIO\\Documents\\tpAngularAPI\\dataconnect": could not find dataconnect.yaml in `c:\Users\USUARIO\Documents\tpAngularAPI\dataconnect`
 {"metadata":{"emulator":{"name":"dataconnect"},"message":"E0211 12:19:01.086573    9376 watch.go:40] Failed to load config from \"c:\\\\Users\\\\USUARIO\\\\Documents\\\\tpAngularAPI\\\\dataconnect\": could not find dataconnect.yaml in `c:\\Users\\USUARIO\\Documents\\tpAngularAPI\\dataconnect`\n"}}
[debug] [2026-02-11T15:19:11.087Z] E0211 12:19:11.086578    9376 watch.go:40] Failed to load config from "c:\\Users\\USUARIO\\Documents\\tpAngularAPI\\dataconnect": could not find dataconnect.yaml in `c:\Users\USUARIO\Documents\tpAngularAPI\dataconnect`
 {"metadata":{"emulator":{"name":"dataconnect"},"message":"E0211 12:19:11.086578    9376 watch.go:40] Failed to load config from \"c:\\\\Users\\\\USUARIO\\\\Documents\\\\tpAngularAPI\\\\dataconnect\": could not find dataconnect.yaml in `c:\\Users\\USUARIO\\Documents\\tpAngularAPI\\dataconnect`\n"}}
[debug] [2026-02-11T15:19:21.087Z] E0211 12:19:21.086863    9376 watch.go:116] watchAllDir unable to walk dir `c:\Users\USUARIO\Documents\tpAngularAPI\dataconnect`: CreateFile c:\Users\USUARIO\Documents\tpAngularAPI\dataconnect: The system cannot find the file specified.
 {"metadata":{"emulator":{"name":"dataconnect"},"message":"E0211 12:19:21.086863    9376 watch.go:116] watchAllDir unable to walk dir `c:\\Users\\USUARIO\\Documents\\tpAngularAPI\\dataconnect`: CreateFile c:\\Users\\USUARIO\\Documents\\tpAngularAPI\\dataconnect: The system cannot find the file specified.\n"}}
[debug] [2026-02-11T15:19:21.088Z] E0211 12:19:21.087577    9376 watch.go:40] Failed to load config from "c:\\Users\\USUARIO\\Documents\\tpAngularAPI\\dataconnect": could not find dataconnect.yaml in `c:\Users\USUARIO\Documents\tpAngularAPI\dataconnect`
 {"metadata":{"emulator":{"name":"dataconnect"},"message":"E0211 12:19:21.087577    9376 watch.go:40] Failed to load config from \"c:\\\\Users\\\\USUARIO\\\\Documents\\\\tpAngularAPI\\\\dataconnect\": could not find dataconnect.yaml in `c:\\Users\\USUARIO\\Documents\\tpAngularAPI\\dataconnect`\n"}}
[debug] [2026-02-11T15:19:31.087Z] E0211 12:19:31.086607    9376 watch.go:40] Failed to load config from "c:\\Users\\USUARIO\\Documents\\tpAngularAPI\\dataconnect": could not find dataconnect.yaml in `c:\Users\USUARIO\Documents\tpAngularAPI\dataconnect`
 {"metadata":{"emulator":{"name":"dataconnect"},"message":"E0211 12:19:31.086607    9376 watch.go:40] Failed to load config from \"c:\\\\Users\\\\USUARIO\\\\Documents\\\\tpAngularAPI\\\\dataconnect\": could not find dataconnect.yaml in `c:\\Users\\USUARIO\\Documents\\tpAngularAPI\\dataconnect`\n"}}
[debug] [2026-02-11T15:19:41.087Z] E0211 12:19:41.087351    9376 watch.go:40] Failed to load config from "c:\\Users\\USUARIO\\Documents\\tpAngularAPI\\dataconnect": could not find dataconnect.yaml in `c:\Users\USUARIO\Documents\tpAngularAPI\dataconnect`
 {"metadata":{"emulator":{"name":"dataconnect"},"message":"E0211 12:19:41.087351    9376 watch.go:40] Failed to load config from \"c:\\\\Users\\\\USUARIO\\\\Documents\\\\tpAngularAPI\\\\dataconnect\": could not find dataconnect.yaml in `c:\\Users\\USUARIO\\Documents\\tpAngularAPI\\dataconnect`\n"}}
[debug] [2026-02-11T15:19:51.088Z] E0211 12:19:51.087472    9376 watch.go:40] Failed to load config from "c:\\Users\\USUARIO\\Documents\\tpAngularAPI\\dataconnect": could not find dataconnect.yaml in `c:\Users\USUARIO\Documents\tpAngularAPI\dataconnect`
 {"metadata":{"emulator":{"name":"dataconnect"},"message":"E0211 12:19:51.087472    9376 watch.go:40] Failed to load config from \"c:\\\\Users\\\\USUARIO\\\\Documents\\\\tpAngularAPI\\\\dataconnect\": could not find dataconnect.yaml in `c:\\Users\\USUARIO\\Documents\\tpAngularAPI\\dataconnect`\n"}}
[debug] [2026-02-11T15:20:01.087Z] E0211 12:20:01.086841    9376 watch.go:40] Failed to load config from "c:\\Users\\USUARIO\\Documents\\tpAngularAPI\\dataconnect": could not find dataconnect.yaml in `c:\Users\USUARIO\Documents\tpAngularAPI\dataconnect`
 {"metadata":{"emulator":{"name":"dataconnect"},"message":"E0211 12:20:01.086841    9376 watch.go:40] Failed to load config from \"c:\\\\Users\\\\USUARIO\\\\Documents\\\\tpAngularAPI\\\\dataconnect\": could not find dataconnect.yaml in `c:\\Users\\USUARIO\\Documents\\tpAngularAPI\\dataconnect`\n"}}
[debug] [2026-02-11T15:20:11.087Z] E0211 12:20:11.086668    9376 watch.go:40] Failed to load config from "c:\\Users\\USUARIO\\Documents\\tpAngularAPI\\dataconnect": could not find dataconnect.yaml in `c:\Users\USUARIO\Documents\tpAngularAPI\dataconnect`
 {"metadata":{"emulator":{"name":"dataconnect"},"message":"E0211 12:20:11.086668    9376 watch.go:40] Failed to load config from \"c:\\\\Users\\\\USUARIO\\\\Documents\\\\tpAngularAPI\\\\dataconnect\": could not find dataconnect.yaml in `c:\\Users\\USUARIO\\Documents\\tpAngularAPI\\dataconnect`\n"}}
[debug] [2026-02-11T15:20:21.087Z] E0211 12:20:21.087056    9376 watch.go:40] Failed to load config from "c:\\Users\\USUARIO\\Documents\\tpAngularAPI\\dataconnect": could not find dataconnect.yaml in `c:\Users\USUARIO\Documents\tpAngularAPI\dataconnect`
E0211 12:20:21.087056    9376 watch.go:116] watchAllDir unable to walk dir `c:\Users\USUARIO\Documents\tpAngularAPI\dataconnect`: CreateFile c:\Users\USUARIO\Documents\tpAngularAPI\dataconnect: The system cannot find the file specified.
 {"metadata":{"emulator":{"name":"dataconnect"},"message":"E0211 12:20:21.087056    9376 watch.go:40] Failed to load config from \"c:\\\\Users\\\\USUARIO\\\\Documents\\\\tpAngularAPI\\\\dataconnect\": could not find dataconnect.yaml in `c:\\Users\\USUARIO\\Documents\\tpAngularAPI\\dataconnect`\nE0211 12:20:21.087056    9376 watch.go:116] watchAllDir unable to walk dir `c:\\Users\\USUARIO\\Documents\\tpAngularAPI\\dataconnect`: CreateFile c:\\Users\\USUARIO\\Documents\\tpAngularAPI\\dataconnect: The system cannot find the file specified.\n"}}
[debug] [2026-02-11T15:20:31.087Z] E0211 12:20:31.086681    9376 watch.go:40] Failed to load config from "c:\\Users\\USUARIO\\Documents\\tpAngularAPI\\dataconnect": could not find dataconnect.yaml in `c:\Users\USUARIO\Documents\tpAngularAPI\dataconnect`
 {"metadata":{"emulator":{"name":"dataconnect"},"message":"E0211 12:20:31.086681    9376 watch.go:40] Failed to load config from \"c:\\\\Users\\\\USUARIO\\\\Documents\\\\tpAngularAPI\\\\dataconnect\": could not find dataconnect.yaml in `c:\\Users\\USUARIO\\Documents\\tpAngularAPI\\dataconnect`\n"}}
[debug] [2026-02-11T15:20:41.086Z] E0211 12:20:41.086573    9376 watch.go:40] Failed to load config from "c:\\Users\\USUARIO\\Documents\\tpAngularAPI\\dataconnect": could not find dataconnect.yaml in `c:\Users\USUARIO\Documents\tpAngularAPI\dataconnect`
 {"metadata":{"emulator":{"name":"dataconnect"},"message":"E0211 12:20:41.086573    9376 watch.go:40] Failed to load config from \"c:\\\\Users\\\\USUARIO\\\\Documents\\\\tpAngularAPI\\\\dataconnect\": could not find dataconnect.yaml in `c:\\Users\\USUARIO\\Documents\\tpAngularAPI\\dataconnect`\n"}}
[debug] [2026-02-11T15:20:51.086Z] E0211 12:20:51.086566    9376 watch.go:40] Failed to load config from "c:\\Users\\USUARIO\\Documents\\tpAngularAPI\\dataconnect": could not find dataconnect.yaml in `c:\Users\USUARIO\Documents\tpAngularAPI\dataconnect`
 {"metadata":{"emulator":{"name":"dataconnect"},"message":"E0211 12:20:51.086566    9376 watch.go:40] Failed to load config from \"c:\\\\Users\\\\USUARIO\\\\Documents\\\\tpAngularAPI\\\\dataconnect\": could not find dataconnect.yaml in `c:\\Users\\USUARIO\\Documents\\tpAngularAPI\\dataconnect`\n"}}
[debug] [2026-02-11T15:21:01.087Z] E0211 12:21:01.086705    9376 watch.go:40] Failed to load config from "c:\\Users\\USUARIO\\Documents\\tpAngularAPI\\dataconnect": could not find dataconnect.yaml in `c:\Users\USUARIO\Documents\tpAngularAPI\dataconnect`
 {"metadata":{"emulator":{"name":"dataconnect"},"message":"E0211 12:21:01.086705    9376 watch.go:40] Failed to load config from \"c:\\\\Users\\\\USUARIO\\\\Documents\\\\tpAngularAPI\\\\dataconnect\": could not find dataconnect.yaml in `c:\\Users\\USUARIO\\Documents\\tpAngularAPI\\dataconnect`\n"}}
[debug] [2026-02-11T15:21:11.087Z] E0211 12:21:11.086827    9376 watch.go:40] Failed to load config from "c:\\Users\\USUARIO\\Documents\\tpAngularAPI\\dataconnect": could not find dataconnect.yaml in `c:\Users\USUARIO\Documents\tpAngularAPI\dataconnect`
 {"metadata":{"emulator":{"name":"dataconnect"},"message":"E0211 12:21:11.086827    9376 watch.go:40] Failed to load config from \"c:\\\\Users\\\\USUARIO\\\\Documents\\\\tpAngularAPI\\\\dataconnect\": could not find dataconnect.yaml in `c:\\Users\\USUARIO\\Documents\\tpAngularAPI\\dataconnect`\n"}}
[debug] [2026-02-11T15:21:21.087Z] E0211 12:21:21.087175    9376 watch.go:116] watchAllDir unable to walk dir `c:\Users\USUARIO\Documents\tpAngularAPI\dataconnect`: CreateFile c:\Users\USUARIO\Documents\tpAngularAPI\dataconnect: The system cannot find the file specified.
 {"metadata":{"emulator":{"name":"dataconnect"},"message":"E0211 12:21:21.087175    9376 watch.go:116] watchAllDir unable to walk dir `c:\\Users\\USUARIO\\Documents\\tpAngularAPI\\dataconnect`: CreateFile c:\\Users\\USUARIO\\Documents\\tpAngularAPI\\dataconnect: The system cannot find the file specified.\n"}}
[debug] [2026-02-11T15:21:21.088Z] E0211 12:21:21.087873    9376 watch.go:40] Failed to load config from "c:\\Users\\USUARIO\\Documents\\tpAngularAPI\\dataconnect": could not find dataconnect.yaml in `c:\Users\USUARIO\Documents\tpAngularAPI\dataconnect`
 {"metadata":{"emulator":{"name":"dataconnect"},"message":"E0211 12:21:21.087873    9376 watch.go:40] Failed to load config from \"c:\\\\Users\\\\USUARIO\\\\Documents\\\\tpAngularAPI\\\\dataconnect\": could not find dataconnect.yaml in `c:\\Users\\USUARIO\\Documents\\tpAngularAPI\\dataconnect`\n"}}
[debug] [2026-02-11T15:21:31.087Z] E0211 12:21:31.086704    9376 watch.go:40] Failed to load config from "c:\\Users\\USUARIO\\Documents\\tpAngularAPI\\dataconnect": could not find dataconnect.yaml in `c:\Users\USUARIO\Documents\tpAngularAPI\dataconnect`
 {"metadata":{"emulator":{"name":"dataconnect"},"message":"E0211 12:21:31.086704    9376 watch.go:40] Failed to load config from \"c:\\\\Users\\\\USUARIO\\\\Documents\\\\tpAngularAPI\\\\dataconnect\": could not find dataconnect.yaml in `c:\\Users\\USUARIO\\Documents\\tpAngularAPI\\dataconnect`\n"}}
[debug] [2026-02-11T15:21:41.086Z] E0211 12:21:41.086574    9376 watch.go:40] Failed to load config from "c:\\Users\\USUARIO\\Documents\\tpAngularAPI\\dataconnect": could not find dataconnect.yaml in `c:\Users\USUARIO\Documents\tpAngularAPI\dataconnect`
 {"metadata":{"emulator":{"name":"dataconnect"},"message":"E0211 12:21:41.086574    9376 watch.go:40] Failed to load config from \"c:\\\\Users\\\\USUARIO\\\\Documents\\\\tpAngularAPI\\\\dataconnect\": could not find dataconnect.yaml in `c:\\Users\\USUARIO\\Documents\\tpAngularAPI\\dataconnect`\n"}}
[debug] [2026-02-11T15:21:51.087Z] E0211 12:21:51.086795    9376 watch.go:40] Failed to load config from "c:\\Users\\USUARIO\\Documents\\tpAngularAPI\\dataconnect": could not find dataconnect.yaml in `c:\Users\USUARIO\Documents\tpAngularAPI\dataconnect`
 {"metadata":{"emulator":{"name":"dataconnect"},"message":"E0211 12:21:51.086795    9376 watch.go:40] Failed to load config from \"c:\\\\Users\\\\USUARIO\\\\Documents\\\\tpAngularAPI\\\\dataconnect\": could not find dataconnect.yaml in `c:\\Users\\USUARIO\\Documents\\tpAngularAPI\\dataconnect`\n"}}
[debug] [2026-02-11T15:22:01.086Z] E0211 12:22:01.086596    9376 watch.go:40] Failed to load config from "c:\\Users\\USUARIO\\Documents\\tpAngularAPI\\dataconnect": could not find dataconnect.yaml in `c:\Users\USUARIO\Documents\tpAngularAPI\dataconnect`
 {"metadata":{"emulator":{"name":"dataconnect"},"message":"E0211 12:22:01.086596    9376 watch.go:40] Failed to load config from \"c:\\\\Users\\\\USUARIO\\\\Documents\\\\tpAngularAPI\\\\dataconnect\": could not find dataconnect.yaml in `c:\\Users\\USUARIO\\Documents\\tpAngularAPI\\dataconnect`\n"}}
[debug] [2026-02-11T15:22:11.087Z] E0211 12:22:11.087819    9376 watch.go:40] Failed to load config from "c:\\Users\\USUARIO\\Documents\\tpAngularAPI\\dataconnect": could not find dataconnect.yaml in `c:\Users\USUARIO\Documents\tpAngularAPI\dataconnect`
 {"metadata":{"emulator":{"name":"dataconnect"},"message":"E0211 12:22:11.087819    9376 watch.go:40] Failed to load config from \"c:\\\\Users\\\\USUARIO\\\\Documents\\\\tpAngularAPI\\\\dataconnect\": could not find dataconnect.yaml in `c:\\Users\\USUARIO\\Documents\\tpAngularAPI\\dataconnect`\n"}}
[debug] [2026-02-11T15:22:21.086Z] E0211 12:22:21.086850    9376 watch.go:116] watchAllDir unable to walk dir `c:\Users\USUARIO\Documents\tpAngularAPI\dataconnect`: CreateFile c:\Users\USUARIO\Documents\tpAngularAPI\dataconnect: The system cannot find the file specified.
 {"metadata":{"emulator":{"name":"dataconnect"},"message":"E0211 12:22:21.086850    9376 watch.go:116] watchAllDir unable to walk dir `c:\\Users\\USUARIO\\Documents\\tpAngularAPI\\dataconnect`: CreateFile c:\\Users\\USUARIO\\Documents\\tpAngularAPI\\dataconnect: The system cannot find the file specified.\n"}}
[debug] [2026-02-11T15:22:21.088Z] E0211 12:22:21.086850    9376 watch.go:40] Failed to load config from "c:\\Users\\USUARIO\\Documents\\tpAngularAPI\\dataconnect": could not find dataconnect.yaml in `c:\Users\USUARIO\Documents\tpAngularAPI\dataconnect`
 {"metadata":{"emulator":{"name":"dataconnect"},"message":"E0211 12:22:21.086850    9376 watch.go:40] Failed to load config from \"c:\\\\Users\\\\USUARIO\\\\Documents\\\\tpAngularAPI\\\\dataconnect\": could not find dataconnect.yaml in `c:\\Users\\USUARIO\\Documents\\tpAngularAPI\\dataconnect`\n"}}
[debug] [2026-02-11T15:22:31.087Z] E0211 12:22:31.087284    9376 watch.go:40] Failed to load config from "c:\\Users\\USUARIO\\Documents\\tpAngularAPI\\dataconnect": could not find dataconnect.yaml in `c:\Users\USUARIO\Documents\tpAngularAPI\dataconnect`
 {"metadata":{"emulator":{"name":"dataconnect"},"message":"E0211 12:22:31.087284    9376 watch.go:40] Failed to load config from \"c:\\\\Users\\\\USUARIO\\\\Documents\\\\tpAngularAPI\\\\dataconnect\": could not find dataconnect.yaml in `c:\\Users\\USUARIO\\Documents\\tpAngularAPI\\dataconnect`\n"}}
[debug] [2026-02-11T15:22:41.087Z] E0211 12:22:41.086854    9376 watch.go:40] Failed to load config from "c:\\Users\\USUARIO\\Documents\\tpAngularAPI\\dataconnect": could not find dataconnect.yaml in `c:\Users\USUARIO\Documents\tpAngularAPI\dataconnect`
 {"metadata":{"emulator":{"name":"dataconnect"},"message":"E0211 12:22:41.086854    9376 watch.go:40] Failed to load config from \"c:\\\\Users\\\\USUARIO\\\\Documents\\\\tpAngularAPI\\\\dataconnect\": could not find dataconnect.yaml in `c:\\Users\\USUARIO\\Documents\\tpAngularAPI\\dataconnect`\n"}}
[debug] [2026-02-11T15:22:51.087Z] E0211 12:22:51.087479    9376 watch.go:40] Failed to load config from "c:\\Users\\USUARIO\\Documents\\tpAngularAPI\\dataconnect": could not find dataconnect.yaml in `c:\Users\USUARIO\Documents\tpAngularAPI\dataconnect`
 {"metadata":{"emulator":{"name":"dataconnect"},"message":"E0211 12:22:51.087479    9376 watch.go:40] Failed to load config from \"c:\\\\Users\\\\USUARIO\\\\Documents\\\\tpAngularAPI\\\\dataconnect\": could not find dataconnect.yaml in `c:\\Users\\USUARIO\\Documents\\tpAngularAPI\\dataconnect`\n"}}
[debug] [2026-02-11T15:23:01.089Z] E0211 12:23:01.088162    9376 watch.go:40] Failed to load config from "c:\\Users\\USUARIO\\Documents\\tpAngularAPI\\dataconnect": could not find dataconnect.yaml in `c:\Users\USUARIO\Documents\tpAngularAPI\dataconnect`
 {"metadata":{"emulator":{"name":"dataconnect"},"message":"E0211 12:23:01.088162    9376 watch.go:40] Failed to load config from \"c:\\\\Users\\\\USUARIO\\\\Documents\\\\tpAngularAPI\\\\dataconnect\": could not find dataconnect.yaml in `c:\\Users\\USUARIO\\Documents\\tpAngularAPI\\dataconnect`\n"}}
[debug] [2026-02-11T15:23:11.087Z] E0211 12:23:11.086826    9376 watch.go:40] Failed to load config from "c:\\Users\\USUARIO\\Documents\\tpAngularAPI\\dataconnect": could not find dataconnect.yaml in `c:\Users\USUARIO\Documents\tpAngularAPI\dataconnect`
 {"metadata":{"emulator":{"name":"dataconnect"},"message":"E0211 12:23:11.086826    9376 watch.go:40] Failed to load config from \"c:\\\\Users\\\\USUARIO\\\\Documents\\\\tpAngularAPI\\\\dataconnect\": could not find dataconnect.yaml in `c:\\Users\\USUARIO\\Documents\\tpAngularAPI\\dataconnect`\n"}}
[debug] [2026-02-11T15:23:21.086Z] E0211 12:23:21.086586    9376 watch.go:116] watchAllDir unable to walk dir `c:\Users\USUARIO\Documents\tpAngularAPI\dataconnect`: CreateFile c:\Users\USUARIO\Documents\tpAngularAPI\dataconnect: The system cannot find the file specified.
 {"metadata":{"emulator":{"name":"dataconnect"},"message":"E0211 12:23:21.086586    9376 watch.go:116] watchAllDir unable to walk dir `c:\\Users\\USUARIO\\Documents\\tpAngularAPI\\dataconnect`: CreateFile c:\\Users\\USUARIO\\Documents\\tpAngularAPI\\dataconnect: The system cannot find the file specified.\n"}}
[debug] [2026-02-11T15:23:21.087Z] E0211 12:23:21.086586    9376 watch.go:40] Failed to load config from "c:\\Users\\USUARIO\\Documents\\tpAngularAPI\\dataconnect": could not find dataconnect.yaml in `c:\Users\USUARIO\Documents\tpAngularAPI\dataconnect`
 {"metadata":{"emulator":{"name":"dataconnect"},"message":"E0211 12:23:21.086586    9376 watch.go:40] Failed to load config from \"c:\\\\Users\\\\USUARIO\\\\Documents\\\\tpAngularAPI\\\\dataconnect\": could not find dataconnect.yaml in `c:\\Users\\USUARIO\\Documents\\tpAngularAPI\\dataconnect`\n"}}
[debug] [2026-02-11T15:23:31.088Z] E0211 12:23:31.087533    9376 watch.go:40] Failed to load config from "c:\\Users\\USUARIO\\Documents\\tpAngularAPI\\dataconnect": could not find dataconnect.yaml in `c:\Users\USUARIO\Documents\tpAngularAPI\dataconnect`
 {"metadata":{"emulator":{"name":"dataconnect"},"message":"E0211 12:23:31.087533    9376 watch.go:40] Failed to load config from \"c:\\\\Users\\\\USUARIO\\\\Documents\\\\tpAngularAPI\\\\dataconnect\": could not find dataconnect.yaml in `c:\\Users\\USUARIO\\Documents\\tpAngularAPI\\dataconnect`\n"}}
[debug] [2026-02-11T15:23:41.087Z] E0211 12:23:41.086815    9376 watch.go:40] Failed to load config from "c:\\Users\\USUARIO\\Documents\\tpAngularAPI\\dataconnect": could not find dataconnect.yaml in `c:\Users\USUARIO\Documents\tpAngularAPI\dataconnect`
 {"metadata":{"emulator":{"name":"dataconnect"},"message":"E0211 12:23:41.086815    9376 watch.go:40] Failed to load config from \"c:\\\\Users\\\\USUARIO\\\\Documents\\\\tpAngularAPI\\\\dataconnect\": could not find dataconnect.yaml in `c:\\Users\\USUARIO\\Documents\\tpAngularAPI\\dataconnect`\n"}}
[debug] [2026-02-11T15:23:51.087Z] E0211 12:23:51.086689    9376 watch.go:40] Failed to load config from "c:\\Users\\USUARIO\\Documents\\tpAngularAPI\\dataconnect": could not find dataconnect.yaml in `c:\Users\USUARIO\Documents\tpAngularAPI\dataconnect`
 {"metadata":{"emulator":{"name":"dataconnect"},"message":"E0211 12:23:51.086689    9376 watch.go:40] Failed to load config from \"c:\\\\Users\\\\USUARIO\\\\Documents\\\\tpAngularAPI\\\\dataconnect\": could not find dataconnect.yaml in `c:\\Users\\USUARIO\\Documents\\tpAngularAPI\\dataconnect`\n"}}
[debug] [2026-02-11T15:24:01.087Z] E0211 12:24:01.086762    9376 watch.go:40] Failed to load config from "c:\\Users\\USUARIO\\Documents\\tpAngularAPI\\dataconnect": could not find dataconnect.yaml in `c:\Users\USUARIO\Documents\tpAngularAPI\dataconnect`
 {"metadata":{"emulator":{"name":"dataconnect"},"message":"E0211 12:24:01.086762    9376 watch.go:40] Failed to load config from \"c:\\\\Users\\\\USUARIO\\\\Documents\\\\tpAngularAPI\\\\dataconnect\": could not find dataconnect.yaml in `c:\\Users\\USUARIO\\Documents\\tpAngularAPI\\dataconnect`\n"}}
[debug] [2026-02-11T15:24:11.087Z] E0211 12:24:11.087140    9376 watch.go:40] Failed to load config from "c:\\Users\\USUARIO\\Documents\\tpAngularAPI\\dataconnect": could not find dataconnect.yaml in `c:\Users\USUARIO\Documents\tpAngularAPI\dataconnect`
 {"metadata":{"emulator":{"name":"dataconnect"},"message":"E0211 12:24:11.087140    9376 watch.go:40] Failed to load config from \"c:\\\\Users\\\\USUARIO\\\\Documents\\\\tpAngularAPI\\\\dataconnect\": could not find dataconnect.yaml in `c:\\Users\\USUARIO\\Documents\\tpAngularAPI\\dataconnect`\n"}}
[debug] [2026-02-11T15:24:21.086Z] E0211 12:24:21.086573    9376 watch.go:116] watchAllDir unable to walk dir `c:\Users\USUARIO\Documents\tpAngularAPI\dataconnect`: CreateFile c:\Users\USUARIO\Documents\tpAngularAPI\dataconnect: The system cannot find the file specified.
 {"metadata":{"emulator":{"name":"dataconnect"},"message":"E0211 12:24:21.086573    9376 watch.go:116] watchAllDir unable to walk dir `c:\\Users\\USUARIO\\Documents\\tpAngularAPI\\dataconnect`: CreateFile c:\\Users\\USUARIO\\Documents\\tpAngularAPI\\dataconnect: The system cannot find the file specified.\n"}}
[debug] [2026-02-11T15:24:21.087Z] E0211 12:24:21.086573    9376 watch.go:40] Failed to load config from "c:\\Users\\USUARIO\\Documents\\tpAngularAPI\\dataconnect": could not find dataconnect.yaml in `c:\Users\USUARIO\Documents\tpAngularAPI\dataconnect`
 {"metadata":{"emulator":{"name":"dataconnect"},"message":"E0211 12:24:21.086573    9376 watch.go:40] Failed to load config from \"c:\\\\Users\\\\USUARIO\\\\Documents\\\\tpAngularAPI\\\\dataconnect\": could not find dataconnect.yaml in `c:\\Users\\USUARIO\\Documents\\tpAngularAPI\\dataconnect`\n"}}
[debug] [2026-02-11T15:24:31.087Z] E0211 12:24:31.086754    9376 watch.go:40] Failed to load config from "c:\\Users\\USUARIO\\Documents\\tpAngularAPI\\dataconnect": could not find dataconnect.yaml in `c:\Users\USUARIO\Documents\tpAngularAPI\dataconnect`
 {"metadata":{"emulator":{"name":"dataconnect"},"message":"E0211 12:24:31.086754    9376 watch.go:40] Failed to load config from \"c:\\\\Users\\\\USUARIO\\\\Documents\\\\tpAngularAPI\\\\dataconnect\": could not find dataconnect.yaml in `c:\\Users\\USUARIO\\Documents\\tpAngularAPI\\dataconnect`\n"}}
[debug] [2026-02-11T15:24:41.086Z] E0211 12:24:41.086728    9376 watch.go:40] Failed to load config from "c:\\Users\\USUARIO\\Documents\\tpAngularAPI\\dataconnect": could not find dataconnect.yaml in `c:\Users\USUARIO\Documents\tpAngularAPI\dataconnect`
 {"metadata":{"emulator":{"name":"dataconnect"},"message":"E0211 12:24:41.086728    9376 watch.go:40] Failed to load config from \"c:\\\\Users\\\\USUARIO\\\\Documents\\\\tpAngularAPI\\\\dataconnect\": could not find dataconnect.yaml in `c:\\Users\\USUARIO\\Documents\\tpAngularAPI\\dataconnect`\n"}}
[debug] [2026-02-11T15:24:51.086Z] E0211 12:24:51.086816    9376 watch.go:40] Failed to load config from "c:\\Users\\USUARIO\\Documents\\tpAngularAPI\\dataconnect": could not find dataconnect.yaml in `c:\Users\USUARIO\Documents\tpAngularAPI\dataconnect`
 {"metadata":{"emulator":{"name":"dataconnect"},"message":"E0211 12:24:51.086816    9376 watch.go:40] Failed to load config from \"c:\\\\Users\\\\USUARIO\\\\Documents\\\\tpAngularAPI\\\\dataconnect\": could not find dataconnect.yaml in `c:\\Users\\USUARIO\\Documents\\tpAngularAPI\\dataconnect`\n"}}
[debug] [2026-02-11T15:25:01.087Z] E0211 12:25:01.087446    9376 watch.go:40] Failed to load config from "c:\\Users\\USUARIO\\Documents\\tpAngularAPI\\dataconnect": could not find dataconnect.yaml in `c:\Users\USUARIO\Documents\tpAngularAPI\dataconnect`
 {"metadata":{"emulator":{"name":"dataconnect"},"message":"E0211 12:25:01.087446    9376 watch.go:40] Failed to load config from \"c:\\\\Users\\\\USUARIO\\\\Documents\\\\tpAngularAPI\\\\dataconnect\": could not find dataconnect.yaml in `c:\\Users\\USUARIO\\Documents\\tpAngularAPI\\dataconnect`\n"}}
[debug] [2026-02-11T15:25:11.087Z] E0211 12:25:11.087960    9376 watch.go:40] Failed to load config from "c:\\Users\\USUARIO\\Documents\\tpAngularAPI\\dataconnect": could not find dataconnect.yaml in `c:\Users\USUARIO\Documents\tpAngularAPI\dataconnect`
 {"metadata":{"emulator":{"name":"dataconnect"},"message":"E0211 12:25:11.087960    9376 watch.go:40] Failed to load config from \"c:\\\\Users\\\\USUARIO\\\\Documents\\\\tpAngularAPI\\\\dataconnect\": could not find dataconnect.yaml in `c:\\Users\\USUARIO\\Documents\\tpAngularAPI\\dataconnect`\n"}}
[debug] [2026-02-11T15:25:21.086Z] E0211 12:25:21.086797    9376 watch.go:116] watchAllDir unable to walk dir `c:\Users\USUARIO\Documents\tpAngularAPI\dataconnect`: CreateFile c:\Users\USUARIO\Documents\tpAngularAPI\dataconnect: The system cannot find the file specified.
 {"metadata":{"emulator":{"name":"dataconnect"},"message":"E0211 12:25:21.086797    9376 watch.go:116] watchAllDir unable to walk dir `c:\\Users\\USUARIO\\Documents\\tpAngularAPI\\dataconnect`: CreateFile c:\\Users\\USUARIO\\Documents\\tpAngularAPI\\dataconnect: The system cannot find the file specified.\n"}}
[debug] [2026-02-11T15:25:21.087Z] E0211 12:25:21.087302    9376 watch.go:40] Failed to load config from "c:\\Users\\USUARIO\\Documents\\tpAngularAPI\\dataconnect": could not find dataconnect.yaml in `c:\Users\USUARIO\Documents\tpAngularAPI\dataconnect`
 {"metadata":{"emulator":{"name":"dataconnect"},"message":"E0211 12:25:21.087302    9376 watch.go:40] Failed to load config from \"c:\\\\Users\\\\USUARIO\\\\Documents\\\\tpAngularAPI\\\\dataconnect\": could not find dataconnect.yaml in `c:\\Users\\USUARIO\\Documents\\tpAngularAPI\\dataconnect`\n"}}
[debug] [2026-02-11T15:25:31.087Z] E0211 12:25:31.087441    9376 watch.go:40] Failed to load config from "c:\\Users\\USUARIO\\Documents\\tpAngularAPI\\dataconnect": could not find dataconnect.yaml in `c:\Users\USUARIO\Documents\tpAngularAPI\dataconnect`
 {"metadata":{"emulator":{"name":"dataconnect"},"message":"E0211 12:25:31.087441    9376 watch.go:40] Failed to load config from \"c:\\\\Users\\\\USUARIO\\\\Documents\\\\tpAngularAPI\\\\dataconnect\": could not find dataconnect.yaml in `c:\\Users\\USUARIO\\Documents\\tpAngularAPI\\dataconnect`\n"}}
[debug] [2026-02-11T15:25:41.086Z] E0211 12:25:41.086800    9376 watch.go:40] Failed to load config from "c:\\Users\\USUARIO\\Documents\\tpAngularAPI\\dataconnect": could not find dataconnect.yaml in `c:\Users\USUARIO\Documents\tpAngularAPI\dataconnect`
 {"metadata":{"emulator":{"name":"dataconnect"},"message":"E0211 12:25:41.086800    9376 watch.go:40] Failed to load config from \"c:\\\\Users\\\\USUARIO\\\\Documents\\\\tpAngularAPI\\\\dataconnect\": could not find dataconnect.yaml in `c:\\Users\\USUARIO\\Documents\\tpAngularAPI\\dataconnect`\n"}}
[debug] [2026-02-11T15:25:51.086Z] E0211 12:25:51.086614    9376 watch.go:40] Failed to load config from "c:\\Users\\USUARIO\\Documents\\tpAngularAPI\\dataconnect": could not find dataconnect.yaml in `c:\Users\USUARIO\Documents\tpAngularAPI\dataconnect`
 {"metadata":{"emulator":{"name":"dataconnect"},"message":"E0211 12:25:51.086614    9376 watch.go:40] Failed to load config from \"c:\\\\Users\\\\USUARIO\\\\Documents\\\\tpAngularAPI\\\\dataconnect\": could not find dataconnect.yaml in `c:\\Users\\USUARIO\\Documents\\tpAngularAPI\\dataconnect`\n"}}
[debug] [2026-02-11T15:26:01.086Z] E0211 12:26:01.086572    9376 watch.go:40] Failed to load config from "c:\\Users\\USUARIO\\Documents\\tpAngularAPI\\dataconnect": could not find dataconnect.yaml in `c:\Users\USUARIO\Documents\tpAngularAPI\dataconnect`
 {"metadata":{"emulator":{"name":"dataconnect"},"message":"E0211 12:26:01.086572    9376 watch.go:40] Failed to load config from \"c:\\\\Users\\\\USUARIO\\\\Documents\\\\tpAngularAPI\\\\dataconnect\": could not find dataconnect.yaml in `c:\\Users\\USUARIO\\Documents\\tpAngularAPI\\dataconnect`\n"}}
[debug] [2026-02-11T15:26:11.086Z] E0211 12:26:11.086917    9376 watch.go:40] Failed to load config from "c:\\Users\\USUARIO\\Documents\\tpAngularAPI\\dataconnect": could not find dataconnect.yaml in `c:\Users\USUARIO\Documents\tpAngularAPI\dataconnect`
 {"metadata":{"emulator":{"name":"dataconnect"},"message":"E0211 12:26:11.086917    9376 watch.go:40] Failed to load config from \"c:\\\\Users\\\\USUARIO\\\\Documents\\\\tpAngularAPI\\\\dataconnect\": could not find dataconnect.yaml in `c:\\Users\\USUARIO\\Documents\\tpAngularAPI\\dataconnect`\n"}}
[debug] [2026-02-11T15:26:21.086Z] E0211 12:26:21.087052    9376 watch.go:116] watchAllDir unable to walk dir `c:\Users\USUARIO\Documents\tpAngularAPI\dataconnect`: CreateFile c:\Users\USUARIO\Documents\tpAngularAPI\dataconnect: The system cannot find the file specified.
 {"metadata":{"emulator":{"name":"dataconnect"},"message":"E0211 12:26:21.087052    9376 watch.go:116] watchAllDir unable to walk dir `c:\\Users\\USUARIO\\Documents\\tpAngularAPI\\dataconnect`: CreateFile c:\\Users\\USUARIO\\Documents\\tpAngularAPI\\dataconnect: The system cannot find the file specified.\n"}}
[debug] [2026-02-11T15:26:21.088Z] E0211 12:26:21.087052    9376 watch.go:40] Failed to load config from "c:\\Users\\USUARIO\\Documents\\tpAngularAPI\\dataconnect": could not find dataconnect.yaml in `c:\Users\USUARIO\Documents\tpAngularAPI\dataconnect`
 {"metadata":{"emulator":{"name":"dataconnect"},"message":"E0211 12:26:21.087052    9376 watch.go:40] Failed to load config from \"c:\\\\Users\\\\USUARIO\\\\Documents\\\\tpAngularAPI\\\\dataconnect\": could not find dataconnect.yaml in `c:\\Users\\USUARIO\\Documents\\tpAngularAPI\\dataconnect`\n"}}
[debug] [2026-02-11T15:26:31.087Z] E0211 12:26:31.087480    9376 watch.go:40] Failed to load config from "c:\\Users\\USUARIO\\Documents\\tpAngularAPI\\dataconnect": could not find dataconnect.yaml in `c:\Users\USUARIO\Documents\tpAngularAPI\dataconnect`
 {"metadata":{"emulator":{"name":"dataconnect"},"message":"E0211 12:26:31.087480    9376 watch.go:40] Failed to load config from \"c:\\\\Users\\\\USUARIO\\\\Documents\\\\tpAngularAPI\\\\dataconnect\": could not find dataconnect.yaml in `c:\\Users\\USUARIO\\Documents\\tpAngularAPI\\dataconnect`\n"}}
[debug] [2026-02-11T15:26:41.087Z] E0211 12:26:41.086759    9376 watch.go:40] Failed to load config from "c:\\Users\\USUARIO\\Documents\\tpAngularAPI\\dataconnect": could not find dataconnect.yaml in `c:\Users\USUARIO\Documents\tpAngularAPI\dataconnect`
 {"metadata":{"emulator":{"name":"dataconnect"},"message":"E0211 12:26:41.086759    9376 watch.go:40] Failed to load config from \"c:\\\\Users\\\\USUARIO\\\\Documents\\\\tpAngularAPI\\\\dataconnect\": could not find dataconnect.yaml in `c:\\Users\\USUARIO\\Documents\\tpAngularAPI\\dataconnect`\n"}}
[debug] [2026-02-11T15:26:51.087Z] E0211 12:26:51.086696    9376 watch.go:40] Failed to load config from "c:\\Users\\USUARIO\\Documents\\tpAngularAPI\\dataconnect": could not find dataconnect.yaml in `c:\Users\USUARIO\Documents\tpAngularAPI\dataconnect`
 {"metadata":{"emulator":{"name":"dataconnect"},"message":"E0211 12:26:51.086696    9376 watch.go:40] Failed to load config from \"c:\\\\Users\\\\USUARIO\\\\Documents\\\\tpAngularAPI\\\\dataconnect\": could not find dataconnect.yaml in `c:\\Users\\USUARIO\\Documents\\tpAngularAPI\\dataconnect`\n"}}
[debug] [2026-02-11T15:27:01.087Z] E0211 12:27:01.086683    9376 watch.go:40] Failed to load config from "c:\\Users\\USUARIO\\Documents\\tpAngularAPI\\dataconnect": could not find dataconnect.yaml in `c:\Users\USUARIO\Documents\tpAngularAPI\dataconnect`
 {"metadata":{"emulator":{"name":"dataconnect"},"message":"E0211 12:27:01.086683    9376 watch.go:40] Failed to load config from \"c:\\\\Users\\\\USUARIO\\\\Documents\\\\tpAngularAPI\\\\dataconnect\": could not find dataconnect.yaml in `c:\\Users\\USUARIO\\Documents\\tpAngularAPI\\dataconnect`\n"}}
[debug] [2026-02-11T15:27:11.087Z] E0211 12:27:11.087172    9376 watch.go:40] Failed to load config from "c:\\Users\\USUARIO\\Documents\\tpAngularAPI\\dataconnect": could not find dataconnect.yaml in `c:\Users\USUARIO\Documents\tpAngularAPI\dataconnect`
 {"metadata":{"emulator":{"name":"dataconnect"},"message":"E0211 12:27:11.087172    9376 watch.go:40] Failed to load config from \"c:\\\\Users\\\\USUARIO\\\\Documents\\\\tpAngularAPI\\\\dataconnect\": could not find dataconnect.yaml in `c:\\Users\\USUARIO\\Documents\\tpAngularAPI\\dataconnect`\n"}}
[debug] [2026-02-11T15:27:21.087Z] E0211 12:27:21.086853    9376 watch.go:116] watchAllDir unable to walk dir `c:\Users\USUARIO\Documents\tpAngularAPI\dataconnect`: CreateFile c:\Users\USUARIO\Documents\tpAngularAPI\dataconnect: The system cannot find the file specified.
 {"metadata":{"emulator":{"name":"dataconnect"},"message":"E0211 12:27:21.086853    9376 watch.go:116] watchAllDir unable to walk dir `c:\\Users\\USUARIO\\Documents\\tpAngularAPI\\dataconnect`: CreateFile c:\\Users\\USUARIO\\Documents\\tpAngularAPI\\dataconnect: The system cannot find the file specified.\n"}}
[debug] [2026-02-11T15:27:21.088Z] E0211 12:27:21.086853    9376 watch.go:40] Failed to load config from "c:\\Users\\USUARIO\\Documents\\tpAngularAPI\\dataconnect": could not find dataconnect.yaml in `c:\Users\USUARIO\Documents\tpAngularAPI\dataconnect`
 {"metadata":{"emulator":{"name":"dataconnect"},"message":"E0211 12:27:21.086853    9376 watch.go:40] Failed to load config from \"c:\\\\Users\\\\USUARIO\\\\Documents\\\\tpAngularAPI\\\\dataconnect\": could not find dataconnect.yaml in `c:\\Users\\USUARIO\\Documents\\tpAngularAPI\\dataconnect`\n"}}
[debug] [2026-02-11T15:27:31.087Z] E0211 12:27:31.086620    9376 watch.go:40] Failed to load config from "c:\\Users\\USUARIO\\Documents\\tpAngularAPI\\dataconnect": could not find dataconnect.yaml in `c:\Users\USUARIO\Documents\tpAngularAPI\dataconnect`
 {"metadata":{"emulator":{"name":"dataconnect"},"message":"E0211 12:27:31.086620    9376 watch.go:40] Failed to load config from \"c:\\\\Users\\\\USUARIO\\\\Documents\\\\tpAngularAPI\\\\dataconnect\": could not find dataconnect.yaml in `c:\\Users\\USUARIO\\Documents\\tpAngularAPI\\dataconnect`\n"}}
[debug] [2026-02-11T15:27:41.087Z] E0211 12:27:41.086957    9376 watch.go:40] Failed to load config from "c:\\Users\\USUARIO\\Documents\\tpAngularAPI\\dataconnect": could not find dataconnect.yaml in `c:\Users\USUARIO\Documents\tpAngularAPI\dataconnect`
 {"metadata":{"emulator":{"name":"dataconnect"},"message":"E0211 12:27:41.086957    9376 watch.go:40] Failed to load config from \"c:\\\\Users\\\\USUARIO\\\\Documents\\\\tpAngularAPI\\\\dataconnect\": could not find dataconnect.yaml in `c:\\Users\\USUARIO\\Documents\\tpAngularAPI\\dataconnect`\n"}}
[debug] [2026-02-11T15:27:51.087Z] E0211 12:27:51.086765    9376 watch.go:40] Failed to load config from "c:\\Users\\USUARIO\\Documents\\tpAngularAPI\\dataconnect": could not find dataconnect.yaml in `c:\Users\USUARIO\Documents\tpAngularAPI\dataconnect`
 {"metadata":{"emulator":{"name":"dataconnect"},"message":"E0211 12:27:51.086765    9376 watch.go:40] Failed to load config from \"c:\\\\Users\\\\USUARIO\\\\Documents\\\\tpAngularAPI\\\\dataconnect\": could not find dataconnect.yaml in `c:\\Users\\USUARIO\\Documents\\tpAngularAPI\\dataconnect`\n"}}
[debug] [2026-02-11T15:28:01.087Z] E0211 12:28:01.086638    9376 watch.go:40] Failed to load config from "c:\\Users\\USUARIO\\Documents\\tpAngularAPI\\dataconnect": could not find dataconnect.yaml in `c:\Users\USUARIO\Documents\tpAngularAPI\dataconnect`
 {"metadata":{"emulator":{"name":"dataconnect"},"message":"E0211 12:28:01.086638    9376 watch.go:40] Failed to load config from \"c:\\\\Users\\\\USUARIO\\\\Documents\\\\tpAngularAPI\\\\dataconnect\": could not find dataconnect.yaml in `c:\\Users\\USUARIO\\Documents\\tpAngularAPI\\dataconnect`\n"}}
[debug] [2026-02-11T15:28:11.087Z] E0211 12:28:11.087194    9376 watch.go:40] Failed to load config from "c:\\Users\\USUARIO\\Documents\\tpAngularAPI\\dataconnect": could not find dataconnect.yaml in `c:\Users\USUARIO\Documents\tpAngularAPI\dataconnect`
 {"metadata":{"emulator":{"name":"dataconnect"},"message":"E0211 12:28:11.087194    9376 watch.go:40] Failed to load config from \"c:\\\\Users\\\\USUARIO\\\\Documents\\\\tpAngularAPI\\\\dataconnect\": could not find dataconnect.yaml in `c:\\Users\\USUARIO\\Documents\\tpAngularAPI\\dataconnect`\n"}}
[debug] [2026-02-11T15:28:21.086Z] E0211 12:28:21.086584    9376 watch.go:116] watchAllDir unable to walk dir `c:\Users\USUARIO\Documents\tpAngularAPI\dataconnect`: CreateFile c:\Users\USUARIO\Documents\tpAngularAPI\dataconnect: The system cannot find the file specified.
 {"metadata":{"emulator":{"name":"dataconnect"},"message":"E0211 12:28:21.086584    9376 watch.go:116] watchAllDir unable to walk dir `c:\\Users\\USUARIO\\Documents\\tpAngularAPI\\dataconnect`: CreateFile c:\\Users\\USUARIO\\Documents\\tpAngularAPI\\dataconnect: The system cannot find the file specified.\n"}}
[debug] [2026-02-11T15:28:21.087Z] E0211 12:28:21.086584    9376 watch.go:40] Failed to load config from "c:\\Users\\USUARIO\\Documents\\tpAngularAPI\\dataconnect": could not find dataconnect.yaml in `c:\Users\USUARIO\Documents\tpAngularAPI\dataconnect`
 {"metadata":{"emulator":{"name":"dataconnect"},"message":"E0211 12:28:21.086584    9376 watch.go:40] Failed to load config from \"c:\\\\Users\\\\USUARIO\\\\Documents\\\\tpAngularAPI\\\\dataconnect\": could not find dataconnect.yaml in `c:\\Users\\USUARIO\\Documents\\tpAngularAPI\\dataconnect`\n"}}
[debug] [2026-02-11T15:28:31.088Z] E0211 12:28:31.087608    9376 watch.go:40] Failed to load config from "c:\\Users\\USUARIO\\Documents\\tpAngularAPI\\dataconnect": could not find dataconnect.yaml in `c:\Users\USUARIO\Documents\tpAngularAPI\dataconnect`
 {"metadata":{"emulator":{"name":"dataconnect"},"message":"E0211 12:28:31.087608    9376 watch.go:40] Failed to load config from \"c:\\\\Users\\\\USUARIO\\\\Documents\\\\tpAngularAPI\\\\dataconnect\": could not find dataconnect.yaml in `c:\\Users\\USUARIO\\Documents\\tpAngularAPI\\dataconnect`\n"}}
[debug] [2026-02-11T15:28:41.087Z] E0211 12:28:41.087280    9376 watch.go:40] Failed to load config from "c:\\Users\\USUARIO\\Documents\\tpAngularAPI\\dataconnect": could not find dataconnect.yaml in `c:\Users\USUARIO\Documents\tpAngularAPI\dataconnect`
 {"metadata":{"emulator":{"name":"dataconnect"},"message":"E0211 12:28:41.087280    9376 watch.go:40] Failed to load config from \"c:\\\\Users\\\\USUARIO\\\\Documents\\\\tpAngularAPI\\\\dataconnect\": could not find dataconnect.yaml in `c:\\Users\\USUARIO\\Documents\\tpAngularAPI\\dataconnect`\n"}}
[debug] [2026-02-11T15:28:51.099Z] E0211 12:28:51.099199    9376 watch.go:40] Failed to load config from "c:\\Users\\USUARIO\\Documents\\tpAngularAPI\\dataconnect": could not find dataconnect.yaml in `c:\Users\USUARIO\Documents\tpAngularAPI\dataconnect`
 {"metadata":{"emulator":{"name":"dataconnect"},"message":"E0211 12:28:51.099199    9376 watch.go:40] Failed to load config from \"c:\\\\Users\\\\USUARIO\\\\Documents\\\\tpAngularAPI\\\\dataconnect\": could not find dataconnect.yaml in `c:\\Users\\USUARIO\\Documents\\tpAngularAPI\\dataconnect`\n"}}
[debug] [2026-02-11T15:29:01.087Z] E0211 12:29:01.087084    9376 watch.go:40] Failed to load config from "c:\\Users\\USUARIO\\Documents\\tpAngularAPI\\dataconnect": could not find dataconnect.yaml in `c:\Users\USUARIO\Documents\tpAngularAPI\dataconnect`
 {"metadata":{"emulator":{"name":"dataconnect"},"message":"E0211 12:29:01.087084    9376 watch.go:40] Failed to load config from \"c:\\\\Users\\\\USUARIO\\\\Documents\\\\tpAngularAPI\\\\dataconnect\": could not find dataconnect.yaml in `c:\\Users\\USUARIO\\Documents\\tpAngularAPI\\dataconnect`\n"}}
[debug] [2026-02-11T15:29:11.087Z] E0211 12:29:11.087135    9376 watch.go:40] Failed to load config from "c:\\Users\\USUARIO\\Documents\\tpAngularAPI\\dataconnect": could not find dataconnect.yaml in `c:\Users\USUARIO\Documents\tpAngularAPI\dataconnect`
 {"metadata":{"emulator":{"name":"dataconnect"},"message":"E0211 12:29:11.087135    9376 watch.go:40] Failed to load config from \"c:\\\\Users\\\\USUARIO\\\\Documents\\\\tpAngularAPI\\\\dataconnect\": could not find dataconnect.yaml in `c:\\Users\\USUARIO\\Documents\\tpAngularAPI\\dataconnect`\n"}}
[debug] [2026-02-11T15:29:21.086Z] E0211 12:29:21.086580    9376 watch.go:116] watchAllDir unable to walk dir `c:\Users\USUARIO\Documents\tpAngularAPI\dataconnect`: CreateFile c:\Users\USUARIO\Documents\tpAngularAPI\dataconnect: The system cannot find the file specified.
 {"metadata":{"emulator":{"name":"dataconnect"},"message":"E0211 12:29:21.086580    9376 watch.go:116] watchAllDir unable to walk dir `c:\\Users\\USUARIO\\Documents\\tpAngularAPI\\dataconnect`: CreateFile c:\\Users\\USUARIO\\Documents\\tpAngularAPI\\dataconnect: The system cannot find the file specified.\n"}}
[debug] [2026-02-11T15:29:21.087Z] E0211 12:29:21.086580    9376 watch.go:40] Failed to load config from "c:\\Users\\USUARIO\\Documents\\tpAngularAPI\\dataconnect": could not find dataconnect.yaml in `c:\Users\USUARIO\Documents\tpAngularAPI\dataconnect`
 {"metadata":{"emulator":{"name":"dataconnect"},"message":"E0211 12:29:21.086580    9376 watch.go:40] Failed to load config from \"c:\\\\Users\\\\USUARIO\\\\Documents\\\\tpAngularAPI\\\\dataconnect\": could not find dataconnect.yaml in `c:\\Users\\USUARIO\\Documents\\tpAngularAPI\\dataconnect`\n"}}
[debug] [2026-02-11T15:29:31.087Z] E0211 12:29:31.087131    9376 watch.go:40] Failed to load config from "c:\\Users\\USUARIO\\Documents\\tpAngularAPI\\dataconnect": could not find dataconnect.yaml in `c:\Users\USUARIO\Documents\tpAngularAPI\dataconnect`
 {"metadata":{"emulator":{"name":"dataconnect"},"message":"E0211 12:29:31.087131    9376 watch.go:40] Failed to load config from \"c:\\\\Users\\\\USUARIO\\\\Documents\\\\tpAngularAPI\\\\dataconnect\": could not find dataconnect.yaml in `c:\\Users\\USUARIO\\Documents\\tpAngularAPI\\dataconnect`\n"}}
[debug] [2026-02-11T15:29:41.087Z] E0211 12:29:41.087127    9376 watch.go:40] Failed to load config from "c:\\Users\\USUARIO\\Documents\\tpAngularAPI\\dataconnect": could not find dataconnect.yaml in `c:\Users\USUARIO\Documents\tpAngularAPI\dataconnect`
 {"metadata":{"emulator":{"name":"dataconnect"},"message":"E0211 12:29:41.087127    9376 watch.go:40] Failed to load config from \"c:\\\\Users\\\\USUARIO\\\\Documents\\\\tpAngularAPI\\\\dataconnect\": could not find dataconnect.yaml in `c:\\Users\\USUARIO\\Documents\\tpAngularAPI\\dataconnect`\n"}}
[debug] [2026-02-11T15:29:51.086Z] E0211 12:29:51.086879    9376 watch.go:40] Failed to load config from "c:\\Users\\USUARIO\\Documents\\tpAngularAPI\\dataconnect": could not find dataconnect.yaml in `c:\Users\USUARIO\Documents\tpAngularAPI\dataconnect`
 {"metadata":{"emulator":{"name":"dataconnect"},"message":"E0211 12:29:51.086879    9376 watch.go:40] Failed to load config from \"c:\\\\Users\\\\USUARIO\\\\Documents\\\\tpAngularAPI\\\\dataconnect\": could not find dataconnect.yaml in `c:\\Users\\USUARIO\\Documents\\tpAngularAPI\\dataconnect`\n"}}
[debug] [2026-02-11T15:30:01.086Z] E0211 12:30:01.086822    9376 watch.go:40] Failed to load config from "c:\\Users\\USUARIO\\Documents\\tpAngularAPI\\dataconnect": could not find dataconnect.yaml in `c:\Users\USUARIO\Documents\tpAngularAPI\dataconnect`
 {"metadata":{"emulator":{"name":"dataconnect"},"message":"E0211 12:30:01.086822    9376 watch.go:40] Failed to load config from \"c:\\\\Users\\\\USUARIO\\\\Documents\\\\tpAngularAPI\\\\dataconnect\": could not find dataconnect.yaml in `c:\\Users\\USUARIO\\Documents\\tpAngularAPI\\dataconnect`\n"}}
[debug] [2026-02-11T15:30:11.086Z] E0211 12:30:11.086857    9376 watch.go:40] Failed to load config from "c:\\Users\\USUARIO\\Documents\\tpAngularAPI\\dataconnect": could not find dataconnect.yaml in `c:\Users\USUARIO\Documents\tpAngularAPI\dataconnect`
 {"metadata":{"emulator":{"name":"dataconnect"},"message":"E0211 12:30:11.086857    9376 watch.go:40] Failed to load config from \"c:\\\\Users\\\\USUARIO\\\\Documents\\\\tpAngularAPI\\\\dataconnect\": could not find dataconnect.yaml in `c:\\Users\\USUARIO\\Documents\\tpAngularAPI\\dataconnect`\n"}}
[debug] [2026-02-11T15:30:21.087Z] E0211 12:30:21.087252    9376 watch.go:40] Failed to load config from "c:\\Users\\USUARIO\\Documents\\tpAngularAPI\\dataconnect": could not find dataconnect.yaml in `c:\Users\USUARIO\Documents\tpAngularAPI\dataconnect`
E0211 12:30:21.087252    9376 watch.go:116] watchAllDir unable to walk dir `c:\Users\USUARIO\Documents\tpAngularAPI\dataconnect`: CreateFile c:\Users\USUARIO\Documents\tpAngularAPI\dataconnect: The system cannot find the file specified.
 {"metadata":{"emulator":{"name":"dataconnect"},"message":"E0211 12:30:21.087252    9376 watch.go:40] Failed to load config from \"c:\\\\Users\\\\USUARIO\\\\Documents\\\\tpAngularAPI\\\\dataconnect\": could not find dataconnect.yaml in `c:\\Users\\USUARIO\\Documents\\tpAngularAPI\\dataconnect`\nE0211 12:30:21.087252    9376 watch.go:116] watchAllDir unable to walk dir `c:\\Users\\USUARIO\\Documents\\tpAngularAPI\\dataconnect`: CreateFile c:\\Users\\USUARIO\\Documents\\tpAngularAPI\\dataconnect: The system cannot find the file specified.\n"}}
[debug] [2026-02-11T15:30:31.086Z] E0211 12:30:31.086859    9376 watch.go:40] Failed to load config from "c:\\Users\\USUARIO\\Documents\\tpAngularAPI\\dataconnect": could not find dataconnect.yaml in `c:\Users\USUARIO\Documents\tpAngularAPI\dataconnect`
 {"metadata":{"emulator":{"name":"dataconnect"},"message":"E0211 12:30:31.086859    9376 watch.go:40] Failed to load config from \"c:\\\\Users\\\\USUARIO\\\\Documents\\\\tpAngularAPI\\\\dataconnect\": could not find dataconnect.yaml in `c:\\Users\\USUARIO\\Documents\\tpAngularAPI\\dataconnect`\n"}}
[debug] [2026-02-11T15:30:41.086Z] E0211 12:30:41.086822    9376 watch.go:40] Failed to load config from "c:\\Users\\USUARIO\\Documents\\tpAngularAPI\\dataconnect": could not find dataconnect.yaml in `c:\Users\USUARIO\Documents\tpAngularAPI\dataconnect`
 {"metadata":{"emulator":{"name":"dataconnect"},"message":"E0211 12:30:41.086822    9376 watch.go:40] Failed to load config from \"c:\\\\Users\\\\USUARIO\\\\Documents\\\\tpAngularAPI\\\\dataconnect\": could not find dataconnect.yaml in `c:\\Users\\USUARIO\\Documents\\tpAngularAPI\\dataconnect`\n"}}
[debug] [2026-02-11T15:30:51.087Z] E0211 12:30:51.087340    9376 watch.go:40] Failed to load config from "c:\\Users\\USUARIO\\Documents\\tpAngularAPI\\dataconnect": could not find dataconnect.yaml in `c:\Users\USUARIO\Documents\tpAngularAPI\dataconnect`
 {"metadata":{"emulator":{"name":"dataconnect"},"message":"E0211 12:30:51.087340    9376 watch.go:40] Failed to load config from \"c:\\\\Users\\\\USUARIO\\\\Documents\\\\tpAngularAPI\\\\dataconnect\": could not find dataconnect.yaml in `c:\\Users\\USUARIO\\Documents\\tpAngularAPI\\dataconnect`\n"}}
[debug] [2026-02-11T15:31:01.087Z] E0211 12:31:01.087083    9376 watch.go:40] Failed to load config from "c:\\Users\\USUARIO\\Documents\\tpAngularAPI\\dataconnect": could not find dataconnect.yaml in `c:\Users\USUARIO\Documents\tpAngularAPI\dataconnect`
 {"metadata":{"emulator":{"name":"dataconnect"},"message":"E0211 12:31:01.087083    9376 watch.go:40] Failed to load config from \"c:\\\\Users\\\\USUARIO\\\\Documents\\\\tpAngularAPI\\\\dataconnect\": could not find dataconnect.yaml in `c:\\Users\\USUARIO\\Documents\\tpAngularAPI\\dataconnect`\n"}}
[debug] [2026-02-11T15:31:11.086Z] E0211 12:31:11.086839    9376 watch.go:40] Failed to load config from "c:\\Users\\USUARIO\\Documents\\tpAngularAPI\\dataconnect": could not find dataconnect.yaml in `c:\Users\USUARIO\Documents\tpAngularAPI\dataconnect`
 {"metadata":{"emulator":{"name":"dataconnect"},"message":"E0211 12:31:11.086839    9376 watch.go:40] Failed to load config from \"c:\\\\Users\\\\USUARIO\\\\Documents\\\\tpAngularAPI\\\\dataconnect\": could not find dataconnect.yaml in `c:\\Users\\USUARIO\\Documents\\tpAngularAPI\\dataconnect`\n"}}
[debug] [2026-02-11T15:31:21.086Z] E0211 12:31:21.086570    9376 watch.go:116] watchAllDir unable to walk dir `c:\Users\USUARIO\Documents\tpAngularAPI\dataconnect`: CreateFile c:\Users\USUARIO\Documents\tpAngularAPI\dataconnect: The system cannot find the file specified.
 {"metadata":{"emulator":{"name":"dataconnect"},"message":"E0211 12:31:21.086570    9376 watch.go:116] watchAllDir unable to walk dir `c:\\Users\\USUARIO\\Documents\\tpAngularAPI\\dataconnect`: CreateFile c:\\Users\\USUARIO\\Documents\\tpAngularAPI\\dataconnect: The system cannot find the file specified.\n"}}
[debug] [2026-02-11T15:31:21.086Z] E0211 12:31:21.086570    9376 watch.go:40] Failed to load config from "c:\\Users\\USUARIO\\Documents\\tpAngularAPI\\dataconnect": could not find dataconnect.yaml in `c:\Users\USUARIO\Documents\tpAngularAPI\dataconnect`
 {"metadata":{"emulator":{"name":"dataconnect"},"message":"E0211 12:31:21.086570    9376 watch.go:40] Failed to load config from \"c:\\\\Users\\\\USUARIO\\\\Documents\\\\tpAngularAPI\\\\dataconnect\": could not find dataconnect.yaml in `c:\\Users\\USUARIO\\Documents\\tpAngularAPI\\dataconnect`\n"}}
[debug] [2026-02-11T15:31:31.086Z] E0211 12:31:31.086954    9376 watch.go:40] Failed to load config from "c:\\Users\\USUARIO\\Documents\\tpAngularAPI\\dataconnect": could not find dataconnect.yaml in `c:\Users\USUARIO\Documents\tpAngularAPI\dataconnect`
 {"metadata":{"emulator":{"name":"dataconnect"},"message":"E0211 12:31:31.086954    9376 watch.go:40] Failed to load config from \"c:\\\\Users\\\\USUARIO\\\\Documents\\\\tpAngularAPI\\\\dataconnect\": could not find dataconnect.yaml in `c:\\Users\\USUARIO\\Documents\\tpAngularAPI\\dataconnect`\n"}}
[debug] [2026-02-11T15:31:41.086Z] E0211 12:31:41.086824    9376 watch.go:40] Failed to load config from "c:\\Users\\USUARIO\\Documents\\tpAngularAPI\\dataconnect": could not find dataconnect.yaml in `c:\Users\USUARIO\Documents\tpAngularAPI\dataconnect`
 {"metadata":{"emulator":{"name":"dataconnect"},"message":"E0211 12:31:41.086824    9376 watch.go:40] Failed to load config from \"c:\\\\Users\\\\USUARIO\\\\Documents\\\\tpAngularAPI\\\\dataconnect\": could not find dataconnect.yaml in `c:\\Users\\USUARIO\\Documents\\tpAngularAPI\\dataconnect`\n"}}
[debug] [2026-02-11T15:31:51.086Z] E0211 12:31:51.087127    9376 watch.go:40] Failed to load config from "c:\\Users\\USUARIO\\Documents\\tpAngularAPI\\dataconnect": could not find dataconnect.yaml in `c:\Users\USUARIO\Documents\tpAngularAPI\dataconnect`
 {"metadata":{"emulator":{"name":"dataconnect"},"message":"E0211 12:31:51.087127    9376 watch.go:40] Failed to load config from \"c:\\\\Users\\\\USUARIO\\\\Documents\\\\tpAngularAPI\\\\dataconnect\": could not find dataconnect.yaml in `c:\\Users\\USUARIO\\Documents\\tpAngularAPI\\dataconnect`\n"}}
[debug] [2026-02-11T15:32:01.086Z] E0211 12:32:01.086787    9376 watch.go:40] Failed to load config from "c:\\Users\\USUARIO\\Documents\\tpAngularAPI\\dataconnect": could not find dataconnect.yaml in `c:\Users\USUARIO\Documents\tpAngularAPI\dataconnect`
 {"metadata":{"emulator":{"name":"dataconnect"},"message":"E0211 12:32:01.086787    9376 watch.go:40] Failed to load config from \"c:\\\\Users\\\\USUARIO\\\\Documents\\\\tpAngularAPI\\\\dataconnect\": could not find dataconnect.yaml in `c:\\Users\\USUARIO\\Documents\\tpAngularAPI\\dataconnect`\n"}}
[debug] [2026-02-11T15:32:11.087Z] E0211 12:32:11.087388    9376 watch.go:40] Failed to load config from "c:\\Users\\USUARIO\\Documents\\tpAngularAPI\\dataconnect": could not find dataconnect.yaml in `c:\Users\USUARIO\Documents\tpAngularAPI\dataconnect`
 {"metadata":{"emulator":{"name":"dataconnect"},"message":"E0211 12:32:11.087388    9376 watch.go:40] Failed to load config from \"c:\\\\Users\\\\USUARIO\\\\Documents\\\\tpAngularAPI\\\\dataconnect\": could not find dataconnect.yaml in `c:\\Users\\USUARIO\\Documents\\tpAngularAPI\\dataconnect`\n"}}
[debug] [2026-02-11T15:32:21.086Z] E0211 12:32:21.086601    9376 watch.go:116] watchAllDir unable to walk dir `c:\Users\USUARIO\Documents\tpAngularAPI\dataconnect`: CreateFile c:\Users\USUARIO\Documents\tpAngularAPI\dataconnect: The system cannot find the file specified.
 {"metadata":{"emulator":{"name":"dataconnect"},"message":"E0211 12:32:21.086601    9376 watch.go:116] watchAllDir unable to walk dir `c:\\Users\\USUARIO\\Documents\\tpAngularAPI\\dataconnect`: CreateFile c:\\Users\\USUARIO\\Documents\\tpAngularAPI\\dataconnect: The system cannot find the file specified.\n"}}
[debug] [2026-02-11T15:32:21.087Z] E0211 12:32:21.086601    9376 watch.go:40] Failed to load config from "c:\\Users\\USUARIO\\Documents\\tpAngularAPI\\dataconnect": could not find dataconnect.yaml in `c:\Users\USUARIO\Documents\tpAngularAPI\dataconnect`
 {"metadata":{"emulator":{"name":"dataconnect"},"message":"E0211 12:32:21.086601    9376 watch.go:40] Failed to load config from \"c:\\\\Users\\\\USUARIO\\\\Documents\\\\tpAngularAPI\\\\dataconnect\": could not find dataconnect.yaml in `c:\\Users\\USUARIO\\Documents\\tpAngularAPI\\dataconnect`\n"}}
[debug] [2026-02-11T15:32:31.087Z] E0211 12:32:31.087027    9376 watch.go:40] Failed to load config from "c:\\Users\\USUARIO\\Documents\\tpAngularAPI\\dataconnect": could not find dataconnect.yaml in `c:\Users\USUARIO\Documents\tpAngularAPI\dataconnect`
 {"metadata":{"emulator":{"name":"dataconnect"},"message":"E0211 12:32:31.087027    9376 watch.go:40] Failed to load config from \"c:\\\\Users\\\\USUARIO\\\\Documents\\\\tpAngularAPI\\\\dataconnect\": could not find dataconnect.yaml in `c:\\Users\\USUARIO\\Documents\\tpAngularAPI\\dataconnect`\n"}}
[debug] [2026-02-11T15:32:41.228Z] E0211 12:32:41.228068    9376 watch.go:40] Failed to load config from "c:\\Users\\USUARIO\\Documents\\tpAngularAPI\\dataconnect": could not find dataconnect.yaml in `c:\Users\USUARIO\Documents\tpAngularAPI\dataconnect`
 {"metadata":{"emulator":{"name":"dataconnect"},"message":"E0211 12:32:41.228068    9376 watch.go:40] Failed to load config from \"c:\\\\Users\\\\USUARIO\\\\Documents\\\\tpAngularAPI\\\\dataconnect\": could not find dataconnect.yaml in `c:\\Users\\USUARIO\\Documents\\tpAngularAPI\\dataconnect`\n"}}
[debug] [2026-02-11T15:32:51.086Z] E0211 12:32:51.086952    9376 watch.go:40] Failed to load config from "c:\\Users\\USUARIO\\Documents\\tpAngularAPI\\dataconnect": could not find dataconnect.yaml in `c:\Users\USUARIO\Documents\tpAngularAPI\dataconnect`
 {"metadata":{"emulator":{"name":"dataconnect"},"message":"E0211 12:32:51.086952    9376 watch.go:40] Failed to load config from \"c:\\\\Users\\\\USUARIO\\\\Documents\\\\tpAngularAPI\\\\dataconnect\": could not find dataconnect.yaml in `c:\\Users\\USUARIO\\Documents\\tpAngularAPI\\dataconnect`\n"}}
[debug] [2026-02-11T15:33:01.087Z] E0211 12:33:01.086788    9376 watch.go:40] Failed to load config from "c:\\Users\\USUARIO\\Documents\\tpAngularAPI\\dataconnect": could not find dataconnect.yaml in `c:\Users\USUARIO\Documents\tpAngularAPI\dataconnect`
 {"metadata":{"emulator":{"name":"dataconnect"},"message":"E0211 12:33:01.086788    9376 watch.go:40] Failed to load config from \"c:\\\\Users\\\\USUARIO\\\\Documents\\\\tpAngularAPI\\\\dataconnect\": could not find dataconnect.yaml in `c:\\Users\\USUARIO\\Documents\\tpAngularAPI\\dataconnect`\n"}}
[debug] [2026-02-11T15:33:11.086Z] E0211 12:33:11.086596    9376 watch.go:40] Failed to load config from "c:\\Users\\USUARIO\\Documents\\tpAngularAPI\\dataconnect": could not find dataconnect.yaml in `c:\Users\USUARIO\Documents\tpAngularAPI\dataconnect`
 {"metadata":{"emulator":{"name":"dataconnect"},"message":"E0211 12:33:11.086596    9376 watch.go:40] Failed to load config from \"c:\\\\Users\\\\USUARIO\\\\Documents\\\\tpAngularAPI\\\\dataconnect\": could not find dataconnect.yaml in `c:\\Users\\USUARIO\\Documents\\tpAngularAPI\\dataconnect`\n"}}
[debug] [2026-02-11T15:33:21.087Z] E0211 12:33:21.086966    9376 watch.go:116] watchAllDir unable to walk dir `c:\Users\USUARIO\Documents\tpAngularAPI\dataconnect`: CreateFile c:\Users\USUARIO\Documents\tpAngularAPI\dataconnect: The system cannot find the file specified.
 {"metadata":{"emulator":{"name":"dataconnect"},"message":"E0211 12:33:21.086966    9376 watch.go:116] watchAllDir unable to walk dir `c:\\Users\\USUARIO\\Documents\\tpAngularAPI\\dataconnect`: CreateFile c:\\Users\\USUARIO\\Documents\\tpAngularAPI\\dataconnect: The system cannot find the file specified.\n"}}
[debug] [2026-02-11T15:33:21.087Z] E0211 12:33:21.086966    9376 watch.go:40] Failed to load config from "c:\\Users\\USUARIO\\Documents\\tpAngularAPI\\dataconnect": could not find dataconnect.yaml in `c:\Users\USUARIO\Documents\tpAngularAPI\dataconnect`
 {"metadata":{"emulator":{"name":"dataconnect"},"message":"E0211 12:33:21.086966    9376 watch.go:40] Failed to load config from \"c:\\\\Users\\\\USUARIO\\\\Documents\\\\tpAngularAPI\\\\dataconnect\": could not find dataconnect.yaml in `c:\\Users\\USUARIO\\Documents\\tpAngularAPI\\dataconnect`\n"}}
[debug] [2026-02-11T15:33:31.093Z] E0211 12:33:31.093529    9376 watch.go:40] Failed to load config from "c:\\Users\\USUARIO\\Documents\\tpAngularAPI\\dataconnect": could not find dataconnect.yaml in `c:\Users\USUARIO\Documents\tpAngularAPI\dataconnect`
 {"metadata":{"emulator":{"name":"dataconnect"},"message":"E0211 12:33:31.093529    9376 watch.go:40] Failed to load config from \"c:\\\\Users\\\\USUARIO\\\\Documents\\\\tpAngularAPI\\\\dataconnect\": could not find dataconnect.yaml in `c:\\Users\\USUARIO\\Documents\\tpAngularAPI\\dataconnect`\n"}}
[debug] [2026-02-11T15:33:41.086Z] E0211 12:33:41.086607    9376 watch.go:40] Failed to load config from "c:\\Users\\USUARIO\\Documents\\tpAngularAPI\\dataconnect": could not find dataconnect.yaml in `c:\Users\USUARIO\Documents\tpAngularAPI\dataconnect`
 {"metadata":{"emulator":{"name":"dataconnect"},"message":"E0211 12:33:41.086607    9376 watch.go:40] Failed to load config from \"c:\\\\Users\\\\USUARIO\\\\Documents\\\\tpAngularAPI\\\\dataconnect\": could not find dataconnect.yaml in `c:\\Users\\USUARIO\\Documents\\tpAngularAPI\\dataconnect`\n"}}
[debug] [2026-02-11T15:33:51.089Z] E0211 12:33:51.088997    9376 watch.go:40] Failed to load config from "c:\\Users\\USUARIO\\Documents\\tpAngularAPI\\dataconnect": could not find dataconnect.yaml in `c:\Users\USUARIO\Documents\tpAngularAPI\dataconnect`
 {"metadata":{"emulator":{"name":"dataconnect"},"message":"E0211 12:33:51.088997    9376 watch.go:40] Failed to load config from \"c:\\\\Users\\\\USUARIO\\\\Documents\\\\tpAngularAPI\\\\dataconnect\": could not find dataconnect.yaml in `c:\\Users\\USUARIO\\Documents\\tpAngularAPI\\dataconnect`\n"}}
[debug] [2026-02-11T15:34:01.088Z] E0211 12:34:01.088095    9376 watch.go:40] Failed to load config from "c:\\Users\\USUARIO\\Documents\\tpAngularAPI\\dataconnect": could not find dataconnect.yaml in `c:\Users\USUARIO\Documents\tpAngularAPI\dataconnect`
 {"metadata":{"emulator":{"name":"dataconnect"},"message":"E0211 12:34:01.088095    9376 watch.go:40] Failed to load config from \"c:\\\\Users\\\\USUARIO\\\\Documents\\\\tpAngularAPI\\\\dataconnect\": could not find dataconnect.yaml in `c:\\Users\\USUARIO\\Documents\\tpAngularAPI\\dataconnect`\n"}}
[debug] [2026-02-11T15:34:11.097Z] E0211 12:34:11.096471    9376 watch.go:40] Failed to load config from "c:\\Users\\USUARIO\\Documents\\tpAngularAPI\\dataconnect": could not find dataconnect.yaml in `c:\Users\USUARIO\Documents\tpAngularAPI\dataconnect`
 {"metadata":{"emulator":{"name":"dataconnect"},"message":"E0211 12:34:11.096471    9376 watch.go:40] Failed to load config from \"c:\\\\Users\\\\USUARIO\\\\Documents\\\\tpAngularAPI\\\\dataconnect\": could not find dataconnect.yaml in `c:\\Users\\USUARIO\\Documents\\tpAngularAPI\\dataconnect`\n"}}
[debug] [2026-02-11T15:34:21.087Z] E0211 12:34:21.086593    9376 watch.go:116] watchAllDir unable to walk dir `c:\Users\USUARIO\Documents\tpAngularAPI\dataconnect`: CreateFile c:\Users\USUARIO\Documents\tpAngularAPI\dataconnect: The system cannot find the file specified.
 {"metadata":{"emulator":{"name":"dataconnect"},"message":"E0211 12:34:21.086593    9376 watch.go:116] watchAllDir unable to walk dir `c:\\Users\\USUARIO\\Documents\\tpAngularAPI\\dataconnect`: CreateFile c:\\Users\\USUARIO\\Documents\\tpAngularAPI\\dataconnect: The system cannot find the file specified.\n"}}
[debug] [2026-02-11T15:34:21.087Z] E0211 12:34:21.086593    9376 watch.go:40] Failed to load config from "c:\\Users\\USUARIO\\Documents\\tpAngularAPI\\dataconnect": could not find dataconnect.yaml in `c:\Users\USUARIO\Documents\tpAngularAPI\dataconnect`
 {"metadata":{"emulator":{"name":"dataconnect"},"message":"E0211 12:34:21.086593    9376 watch.go:40] Failed to load config from \"c:\\\\Users\\\\USUARIO\\\\Documents\\\\tpAngularAPI\\\\dataconnect\": could not find dataconnect.yaml in `c:\\Users\\USUARIO\\Documents\\tpAngularAPI\\dataconnect`\n"}}
[debug] [2026-02-11T15:34:31.087Z] E0211 12:34:31.086854    9376 watch.go:40] Failed to load config from "c:\\Users\\USUARIO\\Documents\\tpAngularAPI\\dataconnect": could not find dataconnect.yaml in `c:\Users\USUARIO\Documents\tpAngularAPI\dataconnect`
 {"metadata":{"emulator":{"name":"dataconnect"},"message":"E0211 12:34:31.086854    9376 watch.go:40] Failed to load config from \"c:\\\\Users\\\\USUARIO\\\\Documents\\\\tpAngularAPI\\\\dataconnect\": could not find dataconnect.yaml in `c:\\Users\\USUARIO\\Documents\\tpAngularAPI\\dataconnect`\n"}}
[debug] [2026-02-11T15:34:41.087Z] E0211 12:34:41.086597    9376 watch.go:40] Failed to load config from "c:\\Users\\USUARIO\\Documents\\tpAngularAPI\\dataconnect": could not find dataconnect.yaml in `c:\Users\USUARIO\Documents\tpAngularAPI\dataconnect`
 {"metadata":{"emulator":{"name":"dataconnect"},"message":"E0211 12:34:41.086597    9376 watch.go:40] Failed to load config from \"c:\\\\Users\\\\USUARIO\\\\Documents\\\\tpAngularAPI\\\\dataconnect\": could not find dataconnect.yaml in `c:\\Users\\USUARIO\\Documents\\tpAngularAPI\\dataconnect`\n"}}
[debug] [2026-02-11T15:34:51.087Z] E0211 12:34:51.086826    9376 watch.go:40] Failed to load config from "c:\\Users\\USUARIO\\Documents\\tpAngularAPI\\dataconnect": could not find dataconnect.yaml in `c:\Users\USUARIO\Documents\tpAngularAPI\dataconnect`
 {"metadata":{"emulator":{"name":"dataconnect"},"message":"E0211 12:34:51.086826    9376 watch.go:40] Failed to load config from \"c:\\\\Users\\\\USUARIO\\\\Documents\\\\tpAngularAPI\\\\dataconnect\": could not find dataconnect.yaml in `c:\\Users\\USUARIO\\Documents\\tpAngularAPI\\dataconnect`\n"}}
[debug] [2026-02-11T15:35:01.087Z] E0211 12:35:01.086798    9376 watch.go:40] Failed to load config from "c:\\Users\\USUARIO\\Documents\\tpAngularAPI\\dataconnect": could not find dataconnect.yaml in `c:\Users\USUARIO\Documents\tpAngularAPI\dataconnect`
 {"metadata":{"emulator":{"name":"dataconnect"},"message":"E0211 12:35:01.086798    9376 watch.go:40] Failed to load config from \"c:\\\\Users\\\\USUARIO\\\\Documents\\\\tpAngularAPI\\\\dataconnect\": could not find dataconnect.yaml in `c:\\Users\\USUARIO\\Documents\\tpAngularAPI\\dataconnect`\n"}}
[debug] [2026-02-11T15:35:11.087Z] E0211 12:35:11.086624    9376 watch.go:40] Failed to load config from "c:\\Users\\USUARIO\\Documents\\tpAngularAPI\\dataconnect": could not find dataconnect.yaml in `c:\Users\USUARIO\Documents\tpAngularAPI\dataconnect`
 {"metadata":{"emulator":{"name":"dataconnect"},"message":"E0211 12:35:11.086624    9376 watch.go:40] Failed to load config from \"c:\\\\Users\\\\USUARIO\\\\Documents\\\\tpAngularAPI\\\\dataconnect\": could not find dataconnect.yaml in `c:\\Users\\USUARIO\\Documents\\tpAngularAPI\\dataconnect`\n"}}
[debug] [2026-02-11T15:35:21.087Z] E0211 12:35:21.087053    9376 watch.go:116] watchAllDir unable to walk dir `c:\Users\USUARIO\Documents\tpAngularAPI\dataconnect`: CreateFile c:\Users\USUARIO\Documents\tpAngularAPI\dataconnect: The system cannot find the file specified.
 {"metadata":{"emulator":{"name":"dataconnect"},"message":"E0211 12:35:21.087053    9376 watch.go:116] watchAllDir unable to walk dir `c:\\Users\\USUARIO\\Documents\\tpAngularAPI\\dataconnect`: CreateFile c:\\Users\\USUARIO\\Documents\\tpAngularAPI\\dataconnect: The system cannot find the file specified.\n"}}
[debug] [2026-02-11T15:35:21.088Z] E0211 12:35:21.087053    9376 watch.go:40] Failed to load config from "c:\\Users\\USUARIO\\Documents\\tpAngularAPI\\dataconnect": could not find dataconnect.yaml in `c:\Users\USUARIO\Documents\tpAngularAPI\dataconnect`
 {"metadata":{"emulator":{"name":"dataconnect"},"message":"E0211 12:35:21.087053    9376 watch.go:40] Failed to load config from \"c:\\\\Users\\\\USUARIO\\\\Documents\\\\tpAngularAPI\\\\dataconnect\": could not find dataconnect.yaml in `c:\\Users\\USUARIO\\Documents\\tpAngularAPI\\dataconnect`\n"}}
[debug] [2026-02-11T15:35:31.087Z] E0211 12:35:31.086912    9376 watch.go:40] Failed to load config from "c:\\Users\\USUARIO\\Documents\\tpAngularAPI\\dataconnect": could not find dataconnect.yaml in `c:\Users\USUARIO\Documents\tpAngularAPI\dataconnect`
 {"metadata":{"emulator":{"name":"dataconnect"},"message":"E0211 12:35:31.086912    9376 watch.go:40] Failed to load config from \"c:\\\\Users\\\\USUARIO\\\\Documents\\\\tpAngularAPI\\\\dataconnect\": could not find dataconnect.yaml in `c:\\Users\\USUARIO\\Documents\\tpAngularAPI\\dataconnect`\n"}}
[debug] [2026-02-11T15:35:41.087Z] E0211 12:35:41.087010    9376 watch.go:40] Failed to load config from "c:\\Users\\USUARIO\\Documents\\tpAngularAPI\\dataconnect": could not find dataconnect.yaml in `c:\Users\USUARIO\Documents\tpAngularAPI\dataconnect`
 {"metadata":{"emulator":{"name":"dataconnect"},"message":"E0211 12:35:41.087010    9376 watch.go:40] Failed to load config from \"c:\\\\Users\\\\USUARIO\\\\Documents\\\\tpAngularAPI\\\\dataconnect\": could not find dataconnect.yaml in `c:\\Users\\USUARIO\\Documents\\tpAngularAPI\\dataconnect`\n"}}
[debug] [2026-02-11T15:35:51.087Z] E0211 12:35:51.086623    9376 watch.go:40] Failed to load config from "c:\\Users\\USUARIO\\Documents\\tpAngularAPI\\dataconnect": could not find dataconnect.yaml in `c:\Users\USUARIO\Documents\tpAngularAPI\dataconnect`
 {"metadata":{"emulator":{"name":"dataconnect"},"message":"E0211 12:35:51.086623    9376 watch.go:40] Failed to load config from \"c:\\\\Users\\\\USUARIO\\\\Documents\\\\tpAngularAPI\\\\dataconnect\": could not find dataconnect.yaml in `c:\\Users\\USUARIO\\Documents\\tpAngularAPI\\dataconnect`\n"}}
[debug] [2026-02-11T15:36:01.087Z] E0211 12:36:01.087184    9376 watch.go:40] Failed to load config from "c:\\Users\\USUARIO\\Documents\\tpAngularAPI\\dataconnect": could not find dataconnect.yaml in `c:\Users\USUARIO\Documents\tpAngularAPI\dataconnect`
 {"metadata":{"emulator":{"name":"dataconnect"},"message":"E0211 12:36:01.087184    9376 watch.go:40] Failed to load config from \"c:\\\\Users\\\\USUARIO\\\\Documents\\\\tpAngularAPI\\\\dataconnect\": could not find dataconnect.yaml in `c:\\Users\\USUARIO\\Documents\\tpAngularAPI\\dataconnect`\n"}}
[debug] [2026-02-11T15:36:11.087Z] E0211 12:36:11.087033    9376 watch.go:40] Failed to load config from "c:\\Users\\USUARIO\\Documents\\tpAngularAPI\\dataconnect": could not find dataconnect.yaml in `c:\Users\USUARIO\Documents\tpAngularAPI\dataconnect`
 {"metadata":{"emulator":{"name":"dataconnect"},"message":"E0211 12:36:11.087033    9376 watch.go:40] Failed to load config from \"c:\\\\Users\\\\USUARIO\\\\Documents\\\\tpAngularAPI\\\\dataconnect\": could not find dataconnect.yaml in `c:\\Users\\USUARIO\\Documents\\tpAngularAPI\\dataconnect`\n"}}
[debug] [2026-02-11T15:36:21.086Z] E0211 12:36:21.086579    9376 watch.go:116] watchAllDir unable to walk dir `c:\Users\USUARIO\Documents\tpAngularAPI\dataconnect`: CreateFile c:\Users\USUARIO\Documents\tpAngularAPI\dataconnect: The system cannot find the file specified.
 {"metadata":{"emulator":{"name":"dataconnect"},"message":"E0211 12:36:21.086579    9376 watch.go:116] watchAllDir unable to walk dir `c:\\Users\\USUARIO\\Documents\\tpAngularAPI\\dataconnect`: CreateFile c:\\Users\\USUARIO\\Documents\\tpAngularAPI\\dataconnect: The system cannot find the file specified.\n"}}
[debug] [2026-02-11T15:36:21.087Z] E0211 12:36:21.086579    9376 watch.go:40] Failed to load config from "c:\\Users\\USUARIO\\Documents\\tpAngularAPI\\dataconnect": could not find dataconnect.yaml in `c:\Users\USUARIO\Documents\tpAngularAPI\dataconnect`
 {"metadata":{"emulator":{"name":"dataconnect"},"message":"E0211 12:36:21.086579    9376 watch.go:40] Failed to load config from \"c:\\\\Users\\\\USUARIO\\\\Documents\\\\tpAngularAPI\\\\dataconnect\": could not find dataconnect.yaml in `c:\\Users\\USUARIO\\Documents\\tpAngularAPI\\dataconnect`\n"}}
[debug] [2026-02-11T15:36:31.086Z] E0211 12:36:31.086648    9376 watch.go:40] Failed to load config from "c:\\Users\\USUARIO\\Documents\\tpAngularAPI\\dataconnect": could not find dataconnect.yaml in `c:\Users\USUARIO\Documents\tpAngularAPI\dataconnect`
 {"metadata":{"emulator":{"name":"dataconnect"},"message":"E0211 12:36:31.086648    9376 watch.go:40] Failed to load config from \"c:\\\\Users\\\\USUARIO\\\\Documents\\\\tpAngularAPI\\\\dataconnect\": could not find dataconnect.yaml in `c:\\Users\\USUARIO\\Documents\\tpAngularAPI\\dataconnect`\n"}}
[debug] [2026-02-11T15:36:41.086Z] E0211 12:36:41.086569    9376 watch.go:40] Failed to load config from "c:\\Users\\USUARIO\\Documents\\tpAngularAPI\\dataconnect": could not find dataconnect.yaml in `c:\Users\USUARIO\Documents\tpAngularAPI\dataconnect`
 {"metadata":{"emulator":{"name":"dataconnect"},"message":"E0211 12:36:41.086569    9376 watch.go:40] Failed to load config from \"c:\\\\Users\\\\USUARIO\\\\Documents\\\\tpAngularAPI\\\\dataconnect\": could not find dataconnect.yaml in `c:\\Users\\USUARIO\\Documents\\tpAngularAPI\\dataconnect`\n"}}
[debug] [2026-02-11T15:36:51.086Z] E0211 12:36:51.086812    9376 watch.go:40] Failed to load config from "c:\\Users\\USUARIO\\Documents\\tpAngularAPI\\dataconnect": could not find dataconnect.yaml in `c:\Users\USUARIO\Documents\tpAngularAPI\dataconnect`
 {"metadata":{"emulator":{"name":"dataconnect"},"message":"E0211 12:36:51.086812    9376 watch.go:40] Failed to load config from \"c:\\\\Users\\\\USUARIO\\\\Documents\\\\tpAngularAPI\\\\dataconnect\": could not find dataconnect.yaml in `c:\\Users\\USUARIO\\Documents\\tpAngularAPI\\dataconnect`\n"}}
[debug] [2026-02-11T15:37:01.086Z] E0211 12:37:01.086594    9376 watch.go:40] Failed to load config from "c:\\Users\\USUARIO\\Documents\\tpAngularAPI\\dataconnect": could not find dataconnect.yaml in `c:\Users\USUARIO\Documents\tpAngularAPI\dataconnect`
 {"metadata":{"emulator":{"name":"dataconnect"},"message":"E0211 12:37:01.086594    9376 watch.go:40] Failed to load config from \"c:\\\\Users\\\\USUARIO\\\\Documents\\\\tpAngularAPI\\\\dataconnect\": could not find dataconnect.yaml in `c:\\Users\\USUARIO\\Documents\\tpAngularAPI\\dataconnect`\n"}}
[debug] [2026-02-11T15:37:11.086Z] E0211 12:37:11.087192    9376 watch.go:40] Failed to load config from "c:\\Users\\USUARIO\\Documents\\tpAngularAPI\\dataconnect": could not find dataconnect.yaml in `c:\Users\USUARIO\Documents\tpAngularAPI\dataconnect`
 {"metadata":{"emulator":{"name":"dataconnect"},"message":"E0211 12:37:11.087192    9376 watch.go:40] Failed to load config from \"c:\\\\Users\\\\USUARIO\\\\Documents\\\\tpAngularAPI\\\\dataconnect\": could not find dataconnect.yaml in `c:\\Users\\USUARIO\\Documents\\tpAngularAPI\\dataconnect`\n"}}
[debug] [2026-02-11T15:37:21.086Z] E0211 12:37:21.087434    9376 watch.go:40] Failed to load config from "c:\\Users\\USUARIO\\Documents\\tpAngularAPI\\dataconnect": could not find dataconnect.yaml in `c:\Users\USUARIO\Documents\tpAngularAPI\dataconnect`
 {"metadata":{"emulator":{"name":"dataconnect"},"message":"E0211 12:37:21.087434    9376 watch.go:40] Failed to load config from \"c:\\\\Users\\\\USUARIO\\\\Documents\\\\tpAngularAPI\\\\dataconnect\": could not find dataconnect.yaml in `c:\\Users\\USUARIO\\Documents\\tpAngularAPI\\dataconnect`\n"}}
[debug] [2026-02-11T15:37:21.087Z] E0211 12:37:21.088437    9376 watch.go:116] watchAllDir unable to walk dir `c:\Users\USUARIO\Documents\tpAngularAPI\dataconnect`: CreateFile c:\Users\USUARIO\Documents\tpAngularAPI\dataconnect: The system cannot find the file specified.
 {"metadata":{"emulator":{"name":"dataconnect"},"message":"E0211 12:37:21.088437    9376 watch.go:116] watchAllDir unable to walk dir `c:\\Users\\USUARIO\\Documents\\tpAngularAPI\\dataconnect`: CreateFile c:\\Users\\USUARIO\\Documents\\tpAngularAPI\\dataconnect: The system cannot find the file specified.\n"}}
[debug] [2026-02-11T15:37:31.087Z] E0211 12:37:31.087059    9376 watch.go:40] Failed to load config from "c:\\Users\\USUARIO\\Documents\\tpAngularAPI\\dataconnect": could not find dataconnect.yaml in `c:\Users\USUARIO\Documents\tpAngularAPI\dataconnect`
 {"metadata":{"emulator":{"name":"dataconnect"},"message":"E0211 12:37:31.087059    9376 watch.go:40] Failed to load config from \"c:\\\\Users\\\\USUARIO\\\\Documents\\\\tpAngularAPI\\\\dataconnect\": could not find dataconnect.yaml in `c:\\Users\\USUARIO\\Documents\\tpAngularAPI\\dataconnect`\n"}}
[debug] [2026-02-11T15:37:41.086Z] E0211 12:37:41.086557    9376 watch.go:40] Failed to load config from "c:\\Users\\USUARIO\\Documents\\tpAngularAPI\\dataconnect": could not find dataconnect.yaml in `c:\Users\USUARIO\Documents\tpAngularAPI\dataconnect`
 {"metadata":{"emulator":{"name":"dataconnect"},"message":"E0211 12:37:41.086557    9376 watch.go:40] Failed to load config from \"c:\\\\Users\\\\USUARIO\\\\Documents\\\\tpAngularAPI\\\\dataconnect\": could not find dataconnect.yaml in `c:\\Users\\USUARIO\\Documents\\tpAngularAPI\\dataconnect`\n"}}
[debug] [2026-02-11T15:37:51.086Z] E0211 12:37:51.086574    9376 watch.go:40] Failed to load config from "c:\\Users\\USUARIO\\Documents\\tpAngularAPI\\dataconnect": could not find dataconnect.yaml in `c:\Users\USUARIO\Documents\tpAngularAPI\dataconnect`
 {"metadata":{"emulator":{"name":"dataconnect"},"message":"E0211 12:37:51.086574    9376 watch.go:40] Failed to load config from \"c:\\\\Users\\\\USUARIO\\\\Documents\\\\tpAngularAPI\\\\dataconnect\": could not find dataconnect.yaml in `c:\\Users\\USUARIO\\Documents\\tpAngularAPI\\dataconnect`\n"}}
[debug] [2026-02-11T15:38:01.086Z] E0211 12:38:01.086925    9376 watch.go:40] Failed to load config from "c:\\Users\\USUARIO\\Documents\\tpAngularAPI\\dataconnect": could not find dataconnect.yaml in `c:\Users\USUARIO\Documents\tpAngularAPI\dataconnect`
 {"metadata":{"emulator":{"name":"dataconnect"},"message":"E0211 12:38:01.086925    9376 watch.go:40] Failed to load config from \"c:\\\\Users\\\\USUARIO\\\\Documents\\\\tpAngularAPI\\\\dataconnect\": could not find dataconnect.yaml in `c:\\Users\\USUARIO\\Documents\\tpAngularAPI\\dataconnect`\n"}}
[debug] [2026-02-11T15:38:11.086Z] E0211 12:38:11.086828    9376 watch.go:40] Failed to load config from "c:\\Users\\USUARIO\\Documents\\tpAngularAPI\\dataconnect": could not find dataconnect.yaml in `c:\Users\USUARIO\Documents\tpAngularAPI\dataconnect`
 {"metadata":{"emulator":{"name":"dataconnect"},"message":"E0211 12:38:11.086828    9376 watch.go:40] Failed to load config from \"c:\\\\Users\\\\USUARIO\\\\Documents\\\\tpAngularAPI\\\\dataconnect\": could not find dataconnect.yaml in `c:\\Users\\USUARIO\\Documents\\tpAngularAPI\\dataconnect`\n"}}
[debug] [2026-02-11T15:38:21.347Z] E0211 12:38:21.086782    9376 watch.go:116] watchAllDir unable to walk dir `c:\Users\USUARIO\Documents\tpAngularAPI\dataconnect`: CreateFile c:\Users\USUARIO\Documents\tpAngularAPI\dataconnect: The system cannot find the file specified.
E0211 12:38:21.086782    9376 watch.go:40] Failed to load config from "c:\\Users\\USUARIO\\Documents\\tpAngularAPI\\dataconnect": could not find dataconnect.yaml in `c:\Users\USUARIO\Documents\tpAngularAPI\dataconnect`
 {"metadata":{"emulator":{"name":"dataconnect"},"message":"E0211 12:38:21.086782    9376 watch.go:116] watchAllDir unable to walk dir `c:\\Users\\USUARIO\\Documents\\tpAngularAPI\\dataconnect`: CreateFile c:\\Users\\USUARIO\\Documents\\tpAngularAPI\\dataconnect: The system cannot find the file specified.\nE0211 12:38:21.086782    9376 watch.go:40] Failed to load config from \"c:\\\\Users\\\\USUARIO\\\\Documents\\\\tpAngularAPI\\\\dataconnect\": could not find dataconnect.yaml in `c:\\Users\\USUARIO\\Documents\\tpAngularAPI\\dataconnect`\n"}}
[debug] [2026-02-11T15:38:31.086Z] E0211 12:38:31.086586    9376 watch.go:40] Failed to load config from "c:\\Users\\USUARIO\\Documents\\tpAngularAPI\\dataconnect": could not find dataconnect.yaml in `c:\Users\USUARIO\Documents\tpAngularAPI\dataconnect`
 {"metadata":{"emulator":{"name":"dataconnect"},"message":"E0211 12:38:31.086586    9376 watch.go:40] Failed to load config from \"c:\\\\Users\\\\USUARIO\\\\Documents\\\\tpAngularAPI\\\\dataconnect\": could not find dataconnect.yaml in `c:\\Users\\USUARIO\\Documents\\tpAngularAPI\\dataconnect`\n"}}
[debug] [2026-02-11T15:38:41.086Z] E0211 12:38:41.087172    9376 watch.go:40] Failed to load config from "c:\\Users\\USUARIO\\Documents\\tpAngularAPI\\dataconnect": could not find dataconnect.yaml in `c:\Users\USUARIO\Documents\tpAngularAPI\dataconnect`
 {"metadata":{"emulator":{"name":"dataconnect"},"message":"E0211 12:38:41.087172    9376 watch.go:40] Failed to load config from \"c:\\\\Users\\\\USUARIO\\\\Documents\\\\tpAngularAPI\\\\dataconnect\": could not find dataconnect.yaml in `c:\\Users\\USUARIO\\Documents\\tpAngularAPI\\dataconnect`\n"}}
[debug] [2026-02-11T15:38:51.086Z] E0211 12:38:51.086990    9376 watch.go:40] Failed to load config from "c:\\Users\\USUARIO\\Documents\\tpAngularAPI\\dataconnect": could not find dataconnect.yaml in `c:\Users\USUARIO\Documents\tpAngularAPI\dataconnect`
 {"metadata":{"emulator":{"name":"dataconnect"},"message":"E0211 12:38:51.086990    9376 watch.go:40] Failed to load config from \"c:\\\\Users\\\\USUARIO\\\\Documents\\\\tpAngularAPI\\\\dataconnect\": could not find dataconnect.yaml in `c:\\Users\\USUARIO\\Documents\\tpAngularAPI\\dataconnect`\n"}}
[debug] [2026-02-11T15:39:01.086Z] E0211 12:39:01.086714    9376 watch.go:40] Failed to load config from "c:\\Users\\USUARIO\\Documents\\tpAngularAPI\\dataconnect": could not find dataconnect.yaml in `c:\Users\USUARIO\Documents\tpAngularAPI\dataconnect`
 {"metadata":{"emulator":{"name":"dataconnect"},"message":"E0211 12:39:01.086714    9376 watch.go:40] Failed to load config from \"c:\\\\Users\\\\USUARIO\\\\Documents\\\\tpAngularAPI\\\\dataconnect\": could not find dataconnect.yaml in `c:\\Users\\USUARIO\\Documents\\tpAngularAPI\\dataconnect`\n"}}
[debug] [2026-02-11T15:39:11.086Z] E0211 12:39:11.086569    9376 watch.go:40] Failed to load config from "c:\\Users\\USUARIO\\Documents\\tpAngularAPI\\dataconnect": could not find dataconnect.yaml in `c:\Users\USUARIO\Documents\tpAngularAPI\dataconnect`
 {"metadata":{"emulator":{"name":"dataconnect"},"message":"E0211 12:39:11.086569    9376 watch.go:40] Failed to load config from \"c:\\\\Users\\\\USUARIO\\\\Documents\\\\tpAngularAPI\\\\dataconnect\": could not find dataconnect.yaml in `c:\\Users\\USUARIO\\Documents\\tpAngularAPI\\dataconnect`\n"}}
[debug] [2026-02-11T15:39:21.086Z] E0211 12:39:21.087060    9376 watch.go:116] watchAllDir unable to walk dir `c:\Users\USUARIO\Documents\tpAngularAPI\dataconnect`: CreateFile c:\Users\USUARIO\Documents\tpAngularAPI\dataconnect: The system cannot find the file specified.
 {"metadata":{"emulator":{"name":"dataconnect"},"message":"E0211 12:39:21.087060    9376 watch.go:116] watchAllDir unable to walk dir `c:\\Users\\USUARIO\\Documents\\tpAngularAPI\\dataconnect`: CreateFile c:\\Users\\USUARIO\\Documents\\tpAngularAPI\\dataconnect: The system cannot find the file specified.\n"}}
[debug] [2026-02-11T15:39:21.087Z] E0211 12:39:21.087060    9376 watch.go:40] Failed to load config from "c:\\Users\\USUARIO\\Documents\\tpAngularAPI\\dataconnect": could not find dataconnect.yaml in `c:\Users\USUARIO\Documents\tpAngularAPI\dataconnect`
 {"metadata":{"emulator":{"name":"dataconnect"},"message":"E0211 12:39:21.087060    9376 watch.go:40] Failed to load config from \"c:\\\\Users\\\\USUARIO\\\\Documents\\\\tpAngularAPI\\\\dataconnect\": could not find dataconnect.yaml in `c:\\Users\\USUARIO\\Documents\\tpAngularAPI\\dataconnect`\n"}}
[debug] [2026-02-11T15:39:31.087Z] E0211 12:39:31.086927    9376 watch.go:40] Failed to load config from "c:\\Users\\USUARIO\\Documents\\tpAngularAPI\\dataconnect": could not find dataconnect.yaml in `c:\Users\USUARIO\Documents\tpAngularAPI\dataconnect`
 {"metadata":{"emulator":{"name":"dataconnect"},"message":"E0211 12:39:31.086927    9376 watch.go:40] Failed to load config from \"c:\\\\Users\\\\USUARIO\\\\Documents\\\\tpAngularAPI\\\\dataconnect\": could not find dataconnect.yaml in `c:\\Users\\USUARIO\\Documents\\tpAngularAPI\\dataconnect`\n"}}
[debug] [2026-02-11T15:39:41.087Z] E0211 12:39:41.087093    9376 watch.go:40] Failed to load config from "c:\\Users\\USUARIO\\Documents\\tpAngularAPI\\dataconnect": could not find dataconnect.yaml in `c:\Users\USUARIO\Documents\tpAngularAPI\dataconnect`
 {"metadata":{"emulator":{"name":"dataconnect"},"message":"E0211 12:39:41.087093    9376 watch.go:40] Failed to load config from \"c:\\\\Users\\\\USUARIO\\\\Documents\\\\tpAngularAPI\\\\dataconnect\": could not find dataconnect.yaml in `c:\\Users\\USUARIO\\Documents\\tpAngularAPI\\dataconnect`\n"}}
[debug] [2026-02-11T15:39:51.086Z] E0211 12:39:51.087174    9376 watch.go:40] Failed to load config from "c:\\Users\\USUARIO\\Documents\\tpAngularAPI\\dataconnect": could not find dataconnect.yaml in `c:\Users\USUARIO\Documents\tpAngularAPI\dataconnect`
 {"metadata":{"emulator":{"name":"dataconnect"},"message":"E0211 12:39:51.087174    9376 watch.go:40] Failed to load config from \"c:\\\\Users\\\\USUARIO\\\\Documents\\\\tpAngularAPI\\\\dataconnect\": could not find dataconnect.yaml in `c:\\Users\\USUARIO\\Documents\\tpAngularAPI\\dataconnect`\n"}}
[debug] [2026-02-11T15:40:01.086Z] E0211 12:40:01.086713    9376 watch.go:40] Failed to load config from "c:\\Users\\USUARIO\\Documents\\tpAngularAPI\\dataconnect": could not find dataconnect.yaml in `c:\Users\USUARIO\Documents\tpAngularAPI\dataconnect`
 {"metadata":{"emulator":{"name":"dataconnect"},"message":"E0211 12:40:01.086713    9376 watch.go:40] Failed to load config from \"c:\\\\Users\\\\USUARIO\\\\Documents\\\\tpAngularAPI\\\\dataconnect\": could not find dataconnect.yaml in `c:\\Users\\USUARIO\\Documents\\tpAngularAPI\\dataconnect`\n"}}
[debug] [2026-02-11T15:40:11.087Z] E0211 12:40:11.086808    9376 watch.go:40] Failed to load config from "c:\\Users\\USUARIO\\Documents\\tpAngularAPI\\dataconnect": could not find dataconnect.yaml in `c:\Users\USUARIO\Documents\tpAngularAPI\dataconnect`
 {"metadata":{"emulator":{"name":"dataconnect"},"message":"E0211 12:40:11.086808    9376 watch.go:40] Failed to load config from \"c:\\\\Users\\\\USUARIO\\\\Documents\\\\tpAngularAPI\\\\dataconnect\": could not find dataconnect.yaml in `c:\\Users\\USUARIO\\Documents\\tpAngularAPI\\dataconnect`\n"}}
[debug] [2026-02-11T15:40:21.136Z] E0211 12:40:21.087069    9376 watch.go:116] watchAllDir unable to walk dir `c:\Users\USUARIO\Documents\tpAngularAPI\dataconnect`: CreateFile c:\Users\USUARIO\Documents\tpAngularAPI\dataconnect: The system cannot find the file specified.
E0211 12:40:21.087657    9376 watch.go:40] Failed to load config from "c:\\Users\\USUARIO\\Documents\\tpAngularAPI\\dataconnect": could not find dataconnect.yaml in `c:\Users\USUARIO\Documents\tpAngularAPI\dataconnect`
 {"metadata":{"emulator":{"name":"dataconnect"},"message":"E0211 12:40:21.087069    9376 watch.go:116] watchAllDir unable to walk dir `c:\\Users\\USUARIO\\Documents\\tpAngularAPI\\dataconnect`: CreateFile c:\\Users\\USUARIO\\Documents\\tpAngularAPI\\dataconnect: The system cannot find the file specified.\nE0211 12:40:21.087657    9376 watch.go:40] Failed to load config from \"c:\\\\Users\\\\USUARIO\\\\Documents\\\\tpAngularAPI\\\\dataconnect\": could not find dataconnect.yaml in `c:\\Users\\USUARIO\\Documents\\tpAngularAPI\\dataconnect`\n"}}
[debug] [2026-02-11T15:40:31.087Z] E0211 12:40:31.087264    9376 watch.go:40] Failed to load config from "c:\\Users\\USUARIO\\Documents\\tpAngularAPI\\dataconnect": could not find dataconnect.yaml in `c:\Users\USUARIO\Documents\tpAngularAPI\dataconnect`
 {"metadata":{"emulator":{"name":"dataconnect"},"message":"E0211 12:40:31.087264    9376 watch.go:40] Failed to load config from \"c:\\\\Users\\\\USUARIO\\\\Documents\\\\tpAngularAPI\\\\dataconnect\": could not find dataconnect.yaml in `c:\\Users\\USUARIO\\Documents\\tpAngularAPI\\dataconnect`\n"}}
[debug] [2026-02-11T15:40:41.087Z] E0211 12:40:41.087090    9376 watch.go:40] Failed to load config from "c:\\Users\\USUARIO\\Documents\\tpAngularAPI\\dataconnect": could not find dataconnect.yaml in `c:\Users\USUARIO\Documents\tpAngularAPI\dataconnect`
 {"metadata":{"emulator":{"name":"dataconnect"},"message":"E0211 12:40:41.087090    9376 watch.go:40] Failed to load config from \"c:\\\\Users\\\\USUARIO\\\\Documents\\\\tpAngularAPI\\\\dataconnect\": could not find dataconnect.yaml in `c:\\Users\\USUARIO\\Documents\\tpAngularAPI\\dataconnect`\n"}}
[debug] [2026-02-11T15:40:51.087Z] E0211 12:40:51.086902    9376 watch.go:40] Failed to load config from "c:\\Users\\USUARIO\\Documents\\tpAngularAPI\\dataconnect": could not find dataconnect.yaml in `c:\Users\USUARIO\Documents\tpAngularAPI\dataconnect`
 {"metadata":{"emulator":{"name":"dataconnect"},"message":"E0211 12:40:51.086902    9376 watch.go:40] Failed to load config from \"c:\\\\Users\\\\USUARIO\\\\Documents\\\\tpAngularAPI\\\\dataconnect\": could not find dataconnect.yaml in `c:\\Users\\USUARIO\\Documents\\tpAngularAPI\\dataconnect`\n"}}
[debug] [2026-02-11T15:41:01.087Z] E0211 12:41:01.086894    9376 watch.go:40] Failed to load config from "c:\\Users\\USUARIO\\Documents\\tpAngularAPI\\dataconnect": could not find dataconnect.yaml in `c:\Users\USUARIO\Documents\tpAngularAPI\dataconnect`
 {"metadata":{"emulator":{"name":"dataconnect"},"message":"E0211 12:41:01.086894    9376 watch.go:40] Failed to load config from \"c:\\\\Users\\\\USUARIO\\\\Documents\\\\tpAngularAPI\\\\dataconnect\": could not find dataconnect.yaml in `c:\\Users\\USUARIO\\Documents\\tpAngularAPI\\dataconnect`\n"}}
[debug] [2026-02-11T15:41:11.087Z] E0211 12:41:11.086812    9376 watch.go:40] Failed to load config from "c:\\Users\\USUARIO\\Documents\\tpAngularAPI\\dataconnect": could not find dataconnect.yaml in `c:\Users\USUARIO\Documents\tpAngularAPI\dataconnect`
 {"metadata":{"emulator":{"name":"dataconnect"},"message":"E0211 12:41:11.086812    9376 watch.go:40] Failed to load config from \"c:\\\\Users\\\\USUARIO\\\\Documents\\\\tpAngularAPI\\\\dataconnect\": could not find dataconnect.yaml in `c:\\Users\\USUARIO\\Documents\\tpAngularAPI\\dataconnect`\n"}}
[debug] [2026-02-11T15:41:21.086Z] E0211 12:41:21.086606    9376 watch.go:116] watchAllDir unable to walk dir `c:\Users\USUARIO\Documents\tpAngularAPI\dataconnect`: CreateFile c:\Users\USUARIO\Documents\tpAngularAPI\dataconnect: The system cannot find the file specified.
 {"metadata":{"emulator":{"name":"dataconnect"},"message":"E0211 12:41:21.086606    9376 watch.go:116] watchAllDir unable to walk dir `c:\\Users\\USUARIO\\Documents\\tpAngularAPI\\dataconnect`: CreateFile c:\\Users\\USUARIO\\Documents\\tpAngularAPI\\dataconnect: The system cannot find the file specified.\n"}}
[debug] [2026-02-11T15:41:21.087Z] E0211 12:41:21.086606    9376 watch.go:40] Failed to load config from "c:\\Users\\USUARIO\\Documents\\tpAngularAPI\\dataconnect": could not find dataconnect.yaml in `c:\Users\USUARIO\Documents\tpAngularAPI\dataconnect`
 {"metadata":{"emulator":{"name":"dataconnect"},"message":"E0211 12:41:21.086606    9376 watch.go:40] Failed to load config from \"c:\\\\Users\\\\USUARIO\\\\Documents\\\\tpAngularAPI\\\\dataconnect\": could not find dataconnect.yaml in `c:\\Users\\USUARIO\\Documents\\tpAngularAPI\\dataconnect`\n"}}
[debug] [2026-02-11T15:41:31.087Z] E0211 12:41:31.086582    9376 watch.go:40] Failed to load config from "c:\\Users\\USUARIO\\Documents\\tpAngularAPI\\dataconnect": could not find dataconnect.yaml in `c:\Users\USUARIO\Documents\tpAngularAPI\dataconnect`
 {"metadata":{"emulator":{"name":"dataconnect"},"message":"E0211 12:41:31.086582    9376 watch.go:40] Failed to load config from \"c:\\\\Users\\\\USUARIO\\\\Documents\\\\tpAngularAPI\\\\dataconnect\": could not find dataconnect.yaml in `c:\\Users\\USUARIO\\Documents\\tpAngularAPI\\dataconnect`\n"}}
[debug] [2026-02-11T15:41:41.087Z] E0211 12:41:41.086879    9376 watch.go:40] Failed to load config from "c:\\Users\\USUARIO\\Documents\\tpAngularAPI\\dataconnect": could not find dataconnect.yaml in `c:\Users\USUARIO\Documents\tpAngularAPI\dataconnect`
 {"metadata":{"emulator":{"name":"dataconnect"},"message":"E0211 12:41:41.086879    9376 watch.go:40] Failed to load config from \"c:\\\\Users\\\\USUARIO\\\\Documents\\\\tpAngularAPI\\\\dataconnect\": could not find dataconnect.yaml in `c:\\Users\\USUARIO\\Documents\\tpAngularAPI\\dataconnect`\n"}}
[debug] [2026-02-11T15:41:51.087Z] E0211 12:41:51.086873    9376 watch.go:40] Failed to load config from "c:\\Users\\USUARIO\\Documents\\tpAngularAPI\\dataconnect": could not find dataconnect.yaml in `c:\Users\USUARIO\Documents\tpAngularAPI\dataconnect`
 {"metadata":{"emulator":{"name":"dataconnect"},"message":"E0211 12:41:51.086873    9376 watch.go:40] Failed to load config from \"c:\\\\Users\\\\USUARIO\\\\Documents\\\\tpAngularAPI\\\\dataconnect\": could not find dataconnect.yaml in `c:\\Users\\USUARIO\\Documents\\tpAngularAPI\\dataconnect`\n"}}
[debug] [2026-02-11T15:42:01.088Z] E0211 12:42:01.087470    9376 watch.go:40] Failed to load config from "c:\\Users\\USUARIO\\Documents\\tpAngularAPI\\dataconnect": could not find dataconnect.yaml in `c:\Users\USUARIO\Documents\tpAngularAPI\dataconnect`
 {"metadata":{"emulator":{"name":"dataconnect"},"message":"E0211 12:42:01.087470    9376 watch.go:40] Failed to load config from \"c:\\\\Users\\\\USUARIO\\\\Documents\\\\tpAngularAPI\\\\dataconnect\": could not find dataconnect.yaml in `c:\\Users\\USUARIO\\Documents\\tpAngularAPI\\dataconnect`\n"}}
[debug] [2026-02-11T15:42:11.089Z] E0211 12:42:11.089002    9376 watch.go:40] Failed to load config from "c:\\Users\\USUARIO\\Documents\\tpAngularAPI\\dataconnect": could not find dataconnect.yaml in `c:\Users\USUARIO\Documents\tpAngularAPI\dataconnect`
 {"metadata":{"emulator":{"name":"dataconnect"},"message":"E0211 12:42:11.089002    9376 watch.go:40] Failed to load config from \"c:\\\\Users\\\\USUARIO\\\\Documents\\\\tpAngularAPI\\\\dataconnect\": could not find dataconnect.yaml in `c:\\Users\\USUARIO\\Documents\\tpAngularAPI\\dataconnect`\n"}}
[debug] [2026-02-11T15:42:21.086Z] E0211 12:42:21.086578    9376 watch.go:116] watchAllDir unable to walk dir `c:\Users\USUARIO\Documents\tpAngularAPI\dataconnect`: CreateFile c:\Users\USUARIO\Documents\tpAngularAPI\dataconnect: The system cannot find the file specified.
 {"metadata":{"emulator":{"name":"dataconnect"},"message":"E0211 12:42:21.086578    9376 watch.go:116] watchAllDir unable to walk dir `c:\\Users\\USUARIO\\Documents\\tpAngularAPI\\dataconnect`: CreateFile c:\\Users\\USUARIO\\Documents\\tpAngularAPI\\dataconnect: The system cannot find the file specified.\n"}}
[debug] [2026-02-11T15:42:21.087Z] E0211 12:42:21.086578    9376 watch.go:40] Failed to load config from "c:\\Users\\USUARIO\\Documents\\tpAngularAPI\\dataconnect": could not find dataconnect.yaml in `c:\Users\USUARIO\Documents\tpAngularAPI\dataconnect`
 {"metadata":{"emulator":{"name":"dataconnect"},"message":"E0211 12:42:21.086578    9376 watch.go:40] Failed to load config from \"c:\\\\Users\\\\USUARIO\\\\Documents\\\\tpAngularAPI\\\\dataconnect\": could not find dataconnect.yaml in `c:\\Users\\USUARIO\\Documents\\tpAngularAPI\\dataconnect`\n"}}
[debug] [2026-02-11T15:42:31.087Z] E0211 12:42:31.087086    9376 watch.go:40] Failed to load config from "c:\\Users\\USUARIO\\Documents\\tpAngularAPI\\dataconnect": could not find dataconnect.yaml in `c:\Users\USUARIO\Documents\tpAngularAPI\dataconnect`
 {"metadata":{"emulator":{"name":"dataconnect"},"message":"E0211 12:42:31.087086    9376 watch.go:40] Failed to load config from \"c:\\\\Users\\\\USUARIO\\\\Documents\\\\tpAngularAPI\\\\dataconnect\": could not find dataconnect.yaml in `c:\\Users\\USUARIO\\Documents\\tpAngularAPI\\dataconnect`\n"}}
[debug] [2026-02-11T15:42:41.087Z] E0211 12:42:41.087087    9376 watch.go:40] Failed to load config from "c:\\Users\\USUARIO\\Documents\\tpAngularAPI\\dataconnect": could not find dataconnect.yaml in `c:\Users\USUARIO\Documents\tpAngularAPI\dataconnect`
 {"metadata":{"emulator":{"name":"dataconnect"},"message":"E0211 12:42:41.087087    9376 watch.go:40] Failed to load config from \"c:\\\\Users\\\\USUARIO\\\\Documents\\\\tpAngularAPI\\\\dataconnect\": could not find dataconnect.yaml in `c:\\Users\\USUARIO\\Documents\\tpAngularAPI\\dataconnect`\n"}}
[debug] [2026-02-11T15:42:51.086Z] E0211 12:42:51.086569    9376 watch.go:40] Failed to load config from "c:\\Users\\USUARIO\\Documents\\tpAngularAPI\\dataconnect": could not find dataconnect.yaml in `c:\Users\USUARIO\Documents\tpAngularAPI\dataconnect`
 {"metadata":{"emulator":{"name":"dataconnect"},"message":"E0211 12:42:51.086569    9376 watch.go:40] Failed to load config from \"c:\\\\Users\\\\USUARIO\\\\Documents\\\\tpAngularAPI\\\\dataconnect\": could not find dataconnect.yaml in `c:\\Users\\USUARIO\\Documents\\tpAngularAPI\\dataconnect`\n"}}
[debug] [2026-02-11T15:43:01.087Z] E0211 12:43:01.087458    9376 watch.go:40] Failed to load config from "c:\\Users\\USUARIO\\Documents\\tpAngularAPI\\dataconnect": could not find dataconnect.yaml in `c:\Users\USUARIO\Documents\tpAngularAPI\dataconnect`
 {"metadata":{"emulator":{"name":"dataconnect"},"message":"E0211 12:43:01.087458    9376 watch.go:40] Failed to load config from \"c:\\\\Users\\\\USUARIO\\\\Documents\\\\tpAngularAPI\\\\dataconnect\": could not find dataconnect.yaml in `c:\\Users\\USUARIO\\Documents\\tpAngularAPI\\dataconnect`\n"}}
[debug] [2026-02-11T15:43:11.086Z] E0211 12:43:11.086759    9376 watch.go:40] Failed to load config from "c:\\Users\\USUARIO\\Documents\\tpAngularAPI\\dataconnect": could not find dataconnect.yaml in `c:\Users\USUARIO\Documents\tpAngularAPI\dataconnect`
 {"metadata":{"emulator":{"name":"dataconnect"},"message":"E0211 12:43:11.086759    9376 watch.go:40] Failed to load config from \"c:\\\\Users\\\\USUARIO\\\\Documents\\\\tpAngularAPI\\\\dataconnect\": could not find dataconnect.yaml in `c:\\Users\\USUARIO\\Documents\\tpAngularAPI\\dataconnect`\n"}}
[debug] [2026-02-11T15:43:21.096Z] E0211 12:43:21.089478    9376 watch.go:116] watchAllDir unable to walk dir `c:\Users\USUARIO\Documents\tpAngularAPI\dataconnect`: CreateFile c:\Users\USUARIO\Documents\tpAngularAPI\dataconnect: The system cannot find the file specified.
E0211 12:43:21.089478    9376 watch.go:40] Failed to load config from "c:\\Users\\USUARIO\\Documents\\tpAngularAPI\\dataconnect": could not find dataconnect.yaml in `c:\Users\USUARIO\Documents\tpAngularAPI\dataconnect`
 {"metadata":{"emulator":{"name":"dataconnect"},"message":"E0211 12:43:21.089478    9376 watch.go:116] watchAllDir unable to walk dir `c:\\Users\\USUARIO\\Documents\\tpAngularAPI\\dataconnect`: CreateFile c:\\Users\\USUARIO\\Documents\\tpAngularAPI\\dataconnect: The system cannot find the file specified.\nE0211 12:43:21.089478    9376 watch.go:40] Failed to load config from \"c:\\\\Users\\\\USUARIO\\\\Documents\\\\tpAngularAPI\\\\dataconnect\": could not find dataconnect.yaml in `c:\\Users\\USUARIO\\Documents\\tpAngularAPI\\dataconnect`\n"}}
[debug] [2026-02-11T15:43:31.086Z] E0211 12:43:31.086636    9376 watch.go:40] Failed to load config from "c:\\Users\\USUARIO\\Documents\\tpAngularAPI\\dataconnect": could not find dataconnect.yaml in `c:\Users\USUARIO\Documents\tpAngularAPI\dataconnect`
 {"metadata":{"emulator":{"name":"dataconnect"},"message":"E0211 12:43:31.086636    9376 watch.go:40] Failed to load config from \"c:\\\\Users\\\\USUARIO\\\\Documents\\\\tpAngularAPI\\\\dataconnect\": could not find dataconnect.yaml in `c:\\Users\\USUARIO\\Documents\\tpAngularAPI\\dataconnect`\n"}}
[debug] [2026-02-11T15:43:41.086Z] E0211 12:43:41.086834    9376 watch.go:40] Failed to load config from "c:\\Users\\USUARIO\\Documents\\tpAngularAPI\\dataconnect": could not find dataconnect.yaml in `c:\Users\USUARIO\Documents\tpAngularAPI\dataconnect`
 {"metadata":{"emulator":{"name":"dataconnect"},"message":"E0211 12:43:41.086834    9376 watch.go:40] Failed to load config from \"c:\\\\Users\\\\USUARIO\\\\Documents\\\\tpAngularAPI\\\\dataconnect\": could not find dataconnect.yaml in `c:\\Users\\USUARIO\\Documents\\tpAngularAPI\\dataconnect`\n"}}
[debug] [2026-02-11T15:43:51.087Z] E0211 12:43:51.087024    9376 watch.go:40] Failed to load config from "c:\\Users\\USUARIO\\Documents\\tpAngularAPI\\dataconnect": could not find dataconnect.yaml in `c:\Users\USUARIO\Documents\tpAngularAPI\dataconnect`
 {"metadata":{"emulator":{"name":"dataconnect"},"message":"E0211 12:43:51.087024    9376 watch.go:40] Failed to load config from \"c:\\\\Users\\\\USUARIO\\\\Documents\\\\tpAngularAPI\\\\dataconnect\": could not find dataconnect.yaml in `c:\\Users\\USUARIO\\Documents\\tpAngularAPI\\dataconnect`\n"}}
[debug] [2026-02-11T15:44:01.087Z] E0211 12:44:01.088260    9376 watch.go:40] Failed to load config from "c:\\Users\\USUARIO\\Documents\\tpAngularAPI\\dataconnect": could not find dataconnect.yaml in `c:\Users\USUARIO\Documents\tpAngularAPI\dataconnect`
 {"metadata":{"emulator":{"name":"dataconnect"},"message":"E0211 12:44:01.088260    9376 watch.go:40] Failed to load config from \"c:\\\\Users\\\\USUARIO\\\\Documents\\\\tpAngularAPI\\\\dataconnect\": could not find dataconnect.yaml in `c:\\Users\\USUARIO\\Documents\\tpAngularAPI\\dataconnect`\n"}}
[debug] [2026-02-11T15:44:11.086Z] E0211 12:44:11.086801    9376 watch.go:40] Failed to load config from "c:\\Users\\USUARIO\\Documents\\tpAngularAPI\\dataconnect": could not find dataconnect.yaml in `c:\Users\USUARIO\Documents\tpAngularAPI\dataconnect`
 {"metadata":{"emulator":{"name":"dataconnect"},"message":"E0211 12:44:11.086801    9376 watch.go:40] Failed to load config from \"c:\\\\Users\\\\USUARIO\\\\Documents\\\\tpAngularAPI\\\\dataconnect\": could not find dataconnect.yaml in `c:\\Users\\USUARIO\\Documents\\tpAngularAPI\\dataconnect`\n"}}
[debug] [2026-02-11T15:44:21.086Z] E0211 12:44:21.086625    9376 watch.go:116] watchAllDir unable to walk dir `c:\Users\USUARIO\Documents\tpAngularAPI\dataconnect`: CreateFile c:\Users\USUARIO\Documents\tpAngularAPI\dataconnect: The system cannot find the file specified.
 {"metadata":{"emulator":{"name":"dataconnect"},"message":"E0211 12:44:21.086625    9376 watch.go:116] watchAllDir unable to walk dir `c:\\Users\\USUARIO\\Documents\\tpAngularAPI\\dataconnect`: CreateFile c:\\Users\\USUARIO\\Documents\\tpAngularAPI\\dataconnect: The system cannot find the file specified.\n"}}
[debug] [2026-02-11T15:44:21.087Z] E0211 12:44:21.086625    9376 watch.go:40] Failed to load config from "c:\\Users\\USUARIO\\Documents\\tpAngularAPI\\dataconnect": could not find dataconnect.yaml in `c:\Users\USUARIO\Documents\tpAngularAPI\dataconnect`
 {"metadata":{"emulator":{"name":"dataconnect"},"message":"E0211 12:44:21.086625    9376 watch.go:40] Failed to load config from \"c:\\\\Users\\\\USUARIO\\\\Documents\\\\tpAngularAPI\\\\dataconnect\": could not find dataconnect.yaml in `c:\\Users\\USUARIO\\Documents\\tpAngularAPI\\dataconnect`\n"}}
[debug] [2026-02-11T15:44:31.087Z] E0211 12:44:31.087028    9376 watch.go:40] Failed to load config from "c:\\Users\\USUARIO\\Documents\\tpAngularAPI\\dataconnect": could not find dataconnect.yaml in `c:\Users\USUARIO\Documents\tpAngularAPI\dataconnect`
 {"metadata":{"emulator":{"name":"dataconnect"},"message":"E0211 12:44:31.087028    9376 watch.go:40] Failed to load config from \"c:\\\\Users\\\\USUARIO\\\\Documents\\\\tpAngularAPI\\\\dataconnect\": could not find dataconnect.yaml in `c:\\Users\\USUARIO\\Documents\\tpAngularAPI\\dataconnect`\n"}}
[debug] [2026-02-11T15:44:41.087Z] E0211 12:44:41.086848    9376 watch.go:40] Failed to load config from "c:\\Users\\USUARIO\\Documents\\tpAngularAPI\\dataconnect": could not find dataconnect.yaml in `c:\Users\USUARIO\Documents\tpAngularAPI\dataconnect`
 {"metadata":{"emulator":{"name":"dataconnect"},"message":"E0211 12:44:41.086848    9376 watch.go:40] Failed to load config from \"c:\\\\Users\\\\USUARIO\\\\Documents\\\\tpAngularAPI\\\\dataconnect\": could not find dataconnect.yaml in `c:\\Users\\USUARIO\\Documents\\tpAngularAPI\\dataconnect`\n"}}
[debug] [2026-02-11T15:44:51.087Z] E0211 12:44:51.087009    9376 watch.go:40] Failed to load config from "c:\\Users\\USUARIO\\Documents\\tpAngularAPI\\dataconnect": could not find dataconnect.yaml in `c:\Users\USUARIO\Documents\tpAngularAPI\dataconnect`
 {"metadata":{"emulator":{"name":"dataconnect"},"message":"E0211 12:44:51.087009    9376 watch.go:40] Failed to load config from \"c:\\\\Users\\\\USUARIO\\\\Documents\\\\tpAngularAPI\\\\dataconnect\": could not find dataconnect.yaml in `c:\\Users\\USUARIO\\Documents\\tpAngularAPI\\dataconnect`\n"}}
[debug] [2026-02-11T15:45:01.086Z] E0211 12:45:01.086849    9376 watch.go:40] Failed to load config from "c:\\Users\\USUARIO\\Documents\\tpAngularAPI\\dataconnect": could not find dataconnect.yaml in `c:\Users\USUARIO\Documents\tpAngularAPI\dataconnect`
 {"metadata":{"emulator":{"name":"dataconnect"},"message":"E0211 12:45:01.086849    9376 watch.go:40] Failed to load config from \"c:\\\\Users\\\\USUARIO\\\\Documents\\\\tpAngularAPI\\\\dataconnect\": could not find dataconnect.yaml in `c:\\Users\\USUARIO\\Documents\\tpAngularAPI\\dataconnect`\n"}}
[debug] [2026-02-11T15:45:11.086Z] E0211 12:45:11.086629    9376 watch.go:40] Failed to load config from "c:\\Users\\USUARIO\\Documents\\tpAngularAPI\\dataconnect": could not find dataconnect.yaml in `c:\Users\USUARIO\Documents\tpAngularAPI\dataconnect`
 {"metadata":{"emulator":{"name":"dataconnect"},"message":"E0211 12:45:11.086629    9376 watch.go:40] Failed to load config from \"c:\\\\Users\\\\USUARIO\\\\Documents\\\\tpAngularAPI\\\\dataconnect\": could not find dataconnect.yaml in `c:\\Users\\USUARIO\\Documents\\tpAngularAPI\\dataconnect`\n"}}
[debug] [2026-02-11T15:45:21.086Z] E0211 12:45:21.086574    9376 watch.go:116] watchAllDir unable to walk dir `c:\Users\USUARIO\Documents\tpAngularAPI\dataconnect`: CreateFile c:\Users\USUARIO\Documents\tpAngularAPI\dataconnect: The system cannot find the file specified.
 {"metadata":{"emulator":{"name":"dataconnect"},"message":"E0211 12:45:21.086574    9376 watch.go:116] watchAllDir unable to walk dir `c:\\Users\\USUARIO\\Documents\\tpAngularAPI\\dataconnect`: CreateFile c:\\Users\\USUARIO\\Documents\\tpAngularAPI\\dataconnect: The system cannot find the file specified.\n"}}
[debug] [2026-02-11T15:45:21.087Z] E0211 12:45:21.086574    9376 watch.go:40] Failed to load config from "c:\\Users\\USUARIO\\Documents\\tpAngularAPI\\dataconnect": could not find dataconnect.yaml in `c:\Users\USUARIO\Documents\tpAngularAPI\dataconnect`
 {"metadata":{"emulator":{"name":"dataconnect"},"message":"E0211 12:45:21.086574    9376 watch.go:40] Failed to load config from \"c:\\\\Users\\\\USUARIO\\\\Documents\\\\tpAngularAPI\\\\dataconnect\": could not find dataconnect.yaml in `c:\\Users\\USUARIO\\Documents\\tpAngularAPI\\dataconnect`\n"}}
[debug] [2026-02-11T15:45:31.087Z] E0211 12:45:31.086845    9376 watch.go:40] Failed to load config from "c:\\Users\\USUARIO\\Documents\\tpAngularAPI\\dataconnect": could not find dataconnect.yaml in `c:\Users\USUARIO\Documents\tpAngularAPI\dataconnect`
 {"metadata":{"emulator":{"name":"dataconnect"},"message":"E0211 12:45:31.086845    9376 watch.go:40] Failed to load config from \"c:\\\\Users\\\\USUARIO\\\\Documents\\\\tpAngularAPI\\\\dataconnect\": could not find dataconnect.yaml in `c:\\Users\\USUARIO\\Documents\\tpAngularAPI\\dataconnect`\n"}}
[debug] [2026-02-11T15:45:41.087Z] E0211 12:45:41.087038    9376 watch.go:40] Failed to load config from "c:\\Users\\USUARIO\\Documents\\tpAngularAPI\\dataconnect": could not find dataconnect.yaml in `c:\Users\USUARIO\Documents\tpAngularAPI\dataconnect`
 {"metadata":{"emulator":{"name":"dataconnect"},"message":"E0211 12:45:41.087038    9376 watch.go:40] Failed to load config from \"c:\\\\Users\\\\USUARIO\\\\Documents\\\\tpAngularAPI\\\\dataconnect\": could not find dataconnect.yaml in `c:\\Users\\USUARIO\\Documents\\tpAngularAPI\\dataconnect`\n"}}
[debug] [2026-02-11T15:45:51.087Z] E0211 12:45:51.086585    9376 watch.go:40] Failed to load config from "c:\\Users\\USUARIO\\Documents\\tpAngularAPI\\dataconnect": could not find dataconnect.yaml in `c:\Users\USUARIO\Documents\tpAngularAPI\dataconnect`
 {"metadata":{"emulator":{"name":"dataconnect"},"message":"E0211 12:45:51.086585    9376 watch.go:40] Failed to load config from \"c:\\\\Users\\\\USUARIO\\\\Documents\\\\tpAngularAPI\\\\dataconnect\": could not find dataconnect.yaml in `c:\\Users\\USUARIO\\Documents\\tpAngularAPI\\dataconnect`\n"}}
[debug] [2026-02-11T15:46:01.087Z] E0211 12:46:01.087275    9376 watch.go:40] Failed to load config from "c:\\Users\\USUARIO\\Documents\\tpAngularAPI\\dataconnect": could not find dataconnect.yaml in `c:\Users\USUARIO\Documents\tpAngularAPI\dataconnect`
 {"metadata":{"emulator":{"name":"dataconnect"},"message":"E0211 12:46:01.087275    9376 watch.go:40] Failed to load config from \"c:\\\\Users\\\\USUARIO\\\\Documents\\\\tpAngularAPI\\\\dataconnect\": could not find dataconnect.yaml in `c:\\Users\\USUARIO\\Documents\\tpAngularAPI\\dataconnect`\n"}}
[debug] [2026-02-11T15:46:11.087Z] E0211 12:46:11.086554    9376 watch.go:40] Failed to load config from "c:\\Users\\USUARIO\\Documents\\tpAngularAPI\\dataconnect": could not find dataconnect.yaml in `c:\Users\USUARIO\Documents\tpAngularAPI\dataconnect`
 {"metadata":{"emulator":{"name":"dataconnect"},"message":"E0211 12:46:11.086554    9376 watch.go:40] Failed to load config from \"c:\\\\Users\\\\USUARIO\\\\Documents\\\\tpAngularAPI\\\\dataconnect\": could not find dataconnect.yaml in `c:\\Users\\USUARIO\\Documents\\tpAngularAPI\\dataconnect`\n"}}
[debug] [2026-02-11T15:46:21.086Z] E0211 12:46:21.086828    9376 watch.go:116] watchAllDir unable to walk dir `c:\Users\USUARIO\Documents\tpAngularAPI\dataconnect`: CreateFile c:\Users\USUARIO\Documents\tpAngularAPI\dataconnect: The system cannot find the file specified.
 {"metadata":{"emulator":{"name":"dataconnect"},"message":"E0211 12:46:21.086828    9376 watch.go:116] watchAllDir unable to walk dir `c:\\Users\\USUARIO\\Documents\\tpAngularAPI\\dataconnect`: CreateFile c:\\Users\\USUARIO\\Documents\\tpAngularAPI\\dataconnect: The system cannot find the file specified.\n"}}
[debug] [2026-02-11T15:46:21.087Z] E0211 12:46:21.086828    9376 watch.go:40] Failed to load config from "c:\\Users\\USUARIO\\Documents\\tpAngularAPI\\dataconnect": could not find dataconnect.yaml in `c:\Users\USUARIO\Documents\tpAngularAPI\dataconnect`
 {"metadata":{"emulator":{"name":"dataconnect"},"message":"E0211 12:46:21.086828    9376 watch.go:40] Failed to load config from \"c:\\\\Users\\\\USUARIO\\\\Documents\\\\tpAngularAPI\\\\dataconnect\": could not find dataconnect.yaml in `c:\\Users\\USUARIO\\Documents\\tpAngularAPI\\dataconnect`\n"}}
[debug] [2026-02-11T15:46:31.086Z] E0211 12:46:31.086771    9376 watch.go:40] Failed to load config from "c:\\Users\\USUARIO\\Documents\\tpAngularAPI\\dataconnect": could not find dataconnect.yaml in `c:\Users\USUARIO\Documents\tpAngularAPI\dataconnect`
 {"metadata":{"emulator":{"name":"dataconnect"},"message":"E0211 12:46:31.086771    9376 watch.go:40] Failed to load config from \"c:\\\\Users\\\\USUARIO\\\\Documents\\\\tpAngularAPI\\\\dataconnect\": could not find dataconnect.yaml in `c:\\Users\\USUARIO\\Documents\\tpAngularAPI\\dataconnect`\n"}}
[debug] [2026-02-11T15:46:41.086Z] E0211 12:46:41.086574    9376 watch.go:40] Failed to load config from "c:\\Users\\USUARIO\\Documents\\tpAngularAPI\\dataconnect": could not find dataconnect.yaml in `c:\Users\USUARIO\Documents\tpAngularAPI\dataconnect`
 {"metadata":{"emulator":{"name":"dataconnect"},"message":"E0211 12:46:41.086574    9376 watch.go:40] Failed to load config from \"c:\\\\Users\\\\USUARIO\\\\Documents\\\\tpAngularAPI\\\\dataconnect\": could not find dataconnect.yaml in `c:\\Users\\USUARIO\\Documents\\tpAngularAPI\\dataconnect`\n"}}
[debug] [2026-02-11T15:46:51.086Z] E0211 12:46:51.086768    9376 watch.go:40] Failed to load config from "c:\\Users\\USUARIO\\Documents\\tpAngularAPI\\dataconnect": could not find dataconnect.yaml in `c:\Users\USUARIO\Documents\tpAngularAPI\dataconnect`
 {"metadata":{"emulator":{"name":"dataconnect"},"message":"E0211 12:46:51.086768    9376 watch.go:40] Failed to load config from \"c:\\\\Users\\\\USUARIO\\\\Documents\\\\tpAngularAPI\\\\dataconnect\": could not find dataconnect.yaml in `c:\\Users\\USUARIO\\Documents\\tpAngularAPI\\dataconnect`\n"}}
[debug] [2026-02-11T15:47:01.087Z] E0211 12:47:01.087048    9376 watch.go:40] Failed to load config from "c:\\Users\\USUARIO\\Documents\\tpAngularAPI\\dataconnect": could not find dataconnect.yaml in `c:\Users\USUARIO\Documents\tpAngularAPI\dataconnect`
 {"metadata":{"emulator":{"name":"dataconnect"},"message":"E0211 12:47:01.087048    9376 watch.go:40] Failed to load config from \"c:\\\\Users\\\\USUARIO\\\\Documents\\\\tpAngularAPI\\\\dataconnect\": could not find dataconnect.yaml in `c:\\Users\\USUARIO\\Documents\\tpAngularAPI\\dataconnect`\n"}}
[debug] [2026-02-11T15:47:11.086Z] E0211 12:47:11.087143    9376 watch.go:40] Failed to load config from "c:\\Users\\USUARIO\\Documents\\tpAngularAPI\\dataconnect": could not find dataconnect.yaml in `c:\Users\USUARIO\Documents\tpAngularAPI\dataconnect`
 {"metadata":{"emulator":{"name":"dataconnect"},"message":"E0211 12:47:11.087143    9376 watch.go:40] Failed to load config from \"c:\\\\Users\\\\USUARIO\\\\Documents\\\\tpAngularAPI\\\\dataconnect\": could not find dataconnect.yaml in `c:\\Users\\USUARIO\\Documents\\tpAngularAPI\\dataconnect`\n"}}
[debug] [2026-02-11T15:47:21.087Z] E0211 12:47:21.086977    9376 watch.go:116] watchAllDir unable to walk dir `c:\Users\USUARIO\Documents\tpAngularAPI\dataconnect`: CreateFile c:\Users\USUARIO\Documents\tpAngularAPI\dataconnect: The system cannot find the file specified.
E0211 12:47:21.086977    9376 watch.go:40] Failed to load config from "c:\\Users\\USUARIO\\Documents\\tpAngularAPI\\dataconnect": could not find dataconnect.yaml in `c:\Users\USUARIO\Documents\tpAngularAPI\dataconnect`
 {"metadata":{"emulator":{"name":"dataconnect"},"message":"E0211 12:47:21.086977    9376 watch.go:116] watchAllDir unable to walk dir `c:\\Users\\USUARIO\\Documents\\tpAngularAPI\\dataconnect`: CreateFile c:\\Users\\USUARIO\\Documents\\tpAngularAPI\\dataconnect: The system cannot find the file specified.\nE0211 12:47:21.086977    9376 watch.go:40] Failed to load config from \"c:\\\\Users\\\\USUARIO\\\\Documents\\\\tpAngularAPI\\\\dataconnect\": could not find dataconnect.yaml in `c:\\Users\\USUARIO\\Documents\\tpAngularAPI\\dataconnect`\n"}}
[debug] [2026-02-11T15:47:31.087Z] E0211 12:47:31.087396    9376 watch.go:40] Failed to load config from "c:\\Users\\USUARIO\\Documents\\tpAngularAPI\\dataconnect": could not find dataconnect.yaml in `c:\Users\USUARIO\Documents\tpAngularAPI\dataconnect`
 {"metadata":{"emulator":{"name":"dataconnect"},"message":"E0211 12:47:31.087396    9376 watch.go:40] Failed to load config from \"c:\\\\Users\\\\USUARIO\\\\Documents\\\\tpAngularAPI\\\\dataconnect\": could not find dataconnect.yaml in `c:\\Users\\USUARIO\\Documents\\tpAngularAPI\\dataconnect`\n"}}
[debug] [2026-02-11T15:47:41.087Z] E0211 12:47:41.086795    9376 watch.go:40] Failed to load config from "c:\\Users\\USUARIO\\Documents\\tpAngularAPI\\dataconnect": could not find dataconnect.yaml in `c:\Users\USUARIO\Documents\tpAngularAPI\dataconnect`
 {"metadata":{"emulator":{"name":"dataconnect"},"message":"E0211 12:47:41.086795    9376 watch.go:40] Failed to load config from \"c:\\\\Users\\\\USUARIO\\\\Documents\\\\tpAngularAPI\\\\dataconnect\": could not find dataconnect.yaml in `c:\\Users\\USUARIO\\Documents\\tpAngularAPI\\dataconnect`\n"}}
[debug] [2026-02-11T15:47:51.088Z] E0211 12:47:51.087194    9376 watch.go:40] Failed to load config from "c:\\Users\\USUARIO\\Documents\\tpAngularAPI\\dataconnect": could not find dataconnect.yaml in `c:\Users\USUARIO\Documents\tpAngularAPI\dataconnect`
 {"metadata":{"emulator":{"name":"dataconnect"},"message":"E0211 12:47:51.087194    9376 watch.go:40] Failed to load config from \"c:\\\\Users\\\\USUARIO\\\\Documents\\\\tpAngularAPI\\\\dataconnect\": could not find dataconnect.yaml in `c:\\Users\\USUARIO\\Documents\\tpAngularAPI\\dataconnect`\n"}}
[debug] [2026-02-11T15:48:01.087Z] E0211 12:48:01.086865    9376 watch.go:40] Failed to load config from "c:\\Users\\USUARIO\\Documents\\tpAngularAPI\\dataconnect": could not find dataconnect.yaml in `c:\Users\USUARIO\Documents\tpAngularAPI\dataconnect`
 {"metadata":{"emulator":{"name":"dataconnect"},"message":"E0211 12:48:01.086865    9376 watch.go:40] Failed to load config from \"c:\\\\Users\\\\USUARIO\\\\Documents\\\\tpAngularAPI\\\\dataconnect\": could not find dataconnect.yaml in `c:\\Users\\USUARIO\\Documents\\tpAngularAPI\\dataconnect`\n"}}
[debug] [2026-02-11T15:48:11.087Z] E0211 12:48:11.086568    9376 watch.go:40] Failed to load config from "c:\\Users\\USUARIO\\Documents\\tpAngularAPI\\dataconnect": could not find dataconnect.yaml in `c:\Users\USUARIO\Documents\tpAngularAPI\dataconnect`
 {"metadata":{"emulator":{"name":"dataconnect"},"message":"E0211 12:48:11.086568    9376 watch.go:40] Failed to load config from \"c:\\\\Users\\\\USUARIO\\\\Documents\\\\tpAngularAPI\\\\dataconnect\": could not find dataconnect.yaml in `c:\\Users\\USUARIO\\Documents\\tpAngularAPI\\dataconnect`\n"}}
[debug] [2026-02-11T15:48:21.087Z] E0211 12:48:21.087373    9376 watch.go:116] watchAllDir unable to walk dir `c:\Users\USUARIO\Documents\tpAngularAPI\dataconnect`: CreateFile c:\Users\USUARIO\Documents\tpAngularAPI\dataconnect: The system cannot find the file specified.
 {"metadata":{"emulator":{"name":"dataconnect"},"message":"E0211 12:48:21.087373    9376 watch.go:116] watchAllDir unable to walk dir `c:\\Users\\USUARIO\\Documents\\tpAngularAPI\\dataconnect`: CreateFile c:\\Users\\USUARIO\\Documents\\tpAngularAPI\\dataconnect: The system cannot find the file specified.\n"}}
[debug] [2026-02-11T15:48:21.087Z] E0211 12:48:21.087373    9376 watch.go:40] Failed to load config from "c:\\Users\\USUARIO\\Documents\\tpAngularAPI\\dataconnect": could not find dataconnect.yaml in `c:\Users\USUARIO\Documents\tpAngularAPI\dataconnect`
 {"metadata":{"emulator":{"name":"dataconnect"},"message":"E0211 12:48:21.087373    9376 watch.go:40] Failed to load config from \"c:\\\\Users\\\\USUARIO\\\\Documents\\\\tpAngularAPI\\\\dataconnect\": could not find dataconnect.yaml in `c:\\Users\\USUARIO\\Documents\\tpAngularAPI\\dataconnect`\n"}}
[debug] [2026-02-11T15:48:31.086Z] E0211 12:48:31.086588    9376 watch.go:40] Failed to load config from "c:\\Users\\USUARIO\\Documents\\tpAngularAPI\\dataconnect": could not find dataconnect.yaml in `c:\Users\USUARIO\Documents\tpAngularAPI\dataconnect`
 {"metadata":{"emulator":{"name":"dataconnect"},"message":"E0211 12:48:31.086588    9376 watch.go:40] Failed to load config from \"c:\\\\Users\\\\USUARIO\\\\Documents\\\\tpAngularAPI\\\\dataconnect\": could not find dataconnect.yaml in `c:\\Users\\USUARIO\\Documents\\tpAngularAPI\\dataconnect`\n"}}
[debug] [2026-02-11T15:48:41.086Z] E0211 12:48:41.086579    9376 watch.go:40] Failed to load config from "c:\\Users\\USUARIO\\Documents\\tpAngularAPI\\dataconnect": could not find dataconnect.yaml in `c:\Users\USUARIO\Documents\tpAngularAPI\dataconnect`
 {"metadata":{"emulator":{"name":"dataconnect"},"message":"E0211 12:48:41.086579    9376 watch.go:40] Failed to load config from \"c:\\\\Users\\\\USUARIO\\\\Documents\\\\tpAngularAPI\\\\dataconnect\": could not find dataconnect.yaml in `c:\\Users\\USUARIO\\Documents\\tpAngularAPI\\dataconnect`\n"}}
[debug] [2026-02-11T15:48:51.086Z] E0211 12:48:51.086945    9376 watch.go:40] Failed to load config from "c:\\Users\\USUARIO\\Documents\\tpAngularAPI\\dataconnect": could not find dataconnect.yaml in `c:\Users\USUARIO\Documents\tpAngularAPI\dataconnect`
 {"metadata":{"emulator":{"name":"dataconnect"},"message":"E0211 12:48:51.086945    9376 watch.go:40] Failed to load config from \"c:\\\\Users\\\\USUARIO\\\\Documents\\\\tpAngularAPI\\\\dataconnect\": could not find dataconnect.yaml in `c:\\Users\\USUARIO\\Documents\\tpAngularAPI\\dataconnect`\n"}}
[debug] [2026-02-11T15:49:01.086Z] E0211 12:49:01.086635    9376 watch.go:40] Failed to load config from "c:\\Users\\USUARIO\\Documents\\tpAngularAPI\\dataconnect": could not find dataconnect.yaml in `c:\Users\USUARIO\Documents\tpAngularAPI\dataconnect`
 {"metadata":{"emulator":{"name":"dataconnect"},"message":"E0211 12:49:01.086635    9376 watch.go:40] Failed to load config from \"c:\\\\Users\\\\USUARIO\\\\Documents\\\\tpAngularAPI\\\\dataconnect\": could not find dataconnect.yaml in `c:\\Users\\USUARIO\\Documents\\tpAngularAPI\\dataconnect`\n"}}
[debug] [2026-02-11T15:49:11.088Z] E0211 12:49:11.088059    9376 watch.go:40] Failed to load config from "c:\\Users\\USUARIO\\Documents\\tpAngularAPI\\dataconnect": could not find dataconnect.yaml in `c:\Users\USUARIO\Documents\tpAngularAPI\dataconnect`
 {"metadata":{"emulator":{"name":"dataconnect"},"message":"E0211 12:49:11.088059    9376 watch.go:40] Failed to load config from \"c:\\\\Users\\\\USUARIO\\\\Documents\\\\tpAngularAPI\\\\dataconnect\": could not find dataconnect.yaml in `c:\\Users\\USUARIO\\Documents\\tpAngularAPI\\dataconnect`\n"}}
[debug] [2026-02-11T15:49:21.086Z] E0211 12:49:21.086903    9376 watch.go:116] watchAllDir unable to walk dir `c:\Users\USUARIO\Documents\tpAngularAPI\dataconnect`: CreateFile c:\Users\USUARIO\Documents\tpAngularAPI\dataconnect: The system cannot find the file specified.
 {"metadata":{"emulator":{"name":"dataconnect"},"message":"E0211 12:49:21.086903    9376 watch.go:116] watchAllDir unable to walk dir `c:\\Users\\USUARIO\\Documents\\tpAngularAPI\\dataconnect`: CreateFile c:\\Users\\USUARIO\\Documents\\tpAngularAPI\\dataconnect: The system cannot find the file specified.\n"}}
[debug] [2026-02-11T15:49:21.088Z] E0211 12:49:21.086903    9376 watch.go:40] Failed to load config from "c:\\Users\\USUARIO\\Documents\\tpAngularAPI\\dataconnect": could not find dataconnect.yaml in `c:\Users\USUARIO\Documents\tpAngularAPI\dataconnect`
 {"metadata":{"emulator":{"name":"dataconnect"},"message":"E0211 12:49:21.086903    9376 watch.go:40] Failed to load config from \"c:\\\\Users\\\\USUARIO\\\\Documents\\\\tpAngularAPI\\\\dataconnect\": could not find dataconnect.yaml in `c:\\Users\\USUARIO\\Documents\\tpAngularAPI\\dataconnect`\n"}}
[debug] [2026-02-11T15:49:31.087Z] E0211 12:49:31.087455    9376 watch.go:40] Failed to load config from "c:\\Users\\USUARIO\\Documents\\tpAngularAPI\\dataconnect": could not find dataconnect.yaml in `c:\Users\USUARIO\Documents\tpAngularAPI\dataconnect`
 {"metadata":{"emulator":{"name":"dataconnect"},"message":"E0211 12:49:31.087455    9376 watch.go:40] Failed to load config from \"c:\\\\Users\\\\USUARIO\\\\Documents\\\\tpAngularAPI\\\\dataconnect\": could not find dataconnect.yaml in `c:\\Users\\USUARIO\\Documents\\tpAngularAPI\\dataconnect`\n"}}
[debug] [2026-02-11T15:49:41.087Z] E0211 12:49:41.086616    9376 watch.go:40] Failed to load config from "c:\\Users\\USUARIO\\Documents\\tpAngularAPI\\dataconnect": could not find dataconnect.yaml in `c:\Users\USUARIO\Documents\tpAngularAPI\dataconnect`
 {"metadata":{"emulator":{"name":"dataconnect"},"message":"E0211 12:49:41.086616    9376 watch.go:40] Failed to load config from \"c:\\\\Users\\\\USUARIO\\\\Documents\\\\tpAngularAPI\\\\dataconnect\": could not find dataconnect.yaml in `c:\\Users\\USUARIO\\Documents\\tpAngularAPI\\dataconnect`\n"}}
[debug] [2026-02-11T15:49:51.087Z] E0211 12:49:51.086661    9376 watch.go:40] Failed to load config from "c:\\Users\\USUARIO\\Documents\\tpAngularAPI\\dataconnect": could not find dataconnect.yaml in `c:\Users\USUARIO\Documents\tpAngularAPI\dataconnect`
 {"metadata":{"emulator":{"name":"dataconnect"},"message":"E0211 12:49:51.086661    9376 watch.go:40] Failed to load config from \"c:\\\\Users\\\\USUARIO\\\\Documents\\\\tpAngularAPI\\\\dataconnect\": could not find dataconnect.yaml in `c:\\Users\\USUARIO\\Documents\\tpAngularAPI\\dataconnect`\n"}}
[debug] [2026-02-11T15:50:01.087Z] E0211 12:50:01.087258    9376 watch.go:40] Failed to load config from "c:\\Users\\USUARIO\\Documents\\tpAngularAPI\\dataconnect": could not find dataconnect.yaml in `c:\Users\USUARIO\Documents\tpAngularAPI\dataconnect`
 {"metadata":{"emulator":{"name":"dataconnect"},"message":"E0211 12:50:01.087258    9376 watch.go:40] Failed to load config from \"c:\\\\Users\\\\USUARIO\\\\Documents\\\\tpAngularAPI\\\\dataconnect\": could not find dataconnect.yaml in `c:\\Users\\USUARIO\\Documents\\tpAngularAPI\\dataconnect`\n"}}
[debug] [2026-02-11T15:50:11.087Z] E0211 12:50:11.087463    9376 watch.go:40] Failed to load config from "c:\\Users\\USUARIO\\Documents\\tpAngularAPI\\dataconnect": could not find dataconnect.yaml in `c:\Users\USUARIO\Documents\tpAngularAPI\dataconnect`
 {"metadata":{"emulator":{"name":"dataconnect"},"message":"E0211 12:50:11.087463    9376 watch.go:40] Failed to load config from \"c:\\\\Users\\\\USUARIO\\\\Documents\\\\tpAngularAPI\\\\dataconnect\": could not find dataconnect.yaml in `c:\\Users\\USUARIO\\Documents\\tpAngularAPI\\dataconnect`\n"}}
[debug] [2026-02-11T15:50:21.087Z] E0211 12:50:21.086943    9376 watch.go:116] watchAllDir unable to walk dir `c:\Users\USUARIO\Documents\tpAngularAPI\dataconnect`: CreateFile c:\Users\USUARIO\Documents\tpAngularAPI\dataconnect: The system cannot find the file specified.
 {"metadata":{"emulator":{"name":"dataconnect"},"message":"E0211 12:50:21.086943    9376 watch.go:116] watchAllDir unable to walk dir `c:\\Users\\USUARIO\\Documents\\tpAngularAPI\\dataconnect`: CreateFile c:\\Users\\USUARIO\\Documents\\tpAngularAPI\\dataconnect: The system cannot find the file specified.\n"}}
[debug] [2026-02-11T15:50:21.087Z] E0211 12:50:21.086943    9376 watch.go:40] Failed to load config from "c:\\Users\\USUARIO\\Documents\\tpAngularAPI\\dataconnect": could not find dataconnect.yaml in `c:\Users\USUARIO\Documents\tpAngularAPI\dataconnect`
 {"metadata":{"emulator":{"name":"dataconnect"},"message":"E0211 12:50:21.086943    9376 watch.go:40] Failed to load config from \"c:\\\\Users\\\\USUARIO\\\\Documents\\\\tpAngularAPI\\\\dataconnect\": could not find dataconnect.yaml in `c:\\Users\\USUARIO\\Documents\\tpAngularAPI\\dataconnect`\n"}}
[debug] [2026-02-11T15:50:31.087Z] E0211 12:50:31.087170    9376 watch.go:40] Failed to load config from "c:\\Users\\USUARIO\\Documents\\tpAngularAPI\\dataconnect": could not find dataconnect.yaml in `c:\Users\USUARIO\Documents\tpAngularAPI\dataconnect`
 {"metadata":{"emulator":{"name":"dataconnect"},"message":"E0211 12:50:31.087170    9376 watch.go:40] Failed to load config from \"c:\\\\Users\\\\USUARIO\\\\Documents\\\\tpAngularAPI\\\\dataconnect\": could not find dataconnect.yaml in `c:\\Users\\USUARIO\\Documents\\tpAngularAPI\\dataconnect`\n"}}
[debug] [2026-02-11T15:50:41.087Z] E0211 12:50:41.087877    9376 watch.go:40] Failed to load config from "c:\\Users\\USUARIO\\Documents\\tpAngularAPI\\dataconnect": could not find dataconnect.yaml in `c:\Users\USUARIO\Documents\tpAngularAPI\dataconnect`
 {"metadata":{"emulator":{"name":"dataconnect"},"message":"E0211 12:50:41.087877    9376 watch.go:40] Failed to load config from \"c:\\\\Users\\\\USUARIO\\\\Documents\\\\tpAngularAPI\\\\dataconnect\": could not find dataconnect.yaml in `c:\\Users\\USUARIO\\Documents\\tpAngularAPI\\dataconnect`\n"}}
[debug] [2026-02-11T15:50:51.086Z] E0211 12:50:51.086574    9376 watch.go:40] Failed to load config from "c:\\Users\\USUARIO\\Documents\\tpAngularAPI\\dataconnect": could not find dataconnect.yaml in `c:\Users\USUARIO\Documents\tpAngularAPI\dataconnect`
 {"metadata":{"emulator":{"name":"dataconnect"},"message":"E0211 12:50:51.086574    9376 watch.go:40] Failed to load config from \"c:\\\\Users\\\\USUARIO\\\\Documents\\\\tpAngularAPI\\\\dataconnect\": could not find dataconnect.yaml in `c:\\Users\\USUARIO\\Documents\\tpAngularAPI\\dataconnect`\n"}}
[debug] [2026-02-11T15:51:01.087Z] E0211 12:51:01.086799    9376 watch.go:40] Failed to load config from "c:\\Users\\USUARIO\\Documents\\tpAngularAPI\\dataconnect": could not find dataconnect.yaml in `c:\Users\USUARIO\Documents\tpAngularAPI\dataconnect`
 {"metadata":{"emulator":{"name":"dataconnect"},"message":"E0211 12:51:01.086799    9376 watch.go:40] Failed to load config from \"c:\\\\Users\\\\USUARIO\\\\Documents\\\\tpAngularAPI\\\\dataconnect\": could not find dataconnect.yaml in `c:\\Users\\USUARIO\\Documents\\tpAngularAPI\\dataconnect`\n"}}
[debug] [2026-02-11T15:51:11.089Z] E0211 12:51:11.087637    9376 watch.go:40] Failed to load config from "c:\\Users\\USUARIO\\Documents\\tpAngularAPI\\dataconnect": could not find dataconnect.yaml in `c:\Users\USUARIO\Documents\tpAngularAPI\dataconnect`
 {"metadata":{"emulator":{"name":"dataconnect"},"message":"E0211 12:51:11.087637    9376 watch.go:40] Failed to load config from \"c:\\\\Users\\\\USUARIO\\\\Documents\\\\tpAngularAPI\\\\dataconnect\": could not find dataconnect.yaml in `c:\\Users\\USUARIO\\Documents\\tpAngularAPI\\dataconnect`\n"}}
[debug] [2026-02-11T15:51:21.087Z] E0211 12:51:21.086845    9376 watch.go:116] watchAllDir unable to walk dir `c:\Users\USUARIO\Documents\tpAngularAPI\dataconnect`: CreateFile c:\Users\USUARIO\Documents\tpAngularAPI\dataconnect: The system cannot find the file specified.
 {"metadata":{"emulator":{"name":"dataconnect"},"message":"E0211 12:51:21.086845    9376 watch.go:116] watchAllDir unable to walk dir `c:\\Users\\USUARIO\\Documents\\tpAngularAPI\\dataconnect`: CreateFile c:\\Users\\USUARIO\\Documents\\tpAngularAPI\\dataconnect: The system cannot find the file specified.\n"}}
[debug] [2026-02-11T15:51:21.087Z] E0211 12:51:21.086845    9376 watch.go:40] Failed to load config from "c:\\Users\\USUARIO\\Documents\\tpAngularAPI\\dataconnect": could not find dataconnect.yaml in `c:\Users\USUARIO\Documents\tpAngularAPI\dataconnect`
 {"metadata":{"emulator":{"name":"dataconnect"},"message":"E0211 12:51:21.086845    9376 watch.go:40] Failed to load config from \"c:\\\\Users\\\\USUARIO\\\\Documents\\\\tpAngularAPI\\\\dataconnect\": could not find dataconnect.yaml in `c:\\Users\\USUARIO\\Documents\\tpAngularAPI\\dataconnect`\n"}}
[debug] [2026-02-11T15:51:31.087Z] E0211 12:51:31.086811    9376 watch.go:40] Failed to load config from "c:\\Users\\USUARIO\\Documents\\tpAngularAPI\\dataconnect": could not find dataconnect.yaml in `c:\Users\USUARIO\Documents\tpAngularAPI\dataconnect`
 {"metadata":{"emulator":{"name":"dataconnect"},"message":"E0211 12:51:31.086811    9376 watch.go:40] Failed to load config from \"c:\\\\Users\\\\USUARIO\\\\Documents\\\\tpAngularAPI\\\\dataconnect\": could not find dataconnect.yaml in `c:\\Users\\USUARIO\\Documents\\tpAngularAPI\\dataconnect`\n"}}
[debug] [2026-02-11T15:51:41.105Z] E0211 12:51:41.104567    9376 watch.go:40] Failed to load config from "c:\\Users\\USUARIO\\Documents\\tpAngularAPI\\dataconnect": could not find dataconnect.yaml in `c:\Users\USUARIO\Documents\tpAngularAPI\dataconnect`
 {"metadata":{"emulator":{"name":"dataconnect"},"message":"E0211 12:51:41.104567    9376 watch.go:40] Failed to load config from \"c:\\\\Users\\\\USUARIO\\\\Documents\\\\tpAngularAPI\\\\dataconnect\": could not find dataconnect.yaml in `c:\\Users\\USUARIO\\Documents\\tpAngularAPI\\dataconnect`\n"}}
[debug] [2026-02-11T15:51:51.100Z] E0211 12:51:51.100159    9376 watch.go:40] Failed to load config from "c:\\Users\\USUARIO\\Documents\\tpAngularAPI\\dataconnect": could not find dataconnect.yaml in `c:\Users\USUARIO\Documents\tpAngularAPI\dataconnect`
 {"metadata":{"emulator":{"name":"dataconnect"},"message":"E0211 12:51:51.100159    9376 watch.go:40] Failed to load config from \"c:\\\\Users\\\\USUARIO\\\\Documents\\\\tpAngularAPI\\\\dataconnect\": could not find dataconnect.yaml in `c:\\Users\\USUARIO\\Documents\\tpAngularAPI\\dataconnect`\n"}}
[debug] [2026-02-11T15:52:01.087Z] E0211 12:52:01.086920    9376 watch.go:40] Failed to load config from "c:\\Users\\USUARIO\\Documents\\tpAngularAPI\\dataconnect": could not find dataconnect.yaml in `c:\Users\USUARIO\Documents\tpAngularAPI\dataconnect`
 {"metadata":{"emulator":{"name":"dataconnect"},"message":"E0211 12:52:01.086920    9376 watch.go:40] Failed to load config from \"c:\\\\Users\\\\USUARIO\\\\Documents\\\\tpAngularAPI\\\\dataconnect\": could not find dataconnect.yaml in `c:\\Users\\USUARIO\\Documents\\tpAngularAPI\\dataconnect`\n"}}
[debug] [2026-02-11T15:52:11.087Z] E0211 12:52:11.087181    9376 watch.go:40] Failed to load config from "c:\\Users\\USUARIO\\Documents\\tpAngularAPI\\dataconnect": could not find dataconnect.yaml in `c:\Users\USUARIO\Documents\tpAngularAPI\dataconnect`
 {"metadata":{"emulator":{"name":"dataconnect"},"message":"E0211 12:52:11.087181    9376 watch.go:40] Failed to load config from \"c:\\\\Users\\\\USUARIO\\\\Documents\\\\tpAngularAPI\\\\dataconnect\": could not find dataconnect.yaml in `c:\\Users\\USUARIO\\Documents\\tpAngularAPI\\dataconnect`\n"}}
[debug] [2026-02-11T15:52:21.087Z] E0211 12:52:21.086939    9376 watch.go:116] watchAllDir unable to walk dir `c:\Users\USUARIO\Documents\tpAngularAPI\dataconnect`: CreateFile c:\Users\USUARIO\Documents\tpAngularAPI\dataconnect: The system cannot find the file specified.
 {"metadata":{"emulator":{"name":"dataconnect"},"message":"E0211 12:52:21.086939    9376 watch.go:116] watchAllDir unable to walk dir `c:\\Users\\USUARIO\\Documents\\tpAngularAPI\\dataconnect`: CreateFile c:\\Users\\USUARIO\\Documents\\tpAngularAPI\\dataconnect: The system cannot find the file specified.\n"}}
[debug] [2026-02-11T15:52:21.088Z] E0211 12:52:21.086939    9376 watch.go:40] Failed to load config from "c:\\Users\\USUARIO\\Documents\\tpAngularAPI\\dataconnect": could not find dataconnect.yaml in `c:\Users\USUARIO\Documents\tpAngularAPI\dataconnect`
 {"metadata":{"emulator":{"name":"dataconnect"},"message":"E0211 12:52:21.086939    9376 watch.go:40] Failed to load config from \"c:\\\\Users\\\\USUARIO\\\\Documents\\\\tpAngularAPI\\\\dataconnect\": could not find dataconnect.yaml in `c:\\Users\\USUARIO\\Documents\\tpAngularAPI\\dataconnect`\n"}}
[debug] [2026-02-11T15:52:31.087Z] E0211 12:52:31.086648    9376 watch.go:40] Failed to load config from "c:\\Users\\USUARIO\\Documents\\tpAngularAPI\\dataconnect": could not find dataconnect.yaml in `c:\Users\USUARIO\Documents\tpAngularAPI\dataconnect`
 {"metadata":{"emulator":{"name":"dataconnect"},"message":"E0211 12:52:31.086648    9376 watch.go:40] Failed to load config from \"c:\\\\Users\\\\USUARIO\\\\Documents\\\\tpAngularAPI\\\\dataconnect\": could not find dataconnect.yaml in `c:\\Users\\USUARIO\\Documents\\tpAngularAPI\\dataconnect`\n"}}
[debug] [2026-02-11T15:52:41.086Z] E0211 12:52:41.087309    9376 watch.go:40] Failed to load config from "c:\\Users\\USUARIO\\Documents\\tpAngularAPI\\dataconnect": could not find dataconnect.yaml in `c:\Users\USUARIO\Documents\tpAngularAPI\dataconnect`
 {"metadata":{"emulator":{"name":"dataconnect"},"message":"E0211 12:52:41.087309    9376 watch.go:40] Failed to load config from \"c:\\\\Users\\\\USUARIO\\\\Documents\\\\tpAngularAPI\\\\dataconnect\": could not find dataconnect.yaml in `c:\\Users\\USUARIO\\Documents\\tpAngularAPI\\dataconnect`\n"}}
[debug] [2026-02-11T15:52:51.086Z] E0211 12:52:51.086657    9376 watch.go:40] Failed to load config from "c:\\Users\\USUARIO\\Documents\\tpAngularAPI\\dataconnect": could not find dataconnect.yaml in `c:\Users\USUARIO\Documents\tpAngularAPI\dataconnect`
 {"metadata":{"emulator":{"name":"dataconnect"},"message":"E0211 12:52:51.086657    9376 watch.go:40] Failed to load config from \"c:\\\\Users\\\\USUARIO\\\\Documents\\\\tpAngularAPI\\\\dataconnect\": could not find dataconnect.yaml in `c:\\Users\\USUARIO\\Documents\\tpAngularAPI\\dataconnect`\n"}}
[debug] [2026-02-11T15:53:01.086Z] E0211 12:53:01.086578    9376 watch.go:40] Failed to load config from "c:\\Users\\USUARIO\\Documents\\tpAngularAPI\\dataconnect": could not find dataconnect.yaml in `c:\Users\USUARIO\Documents\tpAngularAPI\dataconnect`
 {"metadata":{"emulator":{"name":"dataconnect"},"message":"E0211 12:53:01.086578    9376 watch.go:40] Failed to load config from \"c:\\\\Users\\\\USUARIO\\\\Documents\\\\tpAngularAPI\\\\dataconnect\": could not find dataconnect.yaml in `c:\\Users\\USUARIO\\Documents\\tpAngularAPI\\dataconnect`\n"}}
[debug] [2026-02-11T15:53:11.086Z] E0211 12:53:11.086691    9376 watch.go:40] Failed to load config from "c:\\Users\\USUARIO\\Documents\\tpAngularAPI\\dataconnect": could not find dataconnect.yaml in `c:\Users\USUARIO\Documents\tpAngularAPI\dataconnect`
 {"metadata":{"emulator":{"name":"dataconnect"},"message":"E0211 12:53:11.086691    9376 watch.go:40] Failed to load config from \"c:\\\\Users\\\\USUARIO\\\\Documents\\\\tpAngularAPI\\\\dataconnect\": could not find dataconnect.yaml in `c:\\Users\\USUARIO\\Documents\\tpAngularAPI\\dataconnect`\n"}}
[debug] [2026-02-11T15:53:21.086Z] E0211 12:53:21.086879    9376 watch.go:116] watchAllDir unable to walk dir `c:\Users\USUARIO\Documents\tpAngularAPI\dataconnect`: CreateFile c:\Users\USUARIO\Documents\tpAngularAPI\dataconnect: The system cannot find the file specified.
 {"metadata":{"emulator":{"name":"dataconnect"},"message":"E0211 12:53:21.086879    9376 watch.go:116] watchAllDir unable to walk dir `c:\\Users\\USUARIO\\Documents\\tpAngularAPI\\dataconnect`: CreateFile c:\\Users\\USUARIO\\Documents\\tpAngularAPI\\dataconnect: The system cannot find the file specified.\n"}}
[debug] [2026-02-11T15:53:21.088Z] E0211 12:53:21.088881    9376 watch.go:40] Failed to load config from "c:\\Users\\USUARIO\\Documents\\tpAngularAPI\\dataconnect": could not find dataconnect.yaml in `c:\Users\USUARIO\Documents\tpAngularAPI\dataconnect`
 {"metadata":{"emulator":{"name":"dataconnect"},"message":"E0211 12:53:21.088881    9376 watch.go:40] Failed to load config from \"c:\\\\Users\\\\USUARIO\\\\Documents\\\\tpAngularAPI\\\\dataconnect\": could not find dataconnect.yaml in `c:\\Users\\USUARIO\\Documents\\tpAngularAPI\\dataconnect`\n"}}
[debug] [2026-02-11T15:53:31.086Z] E0211 12:53:31.086790    9376 watch.go:40] Failed to load config from "c:\\Users\\USUARIO\\Documents\\tpAngularAPI\\dataconnect": could not find dataconnect.yaml in `c:\Users\USUARIO\Documents\tpAngularAPI\dataconnect`
 {"metadata":{"emulator":{"name":"dataconnect"},"message":"E0211 12:53:31.086790    9376 watch.go:40] Failed to load config from \"c:\\\\Users\\\\USUARIO\\\\Documents\\\\tpAngularAPI\\\\dataconnect\": could not find dataconnect.yaml in `c:\\Users\\USUARIO\\Documents\\tpAngularAPI\\dataconnect`\n"}}
[debug] [2026-02-11T15:53:41.086Z] E0211 12:53:41.086598    9376 watch.go:40] Failed to load config from "c:\\Users\\USUARIO\\Documents\\tpAngularAPI\\dataconnect": could not find dataconnect.yaml in `c:\Users\USUARIO\Documents\tpAngularAPI\dataconnect`
 {"metadata":{"emulator":{"name":"dataconnect"},"message":"E0211 12:53:41.086598    9376 watch.go:40] Failed to load config from \"c:\\\\Users\\\\USUARIO\\\\Documents\\\\tpAngularAPI\\\\dataconnect\": could not find dataconnect.yaml in `c:\\Users\\USUARIO\\Documents\\tpAngularAPI\\dataconnect`\n"}}
[debug] [2026-02-11T15:53:51.087Z] E0211 12:53:51.086896    9376 watch.go:40] Failed to load config from "c:\\Users\\USUARIO\\Documents\\tpAngularAPI\\dataconnect": could not find dataconnect.yaml in `c:\Users\USUARIO\Documents\tpAngularAPI\dataconnect`
 {"metadata":{"emulator":{"name":"dataconnect"},"message":"E0211 12:53:51.086896    9376 watch.go:40] Failed to load config from \"c:\\\\Users\\\\USUARIO\\\\Documents\\\\tpAngularAPI\\\\dataconnect\": could not find dataconnect.yaml in `c:\\Users\\USUARIO\\Documents\\tpAngularAPI\\dataconnect`\n"}}
[debug] [2026-02-11T15:54:01.087Z] E0211 12:54:01.087042    9376 watch.go:40] Failed to load config from "c:\\Users\\USUARIO\\Documents\\tpAngularAPI\\dataconnect": could not find dataconnect.yaml in `c:\Users\USUARIO\Documents\tpAngularAPI\dataconnect`
 {"metadata":{"emulator":{"name":"dataconnect"},"message":"E0211 12:54:01.087042    9376 watch.go:40] Failed to load config from \"c:\\\\Users\\\\USUARIO\\\\Documents\\\\tpAngularAPI\\\\dataconnect\": could not find dataconnect.yaml in `c:\\Users\\USUARIO\\Documents\\tpAngularAPI\\dataconnect`\n"}}
[debug] [2026-02-11T15:54:11.086Z] E0211 12:54:11.086565    9376 watch.go:40] Failed to load config from "c:\\Users\\USUARIO\\Documents\\tpAngularAPI\\dataconnect": could not find dataconnect.yaml in `c:\Users\USUARIO\Documents\tpAngularAPI\dataconnect`
 {"metadata":{"emulator":{"name":"dataconnect"},"message":"E0211 12:54:11.086565    9376 watch.go:40] Failed to load config from \"c:\\\\Users\\\\USUARIO\\\\Documents\\\\tpAngularAPI\\\\dataconnect\": could not find dataconnect.yaml in `c:\\Users\\USUARIO\\Documents\\tpAngularAPI\\dataconnect`\n"}}
[debug] [2026-02-11T15:54:21.086Z] E0211 12:54:21.086669    9376 watch.go:116] watchAllDir unable to walk dir `c:\Users\USUARIO\Documents\tpAngularAPI\dataconnect`: CreateFile c:\Users\USUARIO\Documents\tpAngularAPI\dataconnect: The system cannot find the file specified.
 {"metadata":{"emulator":{"name":"dataconnect"},"message":"E0211 12:54:21.086669    9376 watch.go:116] watchAllDir unable to walk dir `c:\\Users\\USUARIO\\Documents\\tpAngularAPI\\dataconnect`: CreateFile c:\\Users\\USUARIO\\Documents\\tpAngularAPI\\dataconnect: The system cannot find the file specified.\n"}}
[debug] [2026-02-11T15:54:21.088Z] E0211 12:54:21.086669    9376 watch.go:40] Failed to load config from "c:\\Users\\USUARIO\\Documents\\tpAngularAPI\\dataconnect": could not find dataconnect.yaml in `c:\Users\USUARIO\Documents\tpAngularAPI\dataconnect`
 {"metadata":{"emulator":{"name":"dataconnect"},"message":"E0211 12:54:21.086669    9376 watch.go:40] Failed to load config from \"c:\\\\Users\\\\USUARIO\\\\Documents\\\\tpAngularAPI\\\\dataconnect\": could not find dataconnect.yaml in `c:\\Users\\USUARIO\\Documents\\tpAngularAPI\\dataconnect`\n"}}
[debug] [2026-02-11T15:54:31.087Z] E0211 12:54:31.087320    9376 watch.go:40] Failed to load config from "c:\\Users\\USUARIO\\Documents\\tpAngularAPI\\dataconnect": could not find dataconnect.yaml in `c:\Users\USUARIO\Documents\tpAngularAPI\dataconnect`
 {"metadata":{"emulator":{"name":"dataconnect"},"message":"E0211 12:54:31.087320    9376 watch.go:40] Failed to load config from \"c:\\\\Users\\\\USUARIO\\\\Documents\\\\tpAngularAPI\\\\dataconnect\": could not find dataconnect.yaml in `c:\\Users\\USUARIO\\Documents\\tpAngularAPI\\dataconnect`\n"}}
[debug] [2026-02-11T15:54:41.087Z] E0211 12:54:41.086814    9376 watch.go:40] Failed to load config from "c:\\Users\\USUARIO\\Documents\\tpAngularAPI\\dataconnect": could not find dataconnect.yaml in `c:\Users\USUARIO\Documents\tpAngularAPI\dataconnect`
 {"metadata":{"emulator":{"name":"dataconnect"},"message":"E0211 12:54:41.086814    9376 watch.go:40] Failed to load config from \"c:\\\\Users\\\\USUARIO\\\\Documents\\\\tpAngularAPI\\\\dataconnect\": could not find dataconnect.yaml in `c:\\Users\\USUARIO\\Documents\\tpAngularAPI\\dataconnect`\n"}}
[debug] [2026-02-11T15:54:51.087Z] E0211 12:54:51.086808    9376 watch.go:40] Failed to load config from "c:\\Users\\USUARIO\\Documents\\tpAngularAPI\\dataconnect": could not find dataconnect.yaml in `c:\Users\USUARIO\Documents\tpAngularAPI\dataconnect`
 {"metadata":{"emulator":{"name":"dataconnect"},"message":"E0211 12:54:51.086808    9376 watch.go:40] Failed to load config from \"c:\\\\Users\\\\USUARIO\\\\Documents\\\\tpAngularAPI\\\\dataconnect\": could not find dataconnect.yaml in `c:\\Users\\USUARIO\\Documents\\tpAngularAPI\\dataconnect`\n"}}
[debug] [2026-02-11T15:55:01.087Z] E0211 12:55:01.087084    9376 watch.go:40] Failed to load config from "c:\\Users\\USUARIO\\Documents\\tpAngularAPI\\dataconnect": could not find dataconnect.yaml in `c:\Users\USUARIO\Documents\tpAngularAPI\dataconnect`
 {"metadata":{"emulator":{"name":"dataconnect"},"message":"E0211 12:55:01.087084    9376 watch.go:40] Failed to load config from \"c:\\\\Users\\\\USUARIO\\\\Documents\\\\tpAngularAPI\\\\dataconnect\": could not find dataconnect.yaml in `c:\\Users\\USUARIO\\Documents\\tpAngularAPI\\dataconnect`\n"}}
[debug] [2026-02-11T15:55:11.087Z] E0211 12:55:11.086938    9376 watch.go:40] Failed to load config from "c:\\Users\\USUARIO\\Documents\\tpAngularAPI\\dataconnect": could not find dataconnect.yaml in `c:\Users\USUARIO\Documents\tpAngularAPI\dataconnect`
 {"metadata":{"emulator":{"name":"dataconnect"},"message":"E0211 12:55:11.086938    9376 watch.go:40] Failed to load config from \"c:\\\\Users\\\\USUARIO\\\\Documents\\\\tpAngularAPI\\\\dataconnect\": could not find dataconnect.yaml in `c:\\Users\\USUARIO\\Documents\\tpAngularAPI\\dataconnect`\n"}}
[debug] [2026-02-11T15:55:21.087Z] E0211 12:55:21.086815    9376 watch.go:116] watchAllDir unable to walk dir `c:\Users\USUARIO\Documents\tpAngularAPI\dataconnect`: CreateFile c:\Users\USUARIO\Documents\tpAngularAPI\dataconnect: The system cannot find the file specified.
 {"metadata":{"emulator":{"name":"dataconnect"},"message":"E0211 12:55:21.086815    9376 watch.go:116] watchAllDir unable to walk dir `c:\\Users\\USUARIO\\Documents\\tpAngularAPI\\dataconnect`: CreateFile c:\\Users\\USUARIO\\Documents\\tpAngularAPI\\dataconnect: The system cannot find the file specified.\n"}}
[debug] [2026-02-11T15:55:21.088Z] E0211 12:55:21.086815    9376 watch.go:40] Failed to load config from "c:\\Users\\USUARIO\\Documents\\tpAngularAPI\\dataconnect": could not find dataconnect.yaml in `c:\Users\USUARIO\Documents\tpAngularAPI\dataconnect`
 {"metadata":{"emulator":{"name":"dataconnect"},"message":"E0211 12:55:21.086815    9376 watch.go:40] Failed to load config from \"c:\\\\Users\\\\USUARIO\\\\Documents\\\\tpAngularAPI\\\\dataconnect\": could not find dataconnect.yaml in `c:\\Users\\USUARIO\\Documents\\tpAngularAPI\\dataconnect`\n"}}
[debug] [2026-02-11T15:55:31.087Z] E0211 12:55:31.086786    9376 watch.go:40] Failed to load config from "c:\\Users\\USUARIO\\Documents\\tpAngularAPI\\dataconnect": could not find dataconnect.yaml in `c:\Users\USUARIO\Documents\tpAngularAPI\dataconnect`
 {"metadata":{"emulator":{"name":"dataconnect"},"message":"E0211 12:55:31.086786    9376 watch.go:40] Failed to load config from \"c:\\\\Users\\\\USUARIO\\\\Documents\\\\tpAngularAPI\\\\dataconnect\": could not find dataconnect.yaml in `c:\\Users\\USUARIO\\Documents\\tpAngularAPI\\dataconnect`\n"}}
[debug] [2026-02-11T15:55:41.087Z] E0211 12:55:41.086568    9376 watch.go:40] Failed to load config from "c:\\Users\\USUARIO\\Documents\\tpAngularAPI\\dataconnect": could not find dataconnect.yaml in `c:\Users\USUARIO\Documents\tpAngularAPI\dataconnect`
 {"metadata":{"emulator":{"name":"dataconnect"},"message":"E0211 12:55:41.086568    9376 watch.go:40] Failed to load config from \"c:\\\\Users\\\\USUARIO\\\\Documents\\\\tpAngularAPI\\\\dataconnect\": could not find dataconnect.yaml in `c:\\Users\\USUARIO\\Documents\\tpAngularAPI\\dataconnect`\n"}}
[debug] [2026-02-11T15:55:51.087Z] E0211 12:55:51.086822    9376 watch.go:40] Failed to load config from "c:\\Users\\USUARIO\\Documents\\tpAngularAPI\\dataconnect": could not find dataconnect.yaml in `c:\Users\USUARIO\Documents\tpAngularAPI\dataconnect`
 {"metadata":{"emulator":{"name":"dataconnect"},"message":"E0211 12:55:51.086822    9376 watch.go:40] Failed to load config from \"c:\\\\Users\\\\USUARIO\\\\Documents\\\\tpAngularAPI\\\\dataconnect\": could not find dataconnect.yaml in `c:\\Users\\USUARIO\\Documents\\tpAngularAPI\\dataconnect`\n"}}
[debug] [2026-02-11T15:56:01.087Z] E0211 12:56:01.086824    9376 watch.go:40] Failed to load config from "c:\\Users\\USUARIO\\Documents\\tpAngularAPI\\dataconnect": could not find dataconnect.yaml in `c:\Users\USUARIO\Documents\tpAngularAPI\dataconnect`
 {"metadata":{"emulator":{"name":"dataconnect"},"message":"E0211 12:56:01.086824    9376 watch.go:40] Failed to load config from \"c:\\\\Users\\\\USUARIO\\\\Documents\\\\tpAngularAPI\\\\dataconnect\": could not find dataconnect.yaml in `c:\\Users\\USUARIO\\Documents\\tpAngularAPI\\dataconnect`\n"}}
[debug] [2026-02-11T15:56:11.087Z] E0211 12:56:11.086846    9376 watch.go:40] Failed to load config from "c:\\Users\\USUARIO\\Documents\\tpAngularAPI\\dataconnect": could not find dataconnect.yaml in `c:\Users\USUARIO\Documents\tpAngularAPI\dataconnect`
 {"metadata":{"emulator":{"name":"dataconnect"},"message":"E0211 12:56:11.086846    9376 watch.go:40] Failed to load config from \"c:\\\\Users\\\\USUARIO\\\\Documents\\\\tpAngularAPI\\\\dataconnect\": could not find dataconnect.yaml in `c:\\Users\\USUARIO\\Documents\\tpAngularAPI\\dataconnect`\n"}}
[debug] [2026-02-11T15:56:21.087Z] E0211 12:56:21.086836    9376 watch.go:116] watchAllDir unable to walk dir `c:\Users\USUARIO\Documents\tpAngularAPI\dataconnect`: CreateFile c:\Users\USUARIO\Documents\tpAngularAPI\dataconnect: The system cannot find the file specified.
 {"metadata":{"emulator":{"name":"dataconnect"},"message":"E0211 12:56:21.086836    9376 watch.go:116] watchAllDir unable to walk dir `c:\\Users\\USUARIO\\Documents\\tpAngularAPI\\dataconnect`: CreateFile c:\\Users\\USUARIO\\Documents\\tpAngularAPI\\dataconnect: The system cannot find the file specified.\n"}}
[debug] [2026-02-11T15:56:21.089Z] E0211 12:56:21.089460    9376 watch.go:40] Failed to load config from "c:\\Users\\USUARIO\\Documents\\tpAngularAPI\\dataconnect": could not find dataconnect.yaml in `c:\Users\USUARIO\Documents\tpAngularAPI\dataconnect`
 {"metadata":{"emulator":{"name":"dataconnect"},"message":"E0211 12:56:21.089460    9376 watch.go:40] Failed to load config from \"c:\\\\Users\\\\USUARIO\\\\Documents\\\\tpAngularAPI\\\\dataconnect\": could not find dataconnect.yaml in `c:\\Users\\USUARIO\\Documents\\tpAngularAPI\\dataconnect`\n"}}
[debug] [2026-02-11T15:56:31.087Z] E0211 12:56:31.086711    9376 watch.go:40] Failed to load config from "c:\\Users\\USUARIO\\Documents\\tpAngularAPI\\dataconnect": could not find dataconnect.yaml in `c:\Users\USUARIO\Documents\tpAngularAPI\dataconnect`
 {"metadata":{"emulator":{"name":"dataconnect"},"message":"E0211 12:56:31.086711    9376 watch.go:40] Failed to load config from \"c:\\\\Users\\\\USUARIO\\\\Documents\\\\tpAngularAPI\\\\dataconnect\": could not find dataconnect.yaml in `c:\\Users\\USUARIO\\Documents\\tpAngularAPI\\dataconnect`\n"}}
[debug] [2026-02-11T15:56:41.087Z] E0211 12:56:41.086763    9376 watch.go:40] Failed to load config from "c:\\Users\\USUARIO\\Documents\\tpAngularAPI\\dataconnect": could not find dataconnect.yaml in `c:\Users\USUARIO\Documents\tpAngularAPI\dataconnect`
 {"metadata":{"emulator":{"name":"dataconnect"},"message":"E0211 12:56:41.086763    9376 watch.go:40] Failed to load config from \"c:\\\\Users\\\\USUARIO\\\\Documents\\\\tpAngularAPI\\\\dataconnect\": could not find dataconnect.yaml in `c:\\Users\\USUARIO\\Documents\\tpAngularAPI\\dataconnect`\n"}}
[debug] [2026-02-11T15:56:51.087Z] E0211 12:56:51.086613    9376 watch.go:40] Failed to load config from "c:\\Users\\USUARIO\\Documents\\tpAngularAPI\\dataconnect": could not find dataconnect.yaml in `c:\Users\USUARIO\Documents\tpAngularAPI\dataconnect`
 {"metadata":{"emulator":{"name":"dataconnect"},"message":"E0211 12:56:51.086613    9376 watch.go:40] Failed to load config from \"c:\\\\Users\\\\USUARIO\\\\Documents\\\\tpAngularAPI\\\\dataconnect\": could not find dataconnect.yaml in `c:\\Users\\USUARIO\\Documents\\tpAngularAPI\\dataconnect`\n"}}
[debug] [2026-02-11T15:57:01.087Z] E0211 12:57:01.086789    9376 watch.go:40] Failed to load config from "c:\\Users\\USUARIO\\Documents\\tpAngularAPI\\dataconnect": could not find dataconnect.yaml in `c:\Users\USUARIO\Documents\tpAngularAPI\dataconnect`
 {"metadata":{"emulator":{"name":"dataconnect"},"message":"E0211 12:57:01.086789    9376 watch.go:40] Failed to load config from \"c:\\\\Users\\\\USUARIO\\\\Documents\\\\tpAngularAPI\\\\dataconnect\": could not find dataconnect.yaml in `c:\\Users\\USUARIO\\Documents\\tpAngularAPI\\dataconnect`\n"}}
[debug] [2026-02-11T15:57:11.087Z] E0211 12:57:11.086605    9376 watch.go:40] Failed to load config from "c:\\Users\\USUARIO\\Documents\\tpAngularAPI\\dataconnect": could not find dataconnect.yaml in `c:\Users\USUARIO\Documents\tpAngularAPI\dataconnect`
 {"metadata":{"emulator":{"name":"dataconnect"},"message":"E0211 12:57:11.086605    9376 watch.go:40] Failed to load config from \"c:\\\\Users\\\\USUARIO\\\\Documents\\\\tpAngularAPI\\\\dataconnect\": could not find dataconnect.yaml in `c:\\Users\\USUARIO\\Documents\\tpAngularAPI\\dataconnect`\n"}}
[debug] [2026-02-11T15:57:21.087Z] E0211 12:57:21.086616    9376 watch.go:116] watchAllDir unable to walk dir `c:\Users\USUARIO\Documents\tpAngularAPI\dataconnect`: CreateFile c:\Users\USUARIO\Documents\tpAngularAPI\dataconnect: The system cannot find the file specified.
 {"metadata":{"emulator":{"name":"dataconnect"},"message":"E0211 12:57:21.086616    9376 watch.go:116] watchAllDir unable to walk dir `c:\\Users\\USUARIO\\Documents\\tpAngularAPI\\dataconnect`: CreateFile c:\\Users\\USUARIO\\Documents\\tpAngularAPI\\dataconnect: The system cannot find the file specified.\n"}}
[debug] [2026-02-11T15:57:21.088Z] E0211 12:57:21.086616    9376 watch.go:40] Failed to load config from "c:\\Users\\USUARIO\\Documents\\tpAngularAPI\\dataconnect": could not find dataconnect.yaml in `c:\Users\USUARIO\Documents\tpAngularAPI\dataconnect`
 {"metadata":{"emulator":{"name":"dataconnect"},"message":"E0211 12:57:21.086616    9376 watch.go:40] Failed to load config from \"c:\\\\Users\\\\USUARIO\\\\Documents\\\\tpAngularAPI\\\\dataconnect\": could not find dataconnect.yaml in `c:\\Users\\USUARIO\\Documents\\tpAngularAPI\\dataconnect`\n"}}
[debug] [2026-02-11T15:57:31.087Z] E0211 12:57:31.086734    9376 watch.go:40] Failed to load config from "c:\\Users\\USUARIO\\Documents\\tpAngularAPI\\dataconnect": could not find dataconnect.yaml in `c:\Users\USUARIO\Documents\tpAngularAPI\dataconnect`
 {"metadata":{"emulator":{"name":"dataconnect"},"message":"E0211 12:57:31.086734    9376 watch.go:40] Failed to load config from \"c:\\\\Users\\\\USUARIO\\\\Documents\\\\tpAngularAPI\\\\dataconnect\": could not find dataconnect.yaml in `c:\\Users\\USUARIO\\Documents\\tpAngularAPI\\dataconnect`\n"}}
[debug] [2026-02-11T15:57:41.087Z] E0211 12:57:41.086595    9376 watch.go:40] Failed to load config from "c:\\Users\\USUARIO\\Documents\\tpAngularAPI\\dataconnect": could not find dataconnect.yaml in `c:\Users\USUARIO\Documents\tpAngularAPI\dataconnect`
 {"metadata":{"emulator":{"name":"dataconnect"},"message":"E0211 12:57:41.086595    9376 watch.go:40] Failed to load config from \"c:\\\\Users\\\\USUARIO\\\\Documents\\\\tpAngularAPI\\\\dataconnect\": could not find dataconnect.yaml in `c:\\Users\\USUARIO\\Documents\\tpAngularAPI\\dataconnect`\n"}}
[debug] [2026-02-11T15:57:51.086Z] E0211 12:57:51.086578    9376 watch.go:40] Failed to load config from "c:\\Users\\USUARIO\\Documents\\tpAngularAPI\\dataconnect": could not find dataconnect.yaml in `c:\Users\USUARIO\Documents\tpAngularAPI\dataconnect`
 {"metadata":{"emulator":{"name":"dataconnect"},"message":"E0211 12:57:51.086578    9376 watch.go:40] Failed to load config from \"c:\\\\Users\\\\USUARIO\\\\Documents\\\\tpAngularAPI\\\\dataconnect\": could not find dataconnect.yaml in `c:\\Users\\USUARIO\\Documents\\tpAngularAPI\\dataconnect`\n"}}
[debug] [2026-02-11T15:58:01.086Z] E0211 12:58:01.086566    9376 watch.go:40] Failed to load config from "c:\\Users\\USUARIO\\Documents\\tpAngularAPI\\dataconnect": could not find dataconnect.yaml in `c:\Users\USUARIO\Documents\tpAngularAPI\dataconnect`
 {"metadata":{"emulator":{"name":"dataconnect"},"message":"E0211 12:58:01.086566    9376 watch.go:40] Failed to load config from \"c:\\\\Users\\\\USUARIO\\\\Documents\\\\tpAngularAPI\\\\dataconnect\": could not find dataconnect.yaml in `c:\\Users\\USUARIO\\Documents\\tpAngularAPI\\dataconnect`\n"}}
[debug] [2026-02-11T15:58:11.086Z] E0211 12:58:11.086574    9376 watch.go:40] Failed to load config from "c:\\Users\\USUARIO\\Documents\\tpAngularAPI\\dataconnect": could not find dataconnect.yaml in `c:\Users\USUARIO\Documents\tpAngularAPI\dataconnect`
 {"metadata":{"emulator":{"name":"dataconnect"},"message":"E0211 12:58:11.086574    9376 watch.go:40] Failed to load config from \"c:\\\\Users\\\\USUARIO\\\\Documents\\\\tpAngularAPI\\\\dataconnect\": could not find dataconnect.yaml in `c:\\Users\\USUARIO\\Documents\\tpAngularAPI\\dataconnect`\n"}}
[debug] [2026-02-11T15:58:21.087Z] E0211 12:58:21.086846    9376 watch.go:116] watchAllDir unable to walk dir `c:\Users\USUARIO\Documents\tpAngularAPI\dataconnect`: CreateFile c:\Users\USUARIO\Documents\tpAngularAPI\dataconnect: The system cannot find the file specified.
 {"metadata":{"emulator":{"name":"dataconnect"},"message":"E0211 12:58:21.086846    9376 watch.go:116] watchAllDir unable to walk dir `c:\\Users\\USUARIO\\Documents\\tpAngularAPI\\dataconnect`: CreateFile c:\\Users\\USUARIO\\Documents\\tpAngularAPI\\dataconnect: The system cannot find the file specified.\n"}}
[debug] [2026-02-11T15:58:21.088Z] E0211 12:58:21.086846    9376 watch.go:40] Failed to load config from "c:\\Users\\USUARIO\\Documents\\tpAngularAPI\\dataconnect": could not find dataconnect.yaml in `c:\Users\USUARIO\Documents\tpAngularAPI\dataconnect`
 {"metadata":{"emulator":{"name":"dataconnect"},"message":"E0211 12:58:21.086846    9376 watch.go:40] Failed to load config from \"c:\\\\Users\\\\USUARIO\\\\Documents\\\\tpAngularAPI\\\\dataconnect\": could not find dataconnect.yaml in `c:\\Users\\USUARIO\\Documents\\tpAngularAPI\\dataconnect`\n"}}
[debug] [2026-02-11T15:58:31.088Z] E0211 12:58:31.088554    9376 watch.go:40] Failed to load config from "c:\\Users\\USUARIO\\Documents\\tpAngularAPI\\dataconnect": could not find dataconnect.yaml in `c:\Users\USUARIO\Documents\tpAngularAPI\dataconnect`
 {"metadata":{"emulator":{"name":"dataconnect"},"message":"E0211 12:58:31.088554    9376 watch.go:40] Failed to load config from \"c:\\\\Users\\\\USUARIO\\\\Documents\\\\tpAngularAPI\\\\dataconnect\": could not find dataconnect.yaml in `c:\\Users\\USUARIO\\Documents\\tpAngularAPI\\dataconnect`\n"}}
[debug] [2026-02-11T15:58:41.087Z] E0211 12:58:41.086839    9376 watch.go:40] Failed to load config from "c:\\Users\\USUARIO\\Documents\\tpAngularAPI\\dataconnect": could not find dataconnect.yaml in `c:\Users\USUARIO\Documents\tpAngularAPI\dataconnect`
 {"metadata":{"emulator":{"name":"dataconnect"},"message":"E0211 12:58:41.086839    9376 watch.go:40] Failed to load config from \"c:\\\\Users\\\\USUARIO\\\\Documents\\\\tpAngularAPI\\\\dataconnect\": could not find dataconnect.yaml in `c:\\Users\\USUARIO\\Documents\\tpAngularAPI\\dataconnect`\n"}}
[debug] [2026-02-11T15:58:51.087Z] E0211 12:58:51.086577    9376 watch.go:40] Failed to load config from "c:\\Users\\USUARIO\\Documents\\tpAngularAPI\\dataconnect": could not find dataconnect.yaml in `c:\Users\USUARIO\Documents\tpAngularAPI\dataconnect`
 {"metadata":{"emulator":{"name":"dataconnect"},"message":"E0211 12:58:51.086577    9376 watch.go:40] Failed to load config from \"c:\\\\Users\\\\USUARIO\\\\Documents\\\\tpAngularAPI\\\\dataconnect\": could not find dataconnect.yaml in `c:\\Users\\USUARIO\\Documents\\tpAngularAPI\\dataconnect`\n"}}
[debug] [2026-02-11T15:59:01.087Z] E0211 12:59:01.086561    9376 watch.go:40] Failed to load config from "c:\\Users\\USUARIO\\Documents\\tpAngularAPI\\dataconnect": could not find dataconnect.yaml in `c:\Users\USUARIO\Documents\tpAngularAPI\dataconnect`
 {"metadata":{"emulator":{"name":"dataconnect"},"message":"E0211 12:59:01.086561    9376 watch.go:40] Failed to load config from \"c:\\\\Users\\\\USUARIO\\\\Documents\\\\tpAngularAPI\\\\dataconnect\": could not find dataconnect.yaml in `c:\\Users\\USUARIO\\Documents\\tpAngularAPI\\dataconnect`\n"}}
[debug] [2026-02-11T15:59:11.087Z] E0211 12:59:11.086573    9376 watch.go:40] Failed to load config from "c:\\Users\\USUARIO\\Documents\\tpAngularAPI\\dataconnect": could not find dataconnect.yaml in `c:\Users\USUARIO\Documents\tpAngularAPI\dataconnect`
 {"metadata":{"emulator":{"name":"dataconnect"},"message":"E0211 12:59:11.086573    9376 watch.go:40] Failed to load config from \"c:\\\\Users\\\\USUARIO\\\\Documents\\\\tpAngularAPI\\\\dataconnect\": could not find dataconnect.yaml in `c:\\Users\\USUARIO\\Documents\\tpAngularAPI\\dataconnect`\n"}}
[debug] [2026-02-11T15:59:21.087Z] E0211 12:59:21.086820    9376 watch.go:40] Failed to load config from "c:\\Users\\USUARIO\\Documents\\tpAngularAPI\\dataconnect": could not find dataconnect.yaml in `c:\Users\USUARIO\Documents\tpAngularAPI\dataconnect`
 {"metadata":{"emulator":{"name":"dataconnect"},"message":"E0211 12:59:21.086820    9376 watch.go:40] Failed to load config from \"c:\\\\Users\\\\USUARIO\\\\Documents\\\\tpAngularAPI\\\\dataconnect\": could not find dataconnect.yaml in `c:\\Users\\USUARIO\\Documents\\tpAngularAPI\\dataconnect`\n"}}
[debug] [2026-02-11T15:59:21.108Z] E0211 12:59:21.108695    9376 watch.go:116] watchAllDir unable to walk dir `c:\Users\USUARIO\Documents\tpAngularAPI\dataconnect`: CreateFile c:\Users\USUARIO\Documents\tpAngularAPI\dataconnect: The system cannot find the file specified.
 {"metadata":{"emulator":{"name":"dataconnect"},"message":"E0211 12:59:21.108695    9376 watch.go:116] watchAllDir unable to walk dir `c:\\Users\\USUARIO\\Documents\\tpAngularAPI\\dataconnect`: CreateFile c:\\Users\\USUARIO\\Documents\\tpAngularAPI\\dataconnect: The system cannot find the file specified.\n"}}
[debug] [2026-02-11T15:59:31.087Z] E0211 12:59:31.086648    9376 watch.go:40] Failed to load config from "c:\\Users\\USUARIO\\Documents\\tpAngularAPI\\dataconnect": could not find dataconnect.yaml in `c:\Users\USUARIO\Documents\tpAngularAPI\dataconnect`
 {"metadata":{"emulator":{"name":"dataconnect"},"message":"E0211 12:59:31.086648    9376 watch.go:40] Failed to load config from \"c:\\\\Users\\\\USUARIO\\\\Documents\\\\tpAngularAPI\\\\dataconnect\": could not find dataconnect.yaml in `c:\\Users\\USUARIO\\Documents\\tpAngularAPI\\dataconnect`\n"}}
[debug] [2026-02-11T15:59:41.087Z] E0211 12:59:41.086737    9376 watch.go:40] Failed to load config from "c:\\Users\\USUARIO\\Documents\\tpAngularAPI\\dataconnect": could not find dataconnect.yaml in `c:\Users\USUARIO\Documents\tpAngularAPI\dataconnect`
 {"metadata":{"emulator":{"name":"dataconnect"},"message":"E0211 12:59:41.086737    9376 watch.go:40] Failed to load config from \"c:\\\\Users\\\\USUARIO\\\\Documents\\\\tpAngularAPI\\\\dataconnect\": could not find dataconnect.yaml in `c:\\Users\\USUARIO\\Documents\\tpAngularAPI\\dataconnect`\n"}}
[debug] [2026-02-11T15:59:51.087Z] E0211 12:59:51.087064    9376 watch.go:40] Failed to load config from "c:\\Users\\USUARIO\\Documents\\tpAngularAPI\\dataconnect": could not find dataconnect.yaml in `c:\Users\USUARIO\Documents\tpAngularAPI\dataconnect`
 {"metadata":{"emulator":{"name":"dataconnect"},"message":"E0211 12:59:51.087064    9376 watch.go:40] Failed to load config from \"c:\\\\Users\\\\USUARIO\\\\Documents\\\\tpAngularAPI\\\\dataconnect\": could not find dataconnect.yaml in `c:\\Users\\USUARIO\\Documents\\tpAngularAPI\\dataconnect`\n"}}
[debug] [2026-02-11T16:00:01.087Z] E0211 13:00:01.086826    9376 watch.go:40] Failed to load config from "c:\\Users\\USUARIO\\Documents\\tpAngularAPI\\dataconnect": could not find dataconnect.yaml in `c:\Users\USUARIO\Documents\tpAngularAPI\dataconnect`
 {"metadata":{"emulator":{"name":"dataconnect"},"message":"E0211 13:00:01.086826    9376 watch.go:40] Failed to load config from \"c:\\\\Users\\\\USUARIO\\\\Documents\\\\tpAngularAPI\\\\dataconnect\": could not find dataconnect.yaml in `c:\\Users\\USUARIO\\Documents\\tpAngularAPI\\dataconnect`\n"}}
[debug] [2026-02-11T16:00:11.087Z] E0211 13:00:11.086952    9376 watch.go:40] Failed to load config from "c:\\Users\\USUARIO\\Documents\\tpAngularAPI\\dataconnect": could not find dataconnect.yaml in `c:\Users\USUARIO\Documents\tpAngularAPI\dataconnect`
 {"metadata":{"emulator":{"name":"dataconnect"},"message":"E0211 13:00:11.086952    9376 watch.go:40] Failed to load config from \"c:\\\\Users\\\\USUARIO\\\\Documents\\\\tpAngularAPI\\\\dataconnect\": could not find dataconnect.yaml in `c:\\Users\\USUARIO\\Documents\\tpAngularAPI\\dataconnect`\n"}}
[debug] [2026-02-11T16:00:21.087Z] E0211 13:00:21.086865    9376 watch.go:116] watchAllDir unable to walk dir `c:\Users\USUARIO\Documents\tpAngularAPI\dataconnect`: CreateFile c:\Users\USUARIO\Documents\tpAngularAPI\dataconnect: The system cannot find the file specified.
 {"metadata":{"emulator":{"name":"dataconnect"},"message":"E0211 13:00:21.086865    9376 watch.go:116] watchAllDir unable to walk dir `c:\\Users\\USUARIO\\Documents\\tpAngularAPI\\dataconnect`: CreateFile c:\\Users\\USUARIO\\Documents\\tpAngularAPI\\dataconnect: The system cannot find the file specified.\n"}}
[debug] [2026-02-11T16:00:21.087Z] E0211 13:00:21.086865    9376 watch.go:40] Failed to load config from "c:\\Users\\USUARIO\\Documents\\tpAngularAPI\\dataconnect": could not find dataconnect.yaml in `c:\Users\USUARIO\Documents\tpAngularAPI\dataconnect`
 {"metadata":{"emulator":{"name":"dataconnect"},"message":"E0211 13:00:21.086865    9376 watch.go:40] Failed to load config from \"c:\\\\Users\\\\USUARIO\\\\Documents\\\\tpAngularAPI\\\\dataconnect\": could not find dataconnect.yaml in `c:\\Users\\USUARIO\\Documents\\tpAngularAPI\\dataconnect`\n"}}
[debug] [2026-02-11T16:00:31.086Z] E0211 13:00:31.086671    9376 watch.go:40] Failed to load config from "c:\\Users\\USUARIO\\Documents\\tpAngularAPI\\dataconnect": could not find dataconnect.yaml in `c:\Users\USUARIO\Documents\tpAngularAPI\dataconnect`
 {"metadata":{"emulator":{"name":"dataconnect"},"message":"E0211 13:00:31.086671    9376 watch.go:40] Failed to load config from \"c:\\\\Users\\\\USUARIO\\\\Documents\\\\tpAngularAPI\\\\dataconnect\": could not find dataconnect.yaml in `c:\\Users\\USUARIO\\Documents\\tpAngularAPI\\dataconnect`\n"}}
[debug] [2026-02-11T16:00:41.088Z] E0211 13:00:41.088378    9376 watch.go:40] Failed to load config from "c:\\Users\\USUARIO\\Documents\\tpAngularAPI\\dataconnect": could not find dataconnect.yaml in `c:\Users\USUARIO\Documents\tpAngularAPI\dataconnect`
 {"metadata":{"emulator":{"name":"dataconnect"},"message":"E0211 13:00:41.088378    9376 watch.go:40] Failed to load config from \"c:\\\\Users\\\\USUARIO\\\\Documents\\\\tpAngularAPI\\\\dataconnect\": could not find dataconnect.yaml in `c:\\Users\\USUARIO\\Documents\\tpAngularAPI\\dataconnect`\n"}}
[debug] [2026-02-11T16:00:51.087Z] E0211 13:00:51.086587    9376 watch.go:40] Failed to load config from "c:\\Users\\USUARIO\\Documents\\tpAngularAPI\\dataconnect": could not find dataconnect.yaml in `c:\Users\USUARIO\Documents\tpAngularAPI\dataconnect`
 {"metadata":{"emulator":{"name":"dataconnect"},"message":"E0211 13:00:51.086587    9376 watch.go:40] Failed to load config from \"c:\\\\Users\\\\USUARIO\\\\Documents\\\\tpAngularAPI\\\\dataconnect\": could not find dataconnect.yaml in `c:\\Users\\USUARIO\\Documents\\tpAngularAPI\\dataconnect`\n"}}
[debug] [2026-02-11T16:01:01.087Z] E0211 13:01:01.086771    9376 watch.go:40] Failed to load config from "c:\\Users\\USUARIO\\Documents\\tpAngularAPI\\dataconnect": could not find dataconnect.yaml in `c:\Users\USUARIO\Documents\tpAngularAPI\dataconnect`
 {"metadata":{"emulator":{"name":"dataconnect"},"message":"E0211 13:01:01.086771    9376 watch.go:40] Failed to load config from \"c:\\\\Users\\\\USUARIO\\\\Documents\\\\tpAngularAPI\\\\dataconnect\": could not find dataconnect.yaml in `c:\\Users\\USUARIO\\Documents\\tpAngularAPI\\dataconnect`\n"}}
[debug] [2026-02-11T16:01:11.087Z] E0211 13:01:11.087136    9376 watch.go:40] Failed to load config from "c:\\Users\\USUARIO\\Documents\\tpAngularAPI\\dataconnect": could not find dataconnect.yaml in `c:\Users\USUARIO\Documents\tpAngularAPI\dataconnect`
 {"metadata":{"emulator":{"name":"dataconnect"},"message":"E0211 13:01:11.087136    9376 watch.go:40] Failed to load config from \"c:\\\\Users\\\\USUARIO\\\\Documents\\\\tpAngularAPI\\\\dataconnect\": could not find dataconnect.yaml in `c:\\Users\\USUARIO\\Documents\\tpAngularAPI\\dataconnect`\n"}}
[debug] [2026-02-11T16:01:21.087Z] E0211 13:01:21.086753    9376 watch.go:116] watchAllDir unable to walk dir `c:\Users\USUARIO\Documents\tpAngularAPI\dataconnect`: CreateFile c:\Users\USUARIO\Documents\tpAngularAPI\dataconnect: The system cannot find the file specified.
 {"metadata":{"emulator":{"name":"dataconnect"},"message":"E0211 13:01:21.086753    9376 watch.go:116] watchAllDir unable to walk dir `c:\\Users\\USUARIO\\Documents\\tpAngularAPI\\dataconnect`: CreateFile c:\\Users\\USUARIO\\Documents\\tpAngularAPI\\dataconnect: The system cannot find the file specified.\n"}}
[debug] [2026-02-11T16:01:21.088Z] E0211 13:01:21.086753    9376 watch.go:40] Failed to load config from "c:\\Users\\USUARIO\\Documents\\tpAngularAPI\\dataconnect": could not find dataconnect.yaml in `c:\Users\USUARIO\Documents\tpAngularAPI\dataconnect`
 {"metadata":{"emulator":{"name":"dataconnect"},"message":"E0211 13:01:21.086753    9376 watch.go:40] Failed to load config from \"c:\\\\Users\\\\USUARIO\\\\Documents\\\\tpAngularAPI\\\\dataconnect\": could not find dataconnect.yaml in `c:\\Users\\USUARIO\\Documents\\tpAngularAPI\\dataconnect`\n"}}
[debug] [2026-02-11T16:01:31.087Z] E0211 13:01:31.086765    9376 watch.go:40] Failed to load config from "c:\\Users\\USUARIO\\Documents\\tpAngularAPI\\dataconnect": could not find dataconnect.yaml in `c:\Users\USUARIO\Documents\tpAngularAPI\dataconnect`
 {"metadata":{"emulator":{"name":"dataconnect"},"message":"E0211 13:01:31.086765    9376 watch.go:40] Failed to load config from \"c:\\\\Users\\\\USUARIO\\\\Documents\\\\tpAngularAPI\\\\dataconnect\": could not find dataconnect.yaml in `c:\\Users\\USUARIO\\Documents\\tpAngularAPI\\dataconnect`\n"}}
[debug] [2026-02-11T16:01:41.087Z] E0211 13:01:41.086668    9376 watch.go:40] Failed to load config from "c:\\Users\\USUARIO\\Documents\\tpAngularAPI\\dataconnect": could not find dataconnect.yaml in `c:\Users\USUARIO\Documents\tpAngularAPI\dataconnect`
 {"metadata":{"emulator":{"name":"dataconnect"},"message":"E0211 13:01:41.086668    9376 watch.go:40] Failed to load config from \"c:\\\\Users\\\\USUARIO\\\\Documents\\\\tpAngularAPI\\\\dataconnect\": could not find dataconnect.yaml in `c:\\Users\\USUARIO\\Documents\\tpAngularAPI\\dataconnect`\n"}}
[debug] [2026-02-11T16:01:51.086Z] E0211 13:01:51.086874    9376 watch.go:40] Failed to load config from "c:\\Users\\USUARIO\\Documents\\tpAngularAPI\\dataconnect": could not find dataconnect.yaml in `c:\Users\USUARIO\Documents\tpAngularAPI\dataconnect`
 {"metadata":{"emulator":{"name":"dataconnect"},"message":"E0211 13:01:51.086874    9376 watch.go:40] Failed to load config from \"c:\\\\Users\\\\USUARIO\\\\Documents\\\\tpAngularAPI\\\\dataconnect\": could not find dataconnect.yaml in `c:\\Users\\USUARIO\\Documents\\tpAngularAPI\\dataconnect`\n"}}
[debug] [2026-02-11T16:02:01.086Z] E0211 13:02:01.086824    9376 watch.go:40] Failed to load config from "c:\\Users\\USUARIO\\Documents\\tpAngularAPI\\dataconnect": could not find dataconnect.yaml in `c:\Users\USUARIO\Documents\tpAngularAPI\dataconnect`
 {"metadata":{"emulator":{"name":"dataconnect"},"message":"E0211 13:02:01.086824    9376 watch.go:40] Failed to load config from \"c:\\\\Users\\\\USUARIO\\\\Documents\\\\tpAngularAPI\\\\dataconnect\": could not find dataconnect.yaml in `c:\\Users\\USUARIO\\Documents\\tpAngularAPI\\dataconnect`\n"}}
[debug] [2026-02-11T16:02:11.086Z] E0211 13:02:11.086574    9376 watch.go:40] Failed to load config from "c:\\Users\\USUARIO\\Documents\\tpAngularAPI\\dataconnect": could not find dataconnect.yaml in `c:\Users\USUARIO\Documents\tpAngularAPI\dataconnect`
 {"metadata":{"emulator":{"name":"dataconnect"},"message":"E0211 13:02:11.086574    9376 watch.go:40] Failed to load config from \"c:\\\\Users\\\\USUARIO\\\\Documents\\\\tpAngularAPI\\\\dataconnect\": could not find dataconnect.yaml in `c:\\Users\\USUARIO\\Documents\\tpAngularAPI\\dataconnect`\n"}}
[debug] [2026-02-11T16:02:21.086Z] E0211 13:02:21.087043    9376 watch.go:116] watchAllDir unable to walk dir `c:\Users\USUARIO\Documents\tpAngularAPI\dataconnect`: CreateFile c:\Users\USUARIO\Documents\tpAngularAPI\dataconnect: The system cannot find the file specified.
 {"metadata":{"emulator":{"name":"dataconnect"},"message":"E0211 13:02:21.087043    9376 watch.go:116] watchAllDir unable to walk dir `c:\\Users\\USUARIO\\Documents\\tpAngularAPI\\dataconnect`: CreateFile c:\\Users\\USUARIO\\Documents\\tpAngularAPI\\dataconnect: The system cannot find the file specified.\n"}}
[debug] [2026-02-11T16:02:21.087Z] E0211 13:02:21.087043    9376 watch.go:40] Failed to load config from "c:\\Users\\USUARIO\\Documents\\tpAngularAPI\\dataconnect": could not find dataconnect.yaml in `c:\Users\USUARIO\Documents\tpAngularAPI\dataconnect`
 {"metadata":{"emulator":{"name":"dataconnect"},"message":"E0211 13:02:21.087043    9376 watch.go:40] Failed to load config from \"c:\\\\Users\\\\USUARIO\\\\Documents\\\\tpAngularAPI\\\\dataconnect\": could not find dataconnect.yaml in `c:\\Users\\USUARIO\\Documents\\tpAngularAPI\\dataconnect`\n"}}
[debug] [2026-02-11T16:02:31.087Z] E0211 13:02:31.087375    9376 watch.go:40] Failed to load config from "c:\\Users\\USUARIO\\Documents\\tpAngularAPI\\dataconnect": could not find dataconnect.yaml in `c:\Users\USUARIO\Documents\tpAngularAPI\dataconnect`
 {"metadata":{"emulator":{"name":"dataconnect"},"message":"E0211 13:02:31.087375    9376 watch.go:40] Failed to load config from \"c:\\\\Users\\\\USUARIO\\\\Documents\\\\tpAngularAPI\\\\dataconnect\": could not find dataconnect.yaml in `c:\\Users\\USUARIO\\Documents\\tpAngularAPI\\dataconnect`\n"}}
[debug] [2026-02-11T16:02:41.086Z] E0211 13:02:41.086905    9376 watch.go:40] Failed to load config from "c:\\Users\\USUARIO\\Documents\\tpAngularAPI\\dataconnect": could not find dataconnect.yaml in `c:\Users\USUARIO\Documents\tpAngularAPI\dataconnect`
 {"metadata":{"emulator":{"name":"dataconnect"},"message":"E0211 13:02:41.086905    9376 watch.go:40] Failed to load config from \"c:\\\\Users\\\\USUARIO\\\\Documents\\\\tpAngularAPI\\\\dataconnect\": could not find dataconnect.yaml in `c:\\Users\\USUARIO\\Documents\\tpAngularAPI\\dataconnect`\n"}}
[debug] [2026-02-11T16:02:51.086Z] E0211 13:02:51.086673    9376 watch.go:40] Failed to load config from "c:\\Users\\USUARIO\\Documents\\tpAngularAPI\\dataconnect": could not find dataconnect.yaml in `c:\Users\USUARIO\Documents\tpAngularAPI\dataconnect`
 {"metadata":{"emulator":{"name":"dataconnect"},"message":"E0211 13:02:51.086673    9376 watch.go:40] Failed to load config from \"c:\\\\Users\\\\USUARIO\\\\Documents\\\\tpAngularAPI\\\\dataconnect\": could not find dataconnect.yaml in `c:\\Users\\USUARIO\\Documents\\tpAngularAPI\\dataconnect`\n"}}
[debug] [2026-02-11T16:03:01.086Z] E0211 13:03:01.086552    9376 watch.go:40] Failed to load config from "c:\\Users\\USUARIO\\Documents\\tpAngularAPI\\dataconnect": could not find dataconnect.yaml in `c:\Users\USUARIO\Documents\tpAngularAPI\dataconnect`
 {"metadata":{"emulator":{"name":"dataconnect"},"message":"E0211 13:03:01.086552    9376 watch.go:40] Failed to load config from \"c:\\\\Users\\\\USUARIO\\\\Documents\\\\tpAngularAPI\\\\dataconnect\": could not find dataconnect.yaml in `c:\\Users\\USUARIO\\Documents\\tpAngularAPI\\dataconnect`\n"}}
[debug] [2026-02-11T16:03:11.086Z] E0211 13:03:11.086956    9376 watch.go:40] Failed to load config from "c:\\Users\\USUARIO\\Documents\\tpAngularAPI\\dataconnect": could not find dataconnect.yaml in `c:\Users\USUARIO\Documents\tpAngularAPI\dataconnect`
 {"metadata":{"emulator":{"name":"dataconnect"},"message":"E0211 13:03:11.086956    9376 watch.go:40] Failed to load config from \"c:\\\\Users\\\\USUARIO\\\\Documents\\\\tpAngularAPI\\\\dataconnect\": could not find dataconnect.yaml in `c:\\Users\\USUARIO\\Documents\\tpAngularAPI\\dataconnect`\n"}}
[debug] [2026-02-11T16:03:21.086Z] E0211 13:03:21.086747    9376 watch.go:116] watchAllDir unable to walk dir `c:\Users\USUARIO\Documents\tpAngularAPI\dataconnect`: CreateFile c:\Users\USUARIO\Documents\tpAngularAPI\dataconnect: The system cannot find the file specified.
 {"metadata":{"emulator":{"name":"dataconnect"},"message":"E0211 13:03:21.086747    9376 watch.go:116] watchAllDir unable to walk dir `c:\\Users\\USUARIO\\Documents\\tpAngularAPI\\dataconnect`: CreateFile c:\\Users\\USUARIO\\Documents\\tpAngularAPI\\dataconnect: The system cannot find the file specified.\n"}}
[debug] [2026-02-11T16:03:21.087Z] E0211 13:03:21.086747    9376 watch.go:40] Failed to load config from "c:\\Users\\USUARIO\\Documents\\tpAngularAPI\\dataconnect": could not find dataconnect.yaml in `c:\Users\USUARIO\Documents\tpAngularAPI\dataconnect`
 {"metadata":{"emulator":{"name":"dataconnect"},"message":"E0211 13:03:21.086747    9376 watch.go:40] Failed to load config from \"c:\\\\Users\\\\USUARIO\\\\Documents\\\\tpAngularAPI\\\\dataconnect\": could not find dataconnect.yaml in `c:\\Users\\USUARIO\\Documents\\tpAngularAPI\\dataconnect`\n"}}
[debug] [2026-02-11T16:03:31.086Z] E0211 13:03:31.086664    9376 watch.go:40] Failed to load config from "c:\\Users\\USUARIO\\Documents\\tpAngularAPI\\dataconnect": could not find dataconnect.yaml in `c:\Users\USUARIO\Documents\tpAngularAPI\dataconnect`
 {"metadata":{"emulator":{"name":"dataconnect"},"message":"E0211 13:03:31.086664    9376 watch.go:40] Failed to load config from \"c:\\\\Users\\\\USUARIO\\\\Documents\\\\tpAngularAPI\\\\dataconnect\": could not find dataconnect.yaml in `c:\\Users\\USUARIO\\Documents\\tpAngularAPI\\dataconnect`\n"}}
[debug] [2026-02-11T16:03:41.086Z] E0211 13:03:41.086997    9376 watch.go:40] Failed to load config from "c:\\Users\\USUARIO\\Documents\\tpAngularAPI\\dataconnect": could not find dataconnect.yaml in `c:\Users\USUARIO\Documents\tpAngularAPI\dataconnect`
 {"metadata":{"emulator":{"name":"dataconnect"},"message":"E0211 13:03:41.086997    9376 watch.go:40] Failed to load config from \"c:\\\\Users\\\\USUARIO\\\\Documents\\\\tpAngularAPI\\\\dataconnect\": could not find dataconnect.yaml in `c:\\Users\\USUARIO\\Documents\\tpAngularAPI\\dataconnect`\n"}}
[debug] [2026-02-11T16:03:51.086Z] E0211 13:03:51.086787    9376 watch.go:40] Failed to load config from "c:\\Users\\USUARIO\\Documents\\tpAngularAPI\\dataconnect": could not find dataconnect.yaml in `c:\Users\USUARIO\Documents\tpAngularAPI\dataconnect`
 {"metadata":{"emulator":{"name":"dataconnect"},"message":"E0211 13:03:51.086787    9376 watch.go:40] Failed to load config from \"c:\\\\Users\\\\USUARIO\\\\Documents\\\\tpAngularAPI\\\\dataconnect\": could not find dataconnect.yaml in `c:\\Users\\USUARIO\\Documents\\tpAngularAPI\\dataconnect`\n"}}
[debug] [2026-02-11T16:04:01.087Z] E0211 13:04:01.086936    9376 watch.go:40] Failed to load config from "c:\\Users\\USUARIO\\Documents\\tpAngularAPI\\dataconnect": could not find dataconnect.yaml in `c:\Users\USUARIO\Documents\tpAngularAPI\dataconnect`
 {"metadata":{"emulator":{"name":"dataconnect"},"message":"E0211 13:04:01.086936    9376 watch.go:40] Failed to load config from \"c:\\\\Users\\\\USUARIO\\\\Documents\\\\tpAngularAPI\\\\dataconnect\": could not find dataconnect.yaml in `c:\\Users\\USUARIO\\Documents\\tpAngularAPI\\dataconnect`\n"}}
[debug] [2026-02-11T16:04:11.087Z] E0211 13:04:11.086788    9376 watch.go:40] Failed to load config from "c:\\Users\\USUARIO\\Documents\\tpAngularAPI\\dataconnect": could not find dataconnect.yaml in `c:\Users\USUARIO\Documents\tpAngularAPI\dataconnect`
 {"metadata":{"emulator":{"name":"dataconnect"},"message":"E0211 13:04:11.086788    9376 watch.go:40] Failed to load config from \"c:\\\\Users\\\\USUARIO\\\\Documents\\\\tpAngularAPI\\\\dataconnect\": could not find dataconnect.yaml in `c:\\Users\\USUARIO\\Documents\\tpAngularAPI\\dataconnect`\n"}}
[debug] [2026-02-11T16:04:21.086Z] E0211 13:04:21.086586    9376 watch.go:116] watchAllDir unable to walk dir `c:\Users\USUARIO\Documents\tpAngularAPI\dataconnect`: CreateFile c:\Users\USUARIO\Documents\tpAngularAPI\dataconnect: The system cannot find the file specified.
 {"metadata":{"emulator":{"name":"dataconnect"},"message":"E0211 13:04:21.086586    9376 watch.go:116] watchAllDir unable to walk dir `c:\\Users\\USUARIO\\Documents\\tpAngularAPI\\dataconnect`: CreateFile c:\\Users\\USUARIO\\Documents\\tpAngularAPI\\dataconnect: The system cannot find the file specified.\n"}}
[debug] [2026-02-11T16:04:21.087Z] E0211 13:04:21.086586    9376 watch.go:40] Failed to load config from "c:\\Users\\USUARIO\\Documents\\tpAngularAPI\\dataconnect": could not find dataconnect.yaml in `c:\Users\USUARIO\Documents\tpAngularAPI\dataconnect`
 {"metadata":{"emulator":{"name":"dataconnect"},"message":"E0211 13:04:21.086586    9376 watch.go:40] Failed to load config from \"c:\\\\Users\\\\USUARIO\\\\Documents\\\\tpAngularAPI\\\\dataconnect\": could not find dataconnect.yaml in `c:\\Users\\USUARIO\\Documents\\tpAngularAPI\\dataconnect`\n"}}
[debug] [2026-02-11T16:04:31.087Z] E0211 13:04:31.086588    9376 watch.go:40] Failed to load config from "c:\\Users\\USUARIO\\Documents\\tpAngularAPI\\dataconnect": could not find dataconnect.yaml in `c:\Users\USUARIO\Documents\tpAngularAPI\dataconnect`
 {"metadata":{"emulator":{"name":"dataconnect"},"message":"E0211 13:04:31.086588    9376 watch.go:40] Failed to load config from \"c:\\\\Users\\\\USUARIO\\\\Documents\\\\tpAngularAPI\\\\dataconnect\": could not find dataconnect.yaml in `c:\\Users\\USUARIO\\Documents\\tpAngularAPI\\dataconnect`\n"}}
[debug] [2026-02-11T16:04:41.087Z] E0211 13:04:41.087276    9376 watch.go:40] Failed to load config from "c:\\Users\\USUARIO\\Documents\\tpAngularAPI\\dataconnect": could not find dataconnect.yaml in `c:\Users\USUARIO\Documents\tpAngularAPI\dataconnect`
 {"metadata":{"emulator":{"name":"dataconnect"},"message":"E0211 13:04:41.087276    9376 watch.go:40] Failed to load config from \"c:\\\\Users\\\\USUARIO\\\\Documents\\\\tpAngularAPI\\\\dataconnect\": could not find dataconnect.yaml in `c:\\Users\\USUARIO\\Documents\\tpAngularAPI\\dataconnect`\n"}}
[debug] [2026-02-11T16:04:51.087Z] E0211 13:04:51.087077    9376 watch.go:40] Failed to load config from "c:\\Users\\USUARIO\\Documents\\tpAngularAPI\\dataconnect": could not find dataconnect.yaml in `c:\Users\USUARIO\Documents\tpAngularAPI\dataconnect`
 {"metadata":{"emulator":{"name":"dataconnect"},"message":"E0211 13:04:51.087077    9376 watch.go:40] Failed to load config from \"c:\\\\Users\\\\USUARIO\\\\Documents\\\\tpAngularAPI\\\\dataconnect\": could not find dataconnect.yaml in `c:\\Users\\USUARIO\\Documents\\tpAngularAPI\\dataconnect`\n"}}
[debug] [2026-02-11T16:05:01.086Z] E0211 13:05:01.086778    9376 watch.go:40] Failed to load config from "c:\\Users\\USUARIO\\Documents\\tpAngularAPI\\dataconnect": could not find dataconnect.yaml in `c:\Users\USUARIO\Documents\tpAngularAPI\dataconnect`
 {"metadata":{"emulator":{"name":"dataconnect"},"message":"E0211 13:05:01.086778    9376 watch.go:40] Failed to load config from \"c:\\\\Users\\\\USUARIO\\\\Documents\\\\tpAngularAPI\\\\dataconnect\": could not find dataconnect.yaml in `c:\\Users\\USUARIO\\Documents\\tpAngularAPI\\dataconnect`\n"}}
[debug] [2026-02-11T16:05:11.086Z] E0211 13:05:11.086824    9376 watch.go:40] Failed to load config from "c:\\Users\\USUARIO\\Documents\\tpAngularAPI\\dataconnect": could not find dataconnect.yaml in `c:\Users\USUARIO\Documents\tpAngularAPI\dataconnect`
 {"metadata":{"emulator":{"name":"dataconnect"},"message":"E0211 13:05:11.086824    9376 watch.go:40] Failed to load config from \"c:\\\\Users\\\\USUARIO\\\\Documents\\\\tpAngularAPI\\\\dataconnect\": could not find dataconnect.yaml in `c:\\Users\\USUARIO\\Documents\\tpAngularAPI\\dataconnect`\n"}}
[debug] [2026-02-11T16:05:21.086Z] E0211 13:05:21.087081    9376 watch.go:116] watchAllDir unable to walk dir `c:\Users\USUARIO\Documents\tpAngularAPI\dataconnect`: CreateFile c:\Users\USUARIO\Documents\tpAngularAPI\dataconnect: The system cannot find the file specified.
 {"metadata":{"emulator":{"name":"dataconnect"},"message":"E0211 13:05:21.087081    9376 watch.go:116] watchAllDir unable to walk dir `c:\\Users\\USUARIO\\Documents\\tpAngularAPI\\dataconnect`: CreateFile c:\\Users\\USUARIO\\Documents\\tpAngularAPI\\dataconnect: The system cannot find the file specified.\n"}}
[debug] [2026-02-11T16:05:21.087Z] E0211 13:05:21.087081    9376 watch.go:40] Failed to load config from "c:\\Users\\USUARIO\\Documents\\tpAngularAPI\\dataconnect": could not find dataconnect.yaml in `c:\Users\USUARIO\Documents\tpAngularAPI\dataconnect`
 {"metadata":{"emulator":{"name":"dataconnect"},"message":"E0211 13:05:21.087081    9376 watch.go:40] Failed to load config from \"c:\\\\Users\\\\USUARIO\\\\Documents\\\\tpAngularAPI\\\\dataconnect\": could not find dataconnect.yaml in `c:\\Users\\USUARIO\\Documents\\tpAngularAPI\\dataconnect`\n"}}
[debug] [2026-02-11T16:05:31.086Z] E0211 13:05:31.086581    9376 watch.go:40] Failed to load config from "c:\\Users\\USUARIO\\Documents\\tpAngularAPI\\dataconnect": could not find dataconnect.yaml in `c:\Users\USUARIO\Documents\tpAngularAPI\dataconnect`
 {"metadata":{"emulator":{"name":"dataconnect"},"message":"E0211 13:05:31.086581    9376 watch.go:40] Failed to load config from \"c:\\\\Users\\\\USUARIO\\\\Documents\\\\tpAngularAPI\\\\dataconnect\": could not find dataconnect.yaml in `c:\\Users\\USUARIO\\Documents\\tpAngularAPI\\dataconnect`\n"}}
[debug] [2026-02-11T16:05:41.086Z] E0211 13:05:41.086837    9376 watch.go:40] Failed to load config from "c:\\Users\\USUARIO\\Documents\\tpAngularAPI\\dataconnect": could not find dataconnect.yaml in `c:\Users\USUARIO\Documents\tpAngularAPI\dataconnect`
 {"metadata":{"emulator":{"name":"dataconnect"},"message":"E0211 13:05:41.086837    9376 watch.go:40] Failed to load config from \"c:\\\\Users\\\\USUARIO\\\\Documents\\\\tpAngularAPI\\\\dataconnect\": could not find dataconnect.yaml in `c:\\Users\\USUARIO\\Documents\\tpAngularAPI\\dataconnect`\n"}}
[debug] [2026-02-11T16:05:51.086Z] E0211 13:05:51.086798    9376 watch.go:40] Failed to load config from "c:\\Users\\USUARIO\\Documents\\tpAngularAPI\\dataconnect": could not find dataconnect.yaml in `c:\Users\USUARIO\Documents\tpAngularAPI\dataconnect`
 {"metadata":{"emulator":{"name":"dataconnect"},"message":"E0211 13:05:51.086798    9376 watch.go:40] Failed to load config from \"c:\\\\Users\\\\USUARIO\\\\Documents\\\\tpAngularAPI\\\\dataconnect\": could not find dataconnect.yaml in `c:\\Users\\USUARIO\\Documents\\tpAngularAPI\\dataconnect`\n"}}
[debug] [2026-02-11T16:06:01.086Z] E0211 13:06:01.086895    9376 watch.go:40] Failed to load config from "c:\\Users\\USUARIO\\Documents\\tpAngularAPI\\dataconnect": could not find dataconnect.yaml in `c:\Users\USUARIO\Documents\tpAngularAPI\dataconnect`
 {"metadata":{"emulator":{"name":"dataconnect"},"message":"E0211 13:06:01.086895    9376 watch.go:40] Failed to load config from \"c:\\\\Users\\\\USUARIO\\\\Documents\\\\tpAngularAPI\\\\dataconnect\": could not find dataconnect.yaml in `c:\\Users\\USUARIO\\Documents\\tpAngularAPI\\dataconnect`\n"}}
[debug] [2026-02-11T16:06:11.086Z] E0211 13:06:11.086770    9376 watch.go:40] Failed to load config from "c:\\Users\\USUARIO\\Documents\\tpAngularAPI\\dataconnect": could not find dataconnect.yaml in `c:\Users\USUARIO\Documents\tpAngularAPI\dataconnect`
 {"metadata":{"emulator":{"name":"dataconnect"},"message":"E0211 13:06:11.086770    9376 watch.go:40] Failed to load config from \"c:\\\\Users\\\\USUARIO\\\\Documents\\\\tpAngularAPI\\\\dataconnect\": could not find dataconnect.yaml in `c:\\Users\\USUARIO\\Documents\\tpAngularAPI\\dataconnect`\n"}}
[debug] [2026-02-11T16:06:21.086Z] E0211 13:06:21.086626    9376 watch.go:116] watchAllDir unable to walk dir `c:\Users\USUARIO\Documents\tpAngularAPI\dataconnect`: CreateFile c:\Users\USUARIO\Documents\tpAngularAPI\dataconnect: The system cannot find the file specified.
 {"metadata":{"emulator":{"name":"dataconnect"},"message":"E0211 13:06:21.086626    9376 watch.go:116] watchAllDir unable to walk dir `c:\\Users\\USUARIO\\Documents\\tpAngularAPI\\dataconnect`: CreateFile c:\\Users\\USUARIO\\Documents\\tpAngularAPI\\dataconnect: The system cannot find the file specified.\n"}}
[debug] [2026-02-11T16:06:21.088Z] E0211 13:06:21.086626    9376 watch.go:40] Failed to load config from "c:\\Users\\USUARIO\\Documents\\tpAngularAPI\\dataconnect": could not find dataconnect.yaml in `c:\Users\USUARIO\Documents\tpAngularAPI\dataconnect`
 {"metadata":{"emulator":{"name":"dataconnect"},"message":"E0211 13:06:21.086626    9376 watch.go:40] Failed to load config from \"c:\\\\Users\\\\USUARIO\\\\Documents\\\\tpAngularAPI\\\\dataconnect\": could not find dataconnect.yaml in `c:\\Users\\USUARIO\\Documents\\tpAngularAPI\\dataconnect`\n"}}
[debug] [2026-02-11T16:06:31.087Z] E0211 13:06:31.087075    9376 watch.go:40] Failed to load config from "c:\\Users\\USUARIO\\Documents\\tpAngularAPI\\dataconnect": could not find dataconnect.yaml in `c:\Users\USUARIO\Documents\tpAngularAPI\dataconnect`
 {"metadata":{"emulator":{"name":"dataconnect"},"message":"E0211 13:06:31.087075    9376 watch.go:40] Failed to load config from \"c:\\\\Users\\\\USUARIO\\\\Documents\\\\tpAngularAPI\\\\dataconnect\": could not find dataconnect.yaml in `c:\\Users\\USUARIO\\Documents\\tpAngularAPI\\dataconnect`\n"}}
[debug] [2026-02-11T16:06:41.086Z] E0211 13:06:41.086885    9376 watch.go:40] Failed to load config from "c:\\Users\\USUARIO\\Documents\\tpAngularAPI\\dataconnect": could not find dataconnect.yaml in `c:\Users\USUARIO\Documents\tpAngularAPI\dataconnect`
 {"metadata":{"emulator":{"name":"dataconnect"},"message":"E0211 13:06:41.086885    9376 watch.go:40] Failed to load config from \"c:\\\\Users\\\\USUARIO\\\\Documents\\\\tpAngularAPI\\\\dataconnect\": could not find dataconnect.yaml in `c:\\Users\\USUARIO\\Documents\\tpAngularAPI\\dataconnect`\n"}}
[debug] [2026-02-11T16:06:51.087Z] E0211 13:06:51.087462    9376 watch.go:40] Failed to load config from "c:\\Users\\USUARIO\\Documents\\tpAngularAPI\\dataconnect": could not find dataconnect.yaml in `c:\Users\USUARIO\Documents\tpAngularAPI\dataconnect`
 {"metadata":{"emulator":{"name":"dataconnect"},"message":"E0211 13:06:51.087462    9376 watch.go:40] Failed to load config from \"c:\\\\Users\\\\USUARIO\\\\Documents\\\\tpAngularAPI\\\\dataconnect\": could not find dataconnect.yaml in `c:\\Users\\USUARIO\\Documents\\tpAngularAPI\\dataconnect`\n"}}
[debug] [2026-02-11T16:07:01.087Z] E0211 13:07:01.087103    9376 watch.go:40] Failed to load config from "c:\\Users\\USUARIO\\Documents\\tpAngularAPI\\dataconnect": could not find dataconnect.yaml in `c:\Users\USUARIO\Documents\tpAngularAPI\dataconnect`
 {"metadata":{"emulator":{"name":"dataconnect"},"message":"E0211 13:07:01.087103    9376 watch.go:40] Failed to load config from \"c:\\\\Users\\\\USUARIO\\\\Documents\\\\tpAngularAPI\\\\dataconnect\": could not find dataconnect.yaml in `c:\\Users\\USUARIO\\Documents\\tpAngularAPI\\dataconnect`\n"}}
[debug] [2026-02-11T16:07:11.087Z] E0211 13:07:11.086855    9376 watch.go:40] Failed to load config from "c:\\Users\\USUARIO\\Documents\\tpAngularAPI\\dataconnect": could not find dataconnect.yaml in `c:\Users\USUARIO\Documents\tpAngularAPI\dataconnect`
 {"metadata":{"emulator":{"name":"dataconnect"},"message":"E0211 13:07:11.086855    9376 watch.go:40] Failed to load config from \"c:\\\\Users\\\\USUARIO\\\\Documents\\\\tpAngularAPI\\\\dataconnect\": could not find dataconnect.yaml in `c:\\Users\\USUARIO\\Documents\\tpAngularAPI\\dataconnect`\n"}}
[debug] [2026-02-11T16:07:21.087Z] E0211 13:07:21.086955    9376 watch.go:116] watchAllDir unable to walk dir `c:\Users\USUARIO\Documents\tpAngularAPI\dataconnect`: CreateFile c:\Users\USUARIO\Documents\tpAngularAPI\dataconnect: The system cannot find the file specified.
 {"metadata":{"emulator":{"name":"dataconnect"},"message":"E0211 13:07:21.086955    9376 watch.go:116] watchAllDir unable to walk dir `c:\\Users\\USUARIO\\Documents\\tpAngularAPI\\dataconnect`: CreateFile c:\\Users\\USUARIO\\Documents\\tpAngularAPI\\dataconnect: The system cannot find the file specified.\n"}}
[debug] [2026-02-11T16:07:21.088Z] E0211 13:07:21.087347    9376 watch.go:40] Failed to load config from "c:\\Users\\USUARIO\\Documents\\tpAngularAPI\\dataconnect": could not find dataconnect.yaml in `c:\Users\USUARIO\Documents\tpAngularAPI\dataconnect`
 {"metadata":{"emulator":{"name":"dataconnect"},"message":"E0211 13:07:21.087347    9376 watch.go:40] Failed to load config from \"c:\\\\Users\\\\USUARIO\\\\Documents\\\\tpAngularAPI\\\\dataconnect\": could not find dataconnect.yaml in `c:\\Users\\USUARIO\\Documents\\tpAngularAPI\\dataconnect`\n"}}
[debug] [2026-02-11T16:07:31.087Z] E0211 13:07:31.086618    9376 watch.go:40] Failed to load config from "c:\\Users\\USUARIO\\Documents\\tpAngularAPI\\dataconnect": could not find dataconnect.yaml in `c:\Users\USUARIO\Documents\tpAngularAPI\dataconnect`
 {"metadata":{"emulator":{"name":"dataconnect"},"message":"E0211 13:07:31.086618    9376 watch.go:40] Failed to load config from \"c:\\\\Users\\\\USUARIO\\\\Documents\\\\tpAngularAPI\\\\dataconnect\": could not find dataconnect.yaml in `c:\\Users\\USUARIO\\Documents\\tpAngularAPI\\dataconnect`\n"}}
[debug] [2026-02-11T16:07:41.087Z] E0211 13:07:41.086569    9376 watch.go:40] Failed to load config from "c:\\Users\\USUARIO\\Documents\\tpAngularAPI\\dataconnect": could not find dataconnect.yaml in `c:\Users\USUARIO\Documents\tpAngularAPI\dataconnect`
 {"metadata":{"emulator":{"name":"dataconnect"},"message":"E0211 13:07:41.086569    9376 watch.go:40] Failed to load config from \"c:\\\\Users\\\\USUARIO\\\\Documents\\\\tpAngularAPI\\\\dataconnect\": could not find dataconnect.yaml in `c:\\Users\\USUARIO\\Documents\\tpAngularAPI\\dataconnect`\n"}}
[debug] [2026-02-11T16:07:51.087Z] E0211 13:07:51.087088    9376 watch.go:40] Failed to load config from "c:\\Users\\USUARIO\\Documents\\tpAngularAPI\\dataconnect": could not find dataconnect.yaml in `c:\Users\USUARIO\Documents\tpAngularAPI\dataconnect`
 {"metadata":{"emulator":{"name":"dataconnect"},"message":"E0211 13:07:51.087088    9376 watch.go:40] Failed to load config from \"c:\\\\Users\\\\USUARIO\\\\Documents\\\\tpAngularAPI\\\\dataconnect\": could not find dataconnect.yaml in `c:\\Users\\USUARIO\\Documents\\tpAngularAPI\\dataconnect`\n"}}
[debug] [2026-02-11T16:08:01.092Z] E0211 13:08:01.092947    9376 watch.go:40] Failed to load config from "c:\\Users\\USUARIO\\Documents\\tpAngularAPI\\dataconnect": could not find dataconnect.yaml in `c:\Users\USUARIO\Documents\tpAngularAPI\dataconnect`
 {"metadata":{"emulator":{"name":"dataconnect"},"message":"E0211 13:08:01.092947    9376 watch.go:40] Failed to load config from \"c:\\\\Users\\\\USUARIO\\\\Documents\\\\tpAngularAPI\\\\dataconnect\": could not find dataconnect.yaml in `c:\\Users\\USUARIO\\Documents\\tpAngularAPI\\dataconnect`\n"}}
[debug] [2026-02-11T16:08:11.088Z] E0211 13:08:11.088478    9376 watch.go:40] Failed to load config from "c:\\Users\\USUARIO\\Documents\\tpAngularAPI\\dataconnect": could not find dataconnect.yaml in `c:\Users\USUARIO\Documents\tpAngularAPI\dataconnect`
 {"metadata":{"emulator":{"name":"dataconnect"},"message":"E0211 13:08:11.088478    9376 watch.go:40] Failed to load config from \"c:\\\\Users\\\\USUARIO\\\\Documents\\\\tpAngularAPI\\\\dataconnect\": could not find dataconnect.yaml in `c:\\Users\\USUARIO\\Documents\\tpAngularAPI\\dataconnect`\n"}}
[debug] [2026-02-11T16:08:21.086Z] E0211 13:08:21.086930    9376 watch.go:116] watchAllDir unable to walk dir `c:\Users\USUARIO\Documents\tpAngularAPI\dataconnect`: CreateFile c:\Users\USUARIO\Documents\tpAngularAPI\dataconnect: The system cannot find the file specified.
 {"metadata":{"emulator":{"name":"dataconnect"},"message":"E0211 13:08:21.086930    9376 watch.go:116] watchAllDir unable to walk dir `c:\\Users\\USUARIO\\Documents\\tpAngularAPI\\dataconnect`: CreateFile c:\\Users\\USUARIO\\Documents\\tpAngularAPI\\dataconnect: The system cannot find the file specified.\n"}}
[debug] [2026-02-11T16:08:21.087Z] E0211 13:08:21.086930    9376 watch.go:40] Failed to load config from "c:\\Users\\USUARIO\\Documents\\tpAngularAPI\\dataconnect": could not find dataconnect.yaml in `c:\Users\USUARIO\Documents\tpAngularAPI\dataconnect`
 {"metadata":{"emulator":{"name":"dataconnect"},"message":"E0211 13:08:21.086930    9376 watch.go:40] Failed to load config from \"c:\\\\Users\\\\USUARIO\\\\Documents\\\\tpAngularAPI\\\\dataconnect\": could not find dataconnect.yaml in `c:\\Users\\USUARIO\\Documents\\tpAngularAPI\\dataconnect`\n"}}
[debug] [2026-02-11T16:08:31.093Z] E0211 13:08:31.092943    9376 watch.go:40] Failed to load config from "c:\\Users\\USUARIO\\Documents\\tpAngularAPI\\dataconnect": could not find dataconnect.yaml in `c:\Users\USUARIO\Documents\tpAngularAPI\dataconnect`
 {"metadata":{"emulator":{"name":"dataconnect"},"message":"E0211 13:08:31.092943    9376 watch.go:40] Failed to load config from \"c:\\\\Users\\\\USUARIO\\\\Documents\\\\tpAngularAPI\\\\dataconnect\": could not find dataconnect.yaml in `c:\\Users\\USUARIO\\Documents\\tpAngularAPI\\dataconnect`\n"}}
[debug] [2026-02-11T16:08:41.087Z] E0211 13:08:41.087113    9376 watch.go:40] Failed to load config from "c:\\Users\\USUARIO\\Documents\\tpAngularAPI\\dataconnect": could not find dataconnect.yaml in `c:\Users\USUARIO\Documents\tpAngularAPI\dataconnect`
 {"metadata":{"emulator":{"name":"dataconnect"},"message":"E0211 13:08:41.087113    9376 watch.go:40] Failed to load config from \"c:\\\\Users\\\\USUARIO\\\\Documents\\\\tpAngularAPI\\\\dataconnect\": could not find dataconnect.yaml in `c:\\Users\\USUARIO\\Documents\\tpAngularAPI\\dataconnect`\n"}}
[debug] [2026-02-11T16:08:51.087Z] E0211 13:08:51.087069    9376 watch.go:40] Failed to load config from "c:\\Users\\USUARIO\\Documents\\tpAngularAPI\\dataconnect": could not find dataconnect.yaml in `c:\Users\USUARIO\Documents\tpAngularAPI\dataconnect`
 {"metadata":{"emulator":{"name":"dataconnect"},"message":"E0211 13:08:51.087069    9376 watch.go:40] Failed to load config from \"c:\\\\Users\\\\USUARIO\\\\Documents\\\\tpAngularAPI\\\\dataconnect\": could not find dataconnect.yaml in `c:\\Users\\USUARIO\\Documents\\tpAngularAPI\\dataconnect`\n"}}
[debug] [2026-02-11T16:09:01.086Z] E0211 13:09:01.086627    9376 watch.go:40] Failed to load config from "c:\\Users\\USUARIO\\Documents\\tpAngularAPI\\dataconnect": could not find dataconnect.yaml in `c:\Users\USUARIO\Documents\tpAngularAPI\dataconnect`
 {"metadata":{"emulator":{"name":"dataconnect"},"message":"E0211 13:09:01.086627    9376 watch.go:40] Failed to load config from \"c:\\\\Users\\\\USUARIO\\\\Documents\\\\tpAngularAPI\\\\dataconnect\": could not find dataconnect.yaml in `c:\\Users\\USUARIO\\Documents\\tpAngularAPI\\dataconnect`\n"}}
[debug] [2026-02-11T16:09:11.086Z] E0211 13:09:11.086841    9376 watch.go:40] Failed to load config from "c:\\Users\\USUARIO\\Documents\\tpAngularAPI\\dataconnect": could not find dataconnect.yaml in `c:\Users\USUARIO\Documents\tpAngularAPI\dataconnect`
 {"metadata":{"emulator":{"name":"dataconnect"},"message":"E0211 13:09:11.086841    9376 watch.go:40] Failed to load config from \"c:\\\\Users\\\\USUARIO\\\\Documents\\\\tpAngularAPI\\\\dataconnect\": could not find dataconnect.yaml in `c:\\Users\\USUARIO\\Documents\\tpAngularAPI\\dataconnect`\n"}}
[debug] [2026-02-11T16:09:21.086Z] E0211 13:09:21.086572    9376 watch.go:116] watchAllDir unable to walk dir `c:\Users\USUARIO\Documents\tpAngularAPI\dataconnect`: CreateFile c:\Users\USUARIO\Documents\tpAngularAPI\dataconnect: The system cannot find the file specified.
 {"metadata":{"emulator":{"name":"dataconnect"},"message":"E0211 13:09:21.086572    9376 watch.go:116] watchAllDir unable to walk dir `c:\\Users\\USUARIO\\Documents\\tpAngularAPI\\dataconnect`: CreateFile c:\\Users\\USUARIO\\Documents\\tpAngularAPI\\dataconnect: The system cannot find the file specified.\n"}}
[debug] [2026-02-11T16:09:21.121Z] E0211 13:09:21.121550    9376 watch.go:40] Failed to load config from "c:\\Users\\USUARIO\\Documents\\tpAngularAPI\\dataconnect": could not find dataconnect.yaml in `c:\Users\USUARIO\Documents\tpAngularAPI\dataconnect`
 {"metadata":{"emulator":{"name":"dataconnect"},"message":"E0211 13:09:21.121550    9376 watch.go:40] Failed to load config from \"c:\\\\Users\\\\USUARIO\\\\Documents\\\\tpAngularAPI\\\\dataconnect\": could not find dataconnect.yaml in `c:\\Users\\USUARIO\\Documents\\tpAngularAPI\\dataconnect`\n"}}
[debug] [2026-02-11T16:09:31.086Z] E0211 13:09:31.086978    9376 watch.go:40] Failed to load config from "c:\\Users\\USUARIO\\Documents\\tpAngularAPI\\dataconnect": could not find dataconnect.yaml in `c:\Users\USUARIO\Documents\tpAngularAPI\dataconnect`
 {"metadata":{"emulator":{"name":"dataconnect"},"message":"E0211 13:09:31.086978    9376 watch.go:40] Failed to load config from \"c:\\\\Users\\\\USUARIO\\\\Documents\\\\tpAngularAPI\\\\dataconnect\": could not find dataconnect.yaml in `c:\\Users\\USUARIO\\Documents\\tpAngularAPI\\dataconnect`\n"}}
[debug] [2026-02-11T16:09:41.086Z] E0211 13:09:41.086595    9376 watch.go:40] Failed to load config from "c:\\Users\\USUARIO\\Documents\\tpAngularAPI\\dataconnect": could not find dataconnect.yaml in `c:\Users\USUARIO\Documents\tpAngularAPI\dataconnect`
 {"metadata":{"emulator":{"name":"dataconnect"},"message":"E0211 13:09:41.086595    9376 watch.go:40] Failed to load config from \"c:\\\\Users\\\\USUARIO\\\\Documents\\\\tpAngularAPI\\\\dataconnect\": could not find dataconnect.yaml in `c:\\Users\\USUARIO\\Documents\\tpAngularAPI\\dataconnect`\n"}}
[debug] [2026-02-11T16:09:51.086Z] E0211 13:09:51.087009    9376 watch.go:40] Failed to load config from "c:\\Users\\USUARIO\\Documents\\tpAngularAPI\\dataconnect": could not find dataconnect.yaml in `c:\Users\USUARIO\Documents\tpAngularAPI\dataconnect`
 {"metadata":{"emulator":{"name":"dataconnect"},"message":"E0211 13:09:51.087009    9376 watch.go:40] Failed to load config from \"c:\\\\Users\\\\USUARIO\\\\Documents\\\\tpAngularAPI\\\\dataconnect\": could not find dataconnect.yaml in `c:\\Users\\USUARIO\\Documents\\tpAngularAPI\\dataconnect`\n"}}
[debug] [2026-02-11T16:10:01.086Z] E0211 13:10:01.086789    9376 watch.go:40] Failed to load config from "c:\\Users\\USUARIO\\Documents\\tpAngularAPI\\dataconnect": could not find dataconnect.yaml in `c:\Users\USUARIO\Documents\tpAngularAPI\dataconnect`
 {"metadata":{"emulator":{"name":"dataconnect"},"message":"E0211 13:10:01.086789    9376 watch.go:40] Failed to load config from \"c:\\\\Users\\\\USUARIO\\\\Documents\\\\tpAngularAPI\\\\dataconnect\": could not find dataconnect.yaml in `c:\\Users\\USUARIO\\Documents\\tpAngularAPI\\dataconnect`\n"}}
[debug] [2026-02-11T16:10:11.086Z] E0211 13:10:11.087124    9376 watch.go:40] Failed to load config from "c:\\Users\\USUARIO\\Documents\\tpAngularAPI\\dataconnect": could not find dataconnect.yaml in `c:\Users\USUARIO\Documents\tpAngularAPI\dataconnect`
 {"metadata":{"emulator":{"name":"dataconnect"},"message":"E0211 13:10:11.087124    9376 watch.go:40] Failed to load config from \"c:\\\\Users\\\\USUARIO\\\\Documents\\\\tpAngularAPI\\\\dataconnect\": could not find dataconnect.yaml in `c:\\Users\\USUARIO\\Documents\\tpAngularAPI\\dataconnect`\n"}}
[debug] [2026-02-11T16:10:21.086Z] E0211 13:10:21.086797    9376 watch.go:116] watchAllDir unable to walk dir `c:\Users\USUARIO\Documents\tpAngularAPI\dataconnect`: CreateFile c:\Users\USUARIO\Documents\tpAngularAPI\dataconnect: The system cannot find the file specified.
 {"metadata":{"emulator":{"name":"dataconnect"},"message":"E0211 13:10:21.086797    9376 watch.go:116] watchAllDir unable to walk dir `c:\\Users\\USUARIO\\Documents\\tpAngularAPI\\dataconnect`: CreateFile c:\\Users\\USUARIO\\Documents\\tpAngularAPI\\dataconnect: The system cannot find the file specified.\n"}}
[debug] [2026-02-11T16:10:21.087Z] E0211 13:10:21.086797    9376 watch.go:40] Failed to load config from "c:\\Users\\USUARIO\\Documents\\tpAngularAPI\\dataconnect": could not find dataconnect.yaml in `c:\Users\USUARIO\Documents\tpAngularAPI\dataconnect`
 {"metadata":{"emulator":{"name":"dataconnect"},"message":"E0211 13:10:21.086797    9376 watch.go:40] Failed to load config from \"c:\\\\Users\\\\USUARIO\\\\Documents\\\\tpAngularAPI\\\\dataconnect\": could not find dataconnect.yaml in `c:\\Users\\USUARIO\\Documents\\tpAngularAPI\\dataconnect`\n"}}
[debug] [2026-02-11T16:10:31.086Z] E0211 13:10:31.086786    9376 watch.go:40] Failed to load config from "c:\\Users\\USUARIO\\Documents\\tpAngularAPI\\dataconnect": could not find dataconnect.yaml in `c:\Users\USUARIO\Documents\tpAngularAPI\dataconnect`
 {"metadata":{"emulator":{"name":"dataconnect"},"message":"E0211 13:10:31.086786    9376 watch.go:40] Failed to load config from \"c:\\\\Users\\\\USUARIO\\\\Documents\\\\tpAngularAPI\\\\dataconnect\": could not find dataconnect.yaml in `c:\\Users\\USUARIO\\Documents\\tpAngularAPI\\dataconnect`\n"}}
[debug] [2026-02-11T16:10:41.086Z] E0211 13:10:41.086802    9376 watch.go:40] Failed to load config from "c:\\Users\\USUARIO\\Documents\\tpAngularAPI\\dataconnect": could not find dataconnect.yaml in `c:\Users\USUARIO\Documents\tpAngularAPI\dataconnect`
 {"metadata":{"emulator":{"name":"dataconnect"},"message":"E0211 13:10:41.086802    9376 watch.go:40] Failed to load config from \"c:\\\\Users\\\\USUARIO\\\\Documents\\\\tpAngularAPI\\\\dataconnect\": could not find dataconnect.yaml in `c:\\Users\\USUARIO\\Documents\\tpAngularAPI\\dataconnect`\n"}}
[debug] [2026-02-11T16:10:51.086Z] E0211 13:10:51.086679    9376 watch.go:40] Failed to load config from "c:\\Users\\USUARIO\\Documents\\tpAngularAPI\\dataconnect": could not find dataconnect.yaml in `c:\Users\USUARIO\Documents\tpAngularAPI\dataconnect`
 {"metadata":{"emulator":{"name":"dataconnect"},"message":"E0211 13:10:51.086679    9376 watch.go:40] Failed to load config from \"c:\\\\Users\\\\USUARIO\\\\Documents\\\\tpAngularAPI\\\\dataconnect\": could not find dataconnect.yaml in `c:\\Users\\USUARIO\\Documents\\tpAngularAPI\\dataconnect`\n"}}
[debug] [2026-02-11T16:11:01.086Z] E0211 13:11:01.086801    9376 watch.go:40] Failed to load config from "c:\\Users\\USUARIO\\Documents\\tpAngularAPI\\dataconnect": could not find dataconnect.yaml in `c:\Users\USUARIO\Documents\tpAngularAPI\dataconnect`
 {"metadata":{"emulator":{"name":"dataconnect"},"message":"E0211 13:11:01.086801    9376 watch.go:40] Failed to load config from \"c:\\\\Users\\\\USUARIO\\\\Documents\\\\tpAngularAPI\\\\dataconnect\": could not find dataconnect.yaml in `c:\\Users\\USUARIO\\Documents\\tpAngularAPI\\dataconnect`\n"}}
[debug] [2026-02-11T16:11:11.086Z] E0211 13:11:11.086594    9376 watch.go:40] Failed to load config from "c:\\Users\\USUARIO\\Documents\\tpAngularAPI\\dataconnect": could not find dataconnect.yaml in `c:\Users\USUARIO\Documents\tpAngularAPI\dataconnect`
 {"metadata":{"emulator":{"name":"dataconnect"},"message":"E0211 13:11:11.086594    9376 watch.go:40] Failed to load config from \"c:\\\\Users\\\\USUARIO\\\\Documents\\\\tpAngularAPI\\\\dataconnect\": could not find dataconnect.yaml in `c:\\Users\\USUARIO\\Documents\\tpAngularAPI\\dataconnect`\n"}}
[debug] [2026-02-11T16:11:21.086Z] E0211 13:11:21.086875    9376 watch.go:116] watchAllDir unable to walk dir `c:\Users\USUARIO\Documents\tpAngularAPI\dataconnect`: CreateFile c:\Users\USUARIO\Documents\tpAngularAPI\dataconnect: The system cannot find the file specified.
 {"metadata":{"emulator":{"name":"dataconnect"},"message":"E0211 13:11:21.086875    9376 watch.go:116] watchAllDir unable to walk dir `c:\\Users\\USUARIO\\Documents\\tpAngularAPI\\dataconnect`: CreateFile c:\\Users\\USUARIO\\Documents\\tpAngularAPI\\dataconnect: The system cannot find the file specified.\n"}}
[debug] [2026-02-11T16:11:21.087Z] E0211 13:11:21.086875    9376 watch.go:40] Failed to load config from "c:\\Users\\USUARIO\\Documents\\tpAngularAPI\\dataconnect": could not find dataconnect.yaml in `c:\Users\USUARIO\Documents\tpAngularAPI\dataconnect`
 {"metadata":{"emulator":{"name":"dataconnect"},"message":"E0211 13:11:21.086875    9376 watch.go:40] Failed to load config from \"c:\\\\Users\\\\USUARIO\\\\Documents\\\\tpAngularAPI\\\\dataconnect\": could not find dataconnect.yaml in `c:\\Users\\USUARIO\\Documents\\tpAngularAPI\\dataconnect`\n"}}
[debug] [2026-02-11T16:11:31.086Z] E0211 13:11:31.086614    9376 watch.go:40] Failed to load config from "c:\\Users\\USUARIO\\Documents\\tpAngularAPI\\dataconnect": could not find dataconnect.yaml in `c:\Users\USUARIO\Documents\tpAngularAPI\dataconnect`
 {"metadata":{"emulator":{"name":"dataconnect"},"message":"E0211 13:11:31.086614    9376 watch.go:40] Failed to load config from \"c:\\\\Users\\\\USUARIO\\\\Documents\\\\tpAngularAPI\\\\dataconnect\": could not find dataconnect.yaml in `c:\\Users\\USUARIO\\Documents\\tpAngularAPI\\dataconnect`\n"}}
[debug] [2026-02-11T16:11:41.086Z] E0211 13:11:41.086595    9376 watch.go:40] Failed to load config from "c:\\Users\\USUARIO\\Documents\\tpAngularAPI\\dataconnect": could not find dataconnect.yaml in `c:\Users\USUARIO\Documents\tpAngularAPI\dataconnect`
 {"metadata":{"emulator":{"name":"dataconnect"},"message":"E0211 13:11:41.086595    9376 watch.go:40] Failed to load config from \"c:\\\\Users\\\\USUARIO\\\\Documents\\\\tpAngularAPI\\\\dataconnect\": could not find dataconnect.yaml in `c:\\Users\\USUARIO\\Documents\\tpAngularAPI\\dataconnect`\n"}}
[debug] [2026-02-11T16:11:51.086Z] E0211 13:11:51.087141    9376 watch.go:40] Failed to load config from "c:\\Users\\USUARIO\\Documents\\tpAngularAPI\\dataconnect": could not find dataconnect.yaml in `c:\Users\USUARIO\Documents\tpAngularAPI\dataconnect`
 {"metadata":{"emulator":{"name":"dataconnect"},"message":"E0211 13:11:51.087141    9376 watch.go:40] Failed to load config from \"c:\\\\Users\\\\USUARIO\\\\Documents\\\\tpAngularAPI\\\\dataconnect\": could not find dataconnect.yaml in `c:\\Users\\USUARIO\\Documents\\tpAngularAPI\\dataconnect`\n"}}
[debug] [2026-02-11T16:12:01.086Z] E0211 13:12:01.086561    9376 watch.go:40] Failed to load config from "c:\\Users\\USUARIO\\Documents\\tpAngularAPI\\dataconnect": could not find dataconnect.yaml in `c:\Users\USUARIO\Documents\tpAngularAPI\dataconnect`
 {"metadata":{"emulator":{"name":"dataconnect"},"message":"E0211 13:12:01.086561    9376 watch.go:40] Failed to load config from \"c:\\\\Users\\\\USUARIO\\\\Documents\\\\tpAngularAPI\\\\dataconnect\": could not find dataconnect.yaml in `c:\\Users\\USUARIO\\Documents\\tpAngularAPI\\dataconnect`\n"}}
[debug] [2026-02-11T16:12:11.086Z] E0211 13:12:11.087003    9376 watch.go:40] Failed to load config from "c:\\Users\\USUARIO\\Documents\\tpAngularAPI\\dataconnect": could not find dataconnect.yaml in `c:\Users\USUARIO\Documents\tpAngularAPI\dataconnect`
 {"metadata":{"emulator":{"name":"dataconnect"},"message":"E0211 13:12:11.087003    9376 watch.go:40] Failed to load config from \"c:\\\\Users\\\\USUARIO\\\\Documents\\\\tpAngularAPI\\\\dataconnect\": could not find dataconnect.yaml in `c:\\Users\\USUARIO\\Documents\\tpAngularAPI\\dataconnect`\n"}}
[debug] [2026-02-11T16:12:21.086Z] E0211 13:12:21.086825    9376 watch.go:116] watchAllDir unable to walk dir `c:\Users\USUARIO\Documents\tpAngularAPI\dataconnect`: CreateFile c:\Users\USUARIO\Documents\tpAngularAPI\dataconnect: The system cannot find the file specified.
 {"metadata":{"emulator":{"name":"dataconnect"},"message":"E0211 13:12:21.086825    9376 watch.go:116] watchAllDir unable to walk dir `c:\\Users\\USUARIO\\Documents\\tpAngularAPI\\dataconnect`: CreateFile c:\\Users\\USUARIO\\Documents\\tpAngularAPI\\dataconnect: The system cannot find the file specified.\n"}}
[debug] [2026-02-11T16:12:21.087Z] E0211 13:12:21.086825    9376 watch.go:40] Failed to load config from "c:\\Users\\USUARIO\\Documents\\tpAngularAPI\\dataconnect": could not find dataconnect.yaml in `c:\Users\USUARIO\Documents\tpAngularAPI\dataconnect`
 {"metadata":{"emulator":{"name":"dataconnect"},"message":"E0211 13:12:21.086825    9376 watch.go:40] Failed to load config from \"c:\\\\Users\\\\USUARIO\\\\Documents\\\\tpAngularAPI\\\\dataconnect\": could not find dataconnect.yaml in `c:\\Users\\USUARIO\\Documents\\tpAngularAPI\\dataconnect`\n"}}
[debug] [2026-02-11T16:12:31.087Z] E0211 13:12:31.086922    9376 watch.go:40] Failed to load config from "c:\\Users\\USUARIO\\Documents\\tpAngularAPI\\dataconnect": could not find dataconnect.yaml in `c:\Users\USUARIO\Documents\tpAngularAPI\dataconnect`
 {"metadata":{"emulator":{"name":"dataconnect"},"message":"E0211 13:12:31.086922    9376 watch.go:40] Failed to load config from \"c:\\\\Users\\\\USUARIO\\\\Documents\\\\tpAngularAPI\\\\dataconnect\": could not find dataconnect.yaml in `c:\\Users\\USUARIO\\Documents\\tpAngularAPI\\dataconnect`\n"}}
[debug] [2026-02-11T16:12:41.087Z] E0211 13:12:41.087102    9376 watch.go:40] Failed to load config from "c:\\Users\\USUARIO\\Documents\\tpAngularAPI\\dataconnect": could not find dataconnect.yaml in `c:\Users\USUARIO\Documents\tpAngularAPI\dataconnect`
 {"metadata":{"emulator":{"name":"dataconnect"},"message":"E0211 13:12:41.087102    9376 watch.go:40] Failed to load config from \"c:\\\\Users\\\\USUARIO\\\\Documents\\\\tpAngularAPI\\\\dataconnect\": could not find dataconnect.yaml in `c:\\Users\\USUARIO\\Documents\\tpAngularAPI\\dataconnect`\n"}}
[debug] [2026-02-11T16:12:51.086Z] E0211 13:12:51.086709    9376 watch.go:40] Failed to load config from "c:\\Users\\USUARIO\\Documents\\tpAngularAPI\\dataconnect": could not find dataconnect.yaml in `c:\Users\USUARIO\Documents\tpAngularAPI\dataconnect`
 {"metadata":{"emulator":{"name":"dataconnect"},"message":"E0211 13:12:51.086709    9376 watch.go:40] Failed to load config from \"c:\\\\Users\\\\USUARIO\\\\Documents\\\\tpAngularAPI\\\\dataconnect\": could not find dataconnect.yaml in `c:\\Users\\USUARIO\\Documents\\tpAngularAPI\\dataconnect`\n"}}
[debug] [2026-02-11T16:13:01.086Z] E0211 13:13:01.086572    9376 watch.go:40] Failed to load config from "c:\\Users\\USUARIO\\Documents\\tpAngularAPI\\dataconnect": could not find dataconnect.yaml in `c:\Users\USUARIO\Documents\tpAngularAPI\dataconnect`
 {"metadata":{"emulator":{"name":"dataconnect"},"message":"E0211 13:13:01.086572    9376 watch.go:40] Failed to load config from \"c:\\\\Users\\\\USUARIO\\\\Documents\\\\tpAngularAPI\\\\dataconnect\": could not find dataconnect.yaml in `c:\\Users\\USUARIO\\Documents\\tpAngularAPI\\dataconnect`\n"}}
[debug] [2026-02-11T16:13:11.087Z] E0211 13:13:11.087498    9376 watch.go:40] Failed to load config from "c:\\Users\\USUARIO\\Documents\\tpAngularAPI\\dataconnect": could not find dataconnect.yaml in `c:\Users\USUARIO\Documents\tpAngularAPI\dataconnect`
 {"metadata":{"emulator":{"name":"dataconnect"},"message":"E0211 13:13:11.087498    9376 watch.go:40] Failed to load config from \"c:\\\\Users\\\\USUARIO\\\\Documents\\\\tpAngularAPI\\\\dataconnect\": could not find dataconnect.yaml in `c:\\Users\\USUARIO\\Documents\\tpAngularAPI\\dataconnect`\n"}}
[debug] [2026-02-11T16:13:21.087Z] E0211 13:13:21.086953    9376 watch.go:116] watchAllDir unable to walk dir `c:\Users\USUARIO\Documents\tpAngularAPI\dataconnect`: CreateFile c:\Users\USUARIO\Documents\tpAngularAPI\dataconnect: The system cannot find the file specified.
 {"metadata":{"emulator":{"name":"dataconnect"},"message":"E0211 13:13:21.086953    9376 watch.go:116] watchAllDir unable to walk dir `c:\\Users\\USUARIO\\Documents\\tpAngularAPI\\dataconnect`: CreateFile c:\\Users\\USUARIO\\Documents\\tpAngularAPI\\dataconnect: The system cannot find the file specified.\n"}}
[debug] [2026-02-11T16:13:21.087Z] E0211 13:13:21.086953    9376 watch.go:40] Failed to load config from "c:\\Users\\USUARIO\\Documents\\tpAngularAPI\\dataconnect": could not find dataconnect.yaml in `c:\Users\USUARIO\Documents\tpAngularAPI\dataconnect`
 {"metadata":{"emulator":{"name":"dataconnect"},"message":"E0211 13:13:21.086953    9376 watch.go:40] Failed to load config from \"c:\\\\Users\\\\USUARIO\\\\Documents\\\\tpAngularAPI\\\\dataconnect\": could not find dataconnect.yaml in `c:\\Users\\USUARIO\\Documents\\tpAngularAPI\\dataconnect`\n"}}
[debug] [2026-02-11T16:13:31.087Z] E0211 13:13:31.086887    9376 watch.go:40] Failed to load config from "c:\\Users\\USUARIO\\Documents\\tpAngularAPI\\dataconnect": could not find dataconnect.yaml in `c:\Users\USUARIO\Documents\tpAngularAPI\dataconnect`
 {"metadata":{"emulator":{"name":"dataconnect"},"message":"E0211 13:13:31.086887    9376 watch.go:40] Failed to load config from \"c:\\\\Users\\\\USUARIO\\\\Documents\\\\tpAngularAPI\\\\dataconnect\": could not find dataconnect.yaml in `c:\\Users\\USUARIO\\Documents\\tpAngularAPI\\dataconnect`\n"}}
[debug] [2026-02-11T16:13:41.087Z] E0211 13:13:41.086581    9376 watch.go:40] Failed to load config from "c:\\Users\\USUARIO\\Documents\\tpAngularAPI\\dataconnect": could not find dataconnect.yaml in `c:\Users\USUARIO\Documents\tpAngularAPI\dataconnect`
 {"metadata":{"emulator":{"name":"dataconnect"},"message":"E0211 13:13:41.086581    9376 watch.go:40] Failed to load config from \"c:\\\\Users\\\\USUARIO\\\\Documents\\\\tpAngularAPI\\\\dataconnect\": could not find dataconnect.yaml in `c:\\Users\\USUARIO\\Documents\\tpAngularAPI\\dataconnect`\n"}}
[debug] [2026-02-11T16:13:51.087Z] E0211 13:13:51.087320    9376 watch.go:40] Failed to load config from "c:\\Users\\USUARIO\\Documents\\tpAngularAPI\\dataconnect": could not find dataconnect.yaml in `c:\Users\USUARIO\Documents\tpAngularAPI\dataconnect`
 {"metadata":{"emulator":{"name":"dataconnect"},"message":"E0211 13:13:51.087320    9376 watch.go:40] Failed to load config from \"c:\\\\Users\\\\USUARIO\\\\Documents\\\\tpAngularAPI\\\\dataconnect\": could not find dataconnect.yaml in `c:\\Users\\USUARIO\\Documents\\tpAngularAPI\\dataconnect`\n"}}
[debug] [2026-02-11T16:14:01.228Z] E0211 13:14:01.228799    9376 watch.go:40] Failed to load config from "c:\\Users\\USUARIO\\Documents\\tpAngularAPI\\dataconnect": could not find dataconnect.yaml in `c:\Users\USUARIO\Documents\tpAngularAPI\dataconnect`
 {"metadata":{"emulator":{"name":"dataconnect"},"message":"E0211 13:14:01.228799    9376 watch.go:40] Failed to load config from \"c:\\\\Users\\\\USUARIO\\\\Documents\\\\tpAngularAPI\\\\dataconnect\": could not find dataconnect.yaml in `c:\\Users\\USUARIO\\Documents\\tpAngularAPI\\dataconnect`\n"}}
[debug] [2026-02-11T16:14:11.087Z] E0211 13:14:11.087456    9376 watch.go:40] Failed to load config from "c:\\Users\\USUARIO\\Documents\\tpAngularAPI\\dataconnect": could not find dataconnect.yaml in `c:\Users\USUARIO\Documents\tpAngularAPI\dataconnect`
 {"metadata":{"emulator":{"name":"dataconnect"},"message":"E0211 13:14:11.087456    9376 watch.go:40] Failed to load config from \"c:\\\\Users\\\\USUARIO\\\\Documents\\\\tpAngularAPI\\\\dataconnect\": could not find dataconnect.yaml in `c:\\Users\\USUARIO\\Documents\\tpAngularAPI\\dataconnect`\n"}}
[debug] [2026-02-11T16:14:21.087Z] E0211 13:14:21.087588    9376 watch.go:116] watchAllDir unable to walk dir `c:\Users\USUARIO\Documents\tpAngularAPI\dataconnect`: CreateFile c:\Users\USUARIO\Documents\tpAngularAPI\dataconnect: The system cannot find the file specified.
 {"metadata":{"emulator":{"name":"dataconnect"},"message":"E0211 13:14:21.087588    9376 watch.go:116] watchAllDir unable to walk dir `c:\\Users\\USUARIO\\Documents\\tpAngularAPI\\dataconnect`: CreateFile c:\\Users\\USUARIO\\Documents\\tpAngularAPI\\dataconnect: The system cannot find the file specified.\n"}}
[debug] [2026-02-11T16:14:21.089Z] E0211 13:14:21.088294    9376 watch.go:40] Failed to load config from "c:\\Users\\USUARIO\\Documents\\tpAngularAPI\\dataconnect": could not find dataconnect.yaml in `c:\Users\USUARIO\Documents\tpAngularAPI\dataconnect`
 {"metadata":{"emulator":{"name":"dataconnect"},"message":"E0211 13:14:21.088294    9376 watch.go:40] Failed to load config from \"c:\\\\Users\\\\USUARIO\\\\Documents\\\\tpAngularAPI\\\\dataconnect\": could not find dataconnect.yaml in `c:\\Users\\USUARIO\\Documents\\tpAngularAPI\\dataconnect`\n"}}
[debug] [2026-02-11T16:14:31.087Z] E0211 13:14:31.086775    9376 watch.go:40] Failed to load config from "c:\\Users\\USUARIO\\Documents\\tpAngularAPI\\dataconnect": could not find dataconnect.yaml in `c:\Users\USUARIO\Documents\tpAngularAPI\dataconnect`
 {"metadata":{"emulator":{"name":"dataconnect"},"message":"E0211 13:14:31.086775    9376 watch.go:40] Failed to load config from \"c:\\\\Users\\\\USUARIO\\\\Documents\\\\tpAngularAPI\\\\dataconnect\": could not find dataconnect.yaml in `c:\\Users\\USUARIO\\Documents\\tpAngularAPI\\dataconnect`\n"}}
[debug] [2026-02-11T16:14:41.086Z] E0211 13:14:41.086718    9376 watch.go:40] Failed to load config from "c:\\Users\\USUARIO\\Documents\\tpAngularAPI\\dataconnect": could not find dataconnect.yaml in `c:\Users\USUARIO\Documents\tpAngularAPI\dataconnect`
 {"metadata":{"emulator":{"name":"dataconnect"},"message":"E0211 13:14:41.086718    9376 watch.go:40] Failed to load config from \"c:\\\\Users\\\\USUARIO\\\\Documents\\\\tpAngularAPI\\\\dataconnect\": could not find dataconnect.yaml in `c:\\Users\\USUARIO\\Documents\\tpAngularAPI\\dataconnect`\n"}}
[debug] [2026-02-11T16:14:51.087Z] E0211 13:14:51.086836    9376 watch.go:40] Failed to load config from "c:\\Users\\USUARIO\\Documents\\tpAngularAPI\\dataconnect": could not find dataconnect.yaml in `c:\Users\USUARIO\Documents\tpAngularAPI\dataconnect`
 {"metadata":{"emulator":{"name":"dataconnect"},"message":"E0211 13:14:51.086836    9376 watch.go:40] Failed to load config from \"c:\\\\Users\\\\USUARIO\\\\Documents\\\\tpAngularAPI\\\\dataconnect\": could not find dataconnect.yaml in `c:\\Users\\USUARIO\\Documents\\tpAngularAPI\\dataconnect`\n"}}
[debug] [2026-02-11T16:15:01.087Z] E0211 13:15:01.086822    9376 watch.go:40] Failed to load config from "c:\\Users\\USUARIO\\Documents\\tpAngularAPI\\dataconnect": could not find dataconnect.yaml in `c:\Users\USUARIO\Documents\tpAngularAPI\dataconnect`
 {"metadata":{"emulator":{"name":"dataconnect"},"message":"E0211 13:15:01.086822    9376 watch.go:40] Failed to load config from \"c:\\\\Users\\\\USUARIO\\\\Documents\\\\tpAngularAPI\\\\dataconnect\": could not find dataconnect.yaml in `c:\\Users\\USUARIO\\Documents\\tpAngularAPI\\dataconnect`\n"}}
[debug] [2026-02-11T16:15:11.086Z] E0211 13:15:11.086729    9376 watch.go:40] Failed to load config from "c:\\Users\\USUARIO\\Documents\\tpAngularAPI\\dataconnect": could not find dataconnect.yaml in `c:\Users\USUARIO\Documents\tpAngularAPI\dataconnect`
 {"metadata":{"emulator":{"name":"dataconnect"},"message":"E0211 13:15:11.086729    9376 watch.go:40] Failed to load config from \"c:\\\\Users\\\\USUARIO\\\\Documents\\\\tpAngularAPI\\\\dataconnect\": could not find dataconnect.yaml in `c:\\Users\\USUARIO\\Documents\\tpAngularAPI\\dataconnect`\n"}}
[debug] [2026-02-11T16:15:21.087Z] E0211 13:15:21.087307    9376 watch.go:40] Failed to load config from "c:\\Users\\USUARIO\\Documents\\tpAngularAPI\\dataconnect": could not find dataconnect.yaml in `c:\Users\USUARIO\Documents\tpAngularAPI\dataconnect`
 {"metadata":{"emulator":{"name":"dataconnect"},"message":"E0211 13:15:21.087307    9376 watch.go:40] Failed to load config from \"c:\\\\Users\\\\USUARIO\\\\Documents\\\\tpAngularAPI\\\\dataconnect\": could not find dataconnect.yaml in `c:\\Users\\USUARIO\\Documents\\tpAngularAPI\\dataconnect`\n"}}
[debug] [2026-02-11T16:15:21.087Z] E0211 13:15:21.087307    9376 watch.go:116] watchAllDir unable to walk dir `c:\Users\USUARIO\Documents\tpAngularAPI\dataconnect`: CreateFile c:\Users\USUARIO\Documents\tpAngularAPI\dataconnect: The system cannot find the file specified.
 {"metadata":{"emulator":{"name":"dataconnect"},"message":"E0211 13:15:21.087307    9376 watch.go:116] watchAllDir unable to walk dir `c:\\Users\\USUARIO\\Documents\\tpAngularAPI\\dataconnect`: CreateFile c:\\Users\\USUARIO\\Documents\\tpAngularAPI\\dataconnect: The system cannot find the file specified.\n"}}
[debug] [2026-02-11T16:15:31.087Z] E0211 13:15:31.087256    9376 watch.go:40] Failed to load config from "c:\\Users\\USUARIO\\Documents\\tpAngularAPI\\dataconnect": could not find dataconnect.yaml in `c:\Users\USUARIO\Documents\tpAngularAPI\dataconnect`
 {"metadata":{"emulator":{"name":"dataconnect"},"message":"E0211 13:15:31.087256    9376 watch.go:40] Failed to load config from \"c:\\\\Users\\\\USUARIO\\\\Documents\\\\tpAngularAPI\\\\dataconnect\": could not find dataconnect.yaml in `c:\\Users\\USUARIO\\Documents\\tpAngularAPI\\dataconnect`\n"}}
[debug] [2026-02-11T16:15:41.087Z] E0211 13:15:41.087185    9376 watch.go:40] Failed to load config from "c:\\Users\\USUARIO\\Documents\\tpAngularAPI\\dataconnect": could not find dataconnect.yaml in `c:\Users\USUARIO\Documents\tpAngularAPI\dataconnect`
 {"metadata":{"emulator":{"name":"dataconnect"},"message":"E0211 13:15:41.087185    9376 watch.go:40] Failed to load config from \"c:\\\\Users\\\\USUARIO\\\\Documents\\\\tpAngularAPI\\\\dataconnect\": could not find dataconnect.yaml in `c:\\Users\\USUARIO\\Documents\\tpAngularAPI\\dataconnect`\n"}}
[debug] [2026-02-11T16:15:51.086Z] E0211 13:15:51.086617    9376 watch.go:40] Failed to load config from "c:\\Users\\USUARIO\\Documents\\tpAngularAPI\\dataconnect": could not find dataconnect.yaml in `c:\Users\USUARIO\Documents\tpAngularAPI\dataconnect`
 {"metadata":{"emulator":{"name":"dataconnect"},"message":"E0211 13:15:51.086617    9376 watch.go:40] Failed to load config from \"c:\\\\Users\\\\USUARIO\\\\Documents\\\\tpAngularAPI\\\\dataconnect\": could not find dataconnect.yaml in `c:\\Users\\USUARIO\\Documents\\tpAngularAPI\\dataconnect`\n"}}
[debug] [2026-02-11T16:16:01.087Z] E0211 13:16:01.087501    9376 watch.go:40] Failed to load config from "c:\\Users\\USUARIO\\Documents\\tpAngularAPI\\dataconnect": could not find dataconnect.yaml in `c:\Users\USUARIO\Documents\tpAngularAPI\dataconnect`
 {"metadata":{"emulator":{"name":"dataconnect"},"message":"E0211 13:16:01.087501    9376 watch.go:40] Failed to load config from \"c:\\\\Users\\\\USUARIO\\\\Documents\\\\tpAngularAPI\\\\dataconnect\": could not find dataconnect.yaml in `c:\\Users\\USUARIO\\Documents\\tpAngularAPI\\dataconnect`\n"}}
[debug] [2026-02-11T16:16:11.086Z] E0211 13:16:11.086979    9376 watch.go:40] Failed to load config from "c:\\Users\\USUARIO\\Documents\\tpAngularAPI\\dataconnect": could not find dataconnect.yaml in `c:\Users\USUARIO\Documents\tpAngularAPI\dataconnect`
 {"metadata":{"emulator":{"name":"dataconnect"},"message":"E0211 13:16:11.086979    9376 watch.go:40] Failed to load config from \"c:\\\\Users\\\\USUARIO\\\\Documents\\\\tpAngularAPI\\\\dataconnect\": could not find dataconnect.yaml in `c:\\Users\\USUARIO\\Documents\\tpAngularAPI\\dataconnect`\n"}}
[debug] [2026-02-11T16:16:21.086Z] E0211 13:16:21.087025    9376 watch.go:116] watchAllDir unable to walk dir `c:\Users\USUARIO\Documents\tpAngularAPI\dataconnect`: CreateFile c:\Users\USUARIO\Documents\tpAngularAPI\dataconnect: The system cannot find the file specified.
 {"metadata":{"emulator":{"name":"dataconnect"},"message":"E0211 13:16:21.087025    9376 watch.go:116] watchAllDir unable to walk dir `c:\\Users\\USUARIO\\Documents\\tpAngularAPI\\dataconnect`: CreateFile c:\\Users\\USUARIO\\Documents\\tpAngularAPI\\dataconnect: The system cannot find the file specified.\n"}}
[debug] [2026-02-11T16:16:21.090Z] E0211 13:16:21.087025    9376 watch.go:40] Failed to load config from "c:\\Users\\USUARIO\\Documents\\tpAngularAPI\\dataconnect": could not find dataconnect.yaml in `c:\Users\USUARIO\Documents\tpAngularAPI\dataconnect`
 {"metadata":{"emulator":{"name":"dataconnect"},"message":"E0211 13:16:21.087025    9376 watch.go:40] Failed to load config from \"c:\\\\Users\\\\USUARIO\\\\Documents\\\\tpAngularAPI\\\\dataconnect\": could not find dataconnect.yaml in `c:\\Users\\USUARIO\\Documents\\tpAngularAPI\\dataconnect`\n"}}
[debug] [2026-02-11T16:16:31.086Z] E0211 13:16:31.086801    9376 watch.go:40] Failed to load config from "c:\\Users\\USUARIO\\Documents\\tpAngularAPI\\dataconnect": could not find dataconnect.yaml in `c:\Users\USUARIO\Documents\tpAngularAPI\dataconnect`
 {"metadata":{"emulator":{"name":"dataconnect"},"message":"E0211 13:16:31.086801    9376 watch.go:40] Failed to load config from \"c:\\\\Users\\\\USUARIO\\\\Documents\\\\tpAngularAPI\\\\dataconnect\": could not find dataconnect.yaml in `c:\\Users\\USUARIO\\Documents\\tpAngularAPI\\dataconnect`\n"}}
[debug] [2026-02-11T16:16:41.086Z] E0211 13:16:41.086568    9376 watch.go:40] Failed to load config from "c:\\Users\\USUARIO\\Documents\\tpAngularAPI\\dataconnect": could not find dataconnect.yaml in `c:\Users\USUARIO\Documents\tpAngularAPI\dataconnect`
 {"metadata":{"emulator":{"name":"dataconnect"},"message":"E0211 13:16:41.086568    9376 watch.go:40] Failed to load config from \"c:\\\\Users\\\\USUARIO\\\\Documents\\\\tpAngularAPI\\\\dataconnect\": could not find dataconnect.yaml in `c:\\Users\\USUARIO\\Documents\\tpAngularAPI\\dataconnect`\n"}}
[debug] [2026-02-11T16:16:51.087Z] E0211 13:16:51.088133    9376 watch.go:40] Failed to load config from "c:\\Users\\USUARIO\\Documents\\tpAngularAPI\\dataconnect": could not find dataconnect.yaml in `c:\Users\USUARIO\Documents\tpAngularAPI\dataconnect`
 {"metadata":{"emulator":{"name":"dataconnect"},"message":"E0211 13:16:51.088133    9376 watch.go:40] Failed to load config from \"c:\\\\Users\\\\USUARIO\\\\Documents\\\\tpAngularAPI\\\\dataconnect\": could not find dataconnect.yaml in `c:\\Users\\USUARIO\\Documents\\tpAngularAPI\\dataconnect`\n"}}
[debug] [2026-02-11T16:17:01.086Z] E0211 13:17:01.087147    9376 watch.go:40] Failed to load config from "c:\\Users\\USUARIO\\Documents\\tpAngularAPI\\dataconnect": could not find dataconnect.yaml in `c:\Users\USUARIO\Documents\tpAngularAPI\dataconnect`
 {"metadata":{"emulator":{"name":"dataconnect"},"message":"E0211 13:17:01.087147    9376 watch.go:40] Failed to load config from \"c:\\\\Users\\\\USUARIO\\\\Documents\\\\tpAngularAPI\\\\dataconnect\": could not find dataconnect.yaml in `c:\\Users\\USUARIO\\Documents\\tpAngularAPI\\dataconnect`\n"}}
[debug] [2026-02-11T16:17:11.087Z] E0211 13:17:11.086803    9376 watch.go:40] Failed to load config from "c:\\Users\\USUARIO\\Documents\\tpAngularAPI\\dataconnect": could not find dataconnect.yaml in `c:\Users\USUARIO\Documents\tpAngularAPI\dataconnect`
 {"metadata":{"emulator":{"name":"dataconnect"},"message":"E0211 13:17:11.086803    9376 watch.go:40] Failed to load config from \"c:\\\\Users\\\\USUARIO\\\\Documents\\\\tpAngularAPI\\\\dataconnect\": could not find dataconnect.yaml in `c:\\Users\\USUARIO\\Documents\\tpAngularAPI\\dataconnect`\n"}}
[debug] [2026-02-11T16:17:21.086Z] E0211 13:17:21.086575    9376 watch.go:116] watchAllDir unable to walk dir `c:\Users\USUARIO\Documents\tpAngularAPI\dataconnect`: CreateFile c:\Users\USUARIO\Documents\tpAngularAPI\dataconnect: The system cannot find the file specified.
 {"metadata":{"emulator":{"name":"dataconnect"},"message":"E0211 13:17:21.086575    9376 watch.go:116] watchAllDir unable to walk dir `c:\\Users\\USUARIO\\Documents\\tpAngularAPI\\dataconnect`: CreateFile c:\\Users\\USUARIO\\Documents\\tpAngularAPI\\dataconnect: The system cannot find the file specified.\n"}}
[debug] [2026-02-11T16:17:21.087Z] E0211 13:17:21.086575    9376 watch.go:40] Failed to load config from "c:\\Users\\USUARIO\\Documents\\tpAngularAPI\\dataconnect": could not find dataconnect.yaml in `c:\Users\USUARIO\Documents\tpAngularAPI\dataconnect`
 {"metadata":{"emulator":{"name":"dataconnect"},"message":"E0211 13:17:21.086575    9376 watch.go:40] Failed to load config from \"c:\\\\Users\\\\USUARIO\\\\Documents\\\\tpAngularAPI\\\\dataconnect\": could not find dataconnect.yaml in `c:\\Users\\USUARIO\\Documents\\tpAngularAPI\\dataconnect`\n"}}
[debug] [2026-02-11T16:17:31.087Z] E0211 13:17:31.086581    9376 watch.go:40] Failed to load config from "c:\\Users\\USUARIO\\Documents\\tpAngularAPI\\dataconnect": could not find dataconnect.yaml in `c:\Users\USUARIO\Documents\tpAngularAPI\dataconnect`
 {"metadata":{"emulator":{"name":"dataconnect"},"message":"E0211 13:17:31.086581    9376 watch.go:40] Failed to load config from \"c:\\\\Users\\\\USUARIO\\\\Documents\\\\tpAngularAPI\\\\dataconnect\": could not find dataconnect.yaml in `c:\\Users\\USUARIO\\Documents\\tpAngularAPI\\dataconnect`\n"}}
[debug] [2026-02-11T16:17:41.116Z] E0211 13:17:41.112883    9376 watch.go:40] Failed to load config from "c:\\Users\\USUARIO\\Documents\\tpAngularAPI\\dataconnect": could not find dataconnect.yaml in `c:\Users\USUARIO\Documents\tpAngularAPI\dataconnect`
 {"metadata":{"emulator":{"name":"dataconnect"},"message":"E0211 13:17:41.112883    9376 watch.go:40] Failed to load config from \"c:\\\\Users\\\\USUARIO\\\\Documents\\\\tpAngularAPI\\\\dataconnect\": could not find dataconnect.yaml in `c:\\Users\\USUARIO\\Documents\\tpAngularAPI\\dataconnect`\n"}}
[debug] [2026-02-11T16:17:51.087Z] E0211 13:17:51.086840    9376 watch.go:40] Failed to load config from "c:\\Users\\USUARIO\\Documents\\tpAngularAPI\\dataconnect": could not find dataconnect.yaml in `c:\Users\USUARIO\Documents\tpAngularAPI\dataconnect`
 {"metadata":{"emulator":{"name":"dataconnect"},"message":"E0211 13:17:51.086840    9376 watch.go:40] Failed to load config from \"c:\\\\Users\\\\USUARIO\\\\Documents\\\\tpAngularAPI\\\\dataconnect\": could not find dataconnect.yaml in `c:\\Users\\USUARIO\\Documents\\tpAngularAPI\\dataconnect`\n"}}
[debug] [2026-02-11T16:18:01.087Z] E0211 13:18:01.086640    9376 watch.go:40] Failed to load config from "c:\\Users\\USUARIO\\Documents\\tpAngularAPI\\dataconnect": could not find dataconnect.yaml in `c:\Users\USUARIO\Documents\tpAngularAPI\dataconnect`
 {"metadata":{"emulator":{"name":"dataconnect"},"message":"E0211 13:18:01.086640    9376 watch.go:40] Failed to load config from \"c:\\\\Users\\\\USUARIO\\\\Documents\\\\tpAngularAPI\\\\dataconnect\": could not find dataconnect.yaml in `c:\\Users\\USUARIO\\Documents\\tpAngularAPI\\dataconnect`\n"}}
[debug] [2026-02-11T16:18:11.087Z] E0211 13:18:11.086800    9376 watch.go:40] Failed to load config from "c:\\Users\\USUARIO\\Documents\\tpAngularAPI\\dataconnect": could not find dataconnect.yaml in `c:\Users\USUARIO\Documents\tpAngularAPI\dataconnect`
 {"metadata":{"emulator":{"name":"dataconnect"},"message":"E0211 13:18:11.086800    9376 watch.go:40] Failed to load config from \"c:\\\\Users\\\\USUARIO\\\\Documents\\\\tpAngularAPI\\\\dataconnect\": could not find dataconnect.yaml in `c:\\Users\\USUARIO\\Documents\\tpAngularAPI\\dataconnect`\n"}}
[debug] [2026-02-11T16:18:21.087Z] E0211 13:18:21.086738    9376 watch.go:116] watchAllDir unable to walk dir `c:\Users\USUARIO\Documents\tpAngularAPI\dataconnect`: CreateFile c:\Users\USUARIO\Documents\tpAngularAPI\dataconnect: The system cannot find the file specified.
 {"metadata":{"emulator":{"name":"dataconnect"},"message":"E0211 13:18:21.086738    9376 watch.go:116] watchAllDir unable to walk dir `c:\\Users\\USUARIO\\Documents\\tpAngularAPI\\dataconnect`: CreateFile c:\\Users\\USUARIO\\Documents\\tpAngularAPI\\dataconnect: The system cannot find the file specified.\n"}}
[debug] [2026-02-11T16:18:21.087Z] E0211 13:18:21.086738    9376 watch.go:40] Failed to load config from "c:\\Users\\USUARIO\\Documents\\tpAngularAPI\\dataconnect": could not find dataconnect.yaml in `c:\Users\USUARIO\Documents\tpAngularAPI\dataconnect`
 {"metadata":{"emulator":{"name":"dataconnect"},"message":"E0211 13:18:21.086738    9376 watch.go:40] Failed to load config from \"c:\\\\Users\\\\USUARIO\\\\Documents\\\\tpAngularAPI\\\\dataconnect\": could not find dataconnect.yaml in `c:\\Users\\USUARIO\\Documents\\tpAngularAPI\\dataconnect`\n"}}
[debug] [2026-02-11T16:18:31.087Z] E0211 13:18:31.086743    9376 watch.go:40] Failed to load config from "c:\\Users\\USUARIO\\Documents\\tpAngularAPI\\dataconnect": could not find dataconnect.yaml in `c:\Users\USUARIO\Documents\tpAngularAPI\dataconnect`
 {"metadata":{"emulator":{"name":"dataconnect"},"message":"E0211 13:18:31.086743    9376 watch.go:40] Failed to load config from \"c:\\\\Users\\\\USUARIO\\\\Documents\\\\tpAngularAPI\\\\dataconnect\": could not find dataconnect.yaml in `c:\\Users\\USUARIO\\Documents\\tpAngularAPI\\dataconnect`\n"}}
[debug] [2026-02-11T16:18:41.087Z] E0211 13:18:41.086575    9376 watch.go:40] Failed to load config from "c:\\Users\\USUARIO\\Documents\\tpAngularAPI\\dataconnect": could not find dataconnect.yaml in `c:\Users\USUARIO\Documents\tpAngularAPI\dataconnect`
 {"metadata":{"emulator":{"name":"dataconnect"},"message":"E0211 13:18:41.086575    9376 watch.go:40] Failed to load config from \"c:\\\\Users\\\\USUARIO\\\\Documents\\\\tpAngularAPI\\\\dataconnect\": could not find dataconnect.yaml in `c:\\Users\\USUARIO\\Documents\\tpAngularAPI\\dataconnect`\n"}}
[debug] [2026-02-11T16:18:51.087Z] E0211 13:18:51.086584    9376 watch.go:40] Failed to load config from "c:\\Users\\USUARIO\\Documents\\tpAngularAPI\\dataconnect": could not find dataconnect.yaml in `c:\Users\USUARIO\Documents\tpAngularAPI\dataconnect`
 {"metadata":{"emulator":{"name":"dataconnect"},"message":"E0211 13:18:51.086584    9376 watch.go:40] Failed to load config from \"c:\\\\Users\\\\USUARIO\\\\Documents\\\\tpAngularAPI\\\\dataconnect\": could not find dataconnect.yaml in `c:\\Users\\USUARIO\\Documents\\tpAngularAPI\\dataconnect`\n"}}
[debug] [2026-02-11T16:19:01.087Z] E0211 13:19:01.087209    9376 watch.go:40] Failed to load config from "c:\\Users\\USUARIO\\Documents\\tpAngularAPI\\dataconnect": could not find dataconnect.yaml in `c:\Users\USUARIO\Documents\tpAngularAPI\dataconnect`
 {"metadata":{"emulator":{"name":"dataconnect"},"message":"E0211 13:19:01.087209    9376 watch.go:40] Failed to load config from \"c:\\\\Users\\\\USUARIO\\\\Documents\\\\tpAngularAPI\\\\dataconnect\": could not find dataconnect.yaml in `c:\\Users\\USUARIO\\Documents\\tpAngularAPI\\dataconnect`\n"}}
[debug] [2026-02-11T16:19:11.087Z] E0211 13:19:11.087460    9376 watch.go:40] Failed to load config from "c:\\Users\\USUARIO\\Documents\\tpAngularAPI\\dataconnect": could not find dataconnect.yaml in `c:\Users\USUARIO\Documents\tpAngularAPI\dataconnect`
 {"metadata":{"emulator":{"name":"dataconnect"},"message":"E0211 13:19:11.087460    9376 watch.go:40] Failed to load config from \"c:\\\\Users\\\\USUARIO\\\\Documents\\\\tpAngularAPI\\\\dataconnect\": could not find dataconnect.yaml in `c:\\Users\\USUARIO\\Documents\\tpAngularAPI\\dataconnect`\n"}}
[debug] [2026-02-11T16:19:21.087Z] E0211 13:19:21.087174    9376 watch.go:40] Failed to load config from "c:\\Users\\USUARIO\\Documents\\tpAngularAPI\\dataconnect": could not find dataconnect.yaml in `c:\Users\USUARIO\Documents\tpAngularAPI\dataconnect`
 {"metadata":{"emulator":{"name":"dataconnect"},"message":"E0211 13:19:21.087174    9376 watch.go:40] Failed to load config from \"c:\\\\Users\\\\USUARIO\\\\Documents\\\\tpAngularAPI\\\\dataconnect\": could not find dataconnect.yaml in `c:\\Users\\USUARIO\\Documents\\tpAngularAPI\\dataconnect`\n"}}
[debug] [2026-02-11T16:19:21.088Z] E0211 13:19:21.087174    9376 watch.go:116] watchAllDir unable to walk dir `c:\Users\USUARIO\Documents\tpAngularAPI\dataconnect`: CreateFile c:\Users\USUARIO\Documents\tpAngularAPI\dataconnect: The system cannot find the file specified.
 {"metadata":{"emulator":{"name":"dataconnect"},"message":"E0211 13:19:21.087174    9376 watch.go:116] watchAllDir unable to walk dir `c:\\Users\\USUARIO\\Documents\\tpAngularAPI\\dataconnect`: CreateFile c:\\Users\\USUARIO\\Documents\\tpAngularAPI\\dataconnect: The system cannot find the file specified.\n"}}
[debug] [2026-02-11T16:19:31.087Z] E0211 13:19:31.087732    9376 watch.go:40] Failed to load config from "c:\\Users\\USUARIO\\Documents\\tpAngularAPI\\dataconnect": could not find dataconnect.yaml in `c:\Users\USUARIO\Documents\tpAngularAPI\dataconnect`
 {"metadata":{"emulator":{"name":"dataconnect"},"message":"E0211 13:19:31.087732    9376 watch.go:40] Failed to load config from \"c:\\\\Users\\\\USUARIO\\\\Documents\\\\tpAngularAPI\\\\dataconnect\": could not find dataconnect.yaml in `c:\\Users\\USUARIO\\Documents\\tpAngularAPI\\dataconnect`\n"}}
[debug] [2026-02-11T16:19:41.088Z] E0211 13:19:41.088380    9376 watch.go:40] Failed to load config from "c:\\Users\\USUARIO\\Documents\\tpAngularAPI\\dataconnect": could not find dataconnect.yaml in `c:\Users\USUARIO\Documents\tpAngularAPI\dataconnect`
 {"metadata":{"emulator":{"name":"dataconnect"},"message":"E0211 13:19:41.088380    9376 watch.go:40] Failed to load config from \"c:\\\\Users\\\\USUARIO\\\\Documents\\\\tpAngularAPI\\\\dataconnect\": could not find dataconnect.yaml in `c:\\Users\\USUARIO\\Documents\\tpAngularAPI\\dataconnect`\n"}}
[debug] [2026-02-11T16:19:51.087Z] E0211 13:19:51.086759    9376 watch.go:40] Failed to load config from "c:\\Users\\USUARIO\\Documents\\tpAngularAPI\\dataconnect": could not find dataconnect.yaml in `c:\Users\USUARIO\Documents\tpAngularAPI\dataconnect`
 {"metadata":{"emulator":{"name":"dataconnect"},"message":"E0211 13:19:51.086759    9376 watch.go:40] Failed to load config from \"c:\\\\Users\\\\USUARIO\\\\Documents\\\\tpAngularAPI\\\\dataconnect\": could not find dataconnect.yaml in `c:\\Users\\USUARIO\\Documents\\tpAngularAPI\\dataconnect`\n"}}
[debug] [2026-02-11T16:20:01.087Z] E0211 13:20:01.086837    9376 watch.go:40] Failed to load config from "c:\\Users\\USUARIO\\Documents\\tpAngularAPI\\dataconnect": could not find dataconnect.yaml in `c:\Users\USUARIO\Documents\tpAngularAPI\dataconnect`
 {"metadata":{"emulator":{"name":"dataconnect"},"message":"E0211 13:20:01.086837    9376 watch.go:40] Failed to load config from \"c:\\\\Users\\\\USUARIO\\\\Documents\\\\tpAngularAPI\\\\dataconnect\": could not find dataconnect.yaml in `c:\\Users\\USUARIO\\Documents\\tpAngularAPI\\dataconnect`\n"}}
[debug] [2026-02-11T16:20:11.087Z] E0211 13:20:11.086836    9376 watch.go:40] Failed to load config from "c:\\Users\\USUARIO\\Documents\\tpAngularAPI\\dataconnect": could not find dataconnect.yaml in `c:\Users\USUARIO\Documents\tpAngularAPI\dataconnect`
 {"metadata":{"emulator":{"name":"dataconnect"},"message":"E0211 13:20:11.086836    9376 watch.go:40] Failed to load config from \"c:\\\\Users\\\\USUARIO\\\\Documents\\\\tpAngularAPI\\\\dataconnect\": could not find dataconnect.yaml in `c:\\Users\\USUARIO\\Documents\\tpAngularAPI\\dataconnect`\n"}}
[debug] [2026-02-11T16:20:21.086Z] E0211 13:20:21.086829    9376 watch.go:116] watchAllDir unable to walk dir `c:\Users\USUARIO\Documents\tpAngularAPI\dataconnect`: CreateFile c:\Users\USUARIO\Documents\tpAngularAPI\dataconnect: The system cannot find the file specified.
 {"metadata":{"emulator":{"name":"dataconnect"},"message":"E0211 13:20:21.086829    9376 watch.go:116] watchAllDir unable to walk dir `c:\\Users\\USUARIO\\Documents\\tpAngularAPI\\dataconnect`: CreateFile c:\\Users\\USUARIO\\Documents\\tpAngularAPI\\dataconnect: The system cannot find the file specified.\n"}}
[debug] [2026-02-11T16:20:21.087Z] E0211 13:20:21.086829    9376 watch.go:40] Failed to load config from "c:\\Users\\USUARIO\\Documents\\tpAngularAPI\\dataconnect": could not find dataconnect.yaml in `c:\Users\USUARIO\Documents\tpAngularAPI\dataconnect`
 {"metadata":{"emulator":{"name":"dataconnect"},"message":"E0211 13:20:21.086829    9376 watch.go:40] Failed to load config from \"c:\\\\Users\\\\USUARIO\\\\Documents\\\\tpAngularAPI\\\\dataconnect\": could not find dataconnect.yaml in `c:\\Users\\USUARIO\\Documents\\tpAngularAPI\\dataconnect`\n"}}
[debug] [2026-02-11T16:20:31.086Z] E0211 13:20:31.086643    9376 watch.go:40] Failed to load config from "c:\\Users\\USUARIO\\Documents\\tpAngularAPI\\dataconnect": could not find dataconnect.yaml in `c:\Users\USUARIO\Documents\tpAngularAPI\dataconnect`
 {"metadata":{"emulator":{"name":"dataconnect"},"message":"E0211 13:20:31.086643    9376 watch.go:40] Failed to load config from \"c:\\\\Users\\\\USUARIO\\\\Documents\\\\tpAngularAPI\\\\dataconnect\": could not find dataconnect.yaml in `c:\\Users\\USUARIO\\Documents\\tpAngularAPI\\dataconnect`\n"}}
[debug] [2026-02-11T16:20:41.086Z] E0211 13:20:41.087038    9376 watch.go:40] Failed to load config from "c:\\Users\\USUARIO\\Documents\\tpAngularAPI\\dataconnect": could not find dataconnect.yaml in `c:\Users\USUARIO\Documents\tpAngularAPI\dataconnect`
 {"metadata":{"emulator":{"name":"dataconnect"},"message":"E0211 13:20:41.087038    9376 watch.go:40] Failed to load config from \"c:\\\\Users\\\\USUARIO\\\\Documents\\\\tpAngularAPI\\\\dataconnect\": could not find dataconnect.yaml in `c:\\Users\\USUARIO\\Documents\\tpAngularAPI\\dataconnect`\n"}}
[debug] [2026-02-11T16:20:51.086Z] E0211 13:20:51.086573    9376 watch.go:40] Failed to load config from "c:\\Users\\USUARIO\\Documents\\tpAngularAPI\\dataconnect": could not find dataconnect.yaml in `c:\Users\USUARIO\Documents\tpAngularAPI\dataconnect`
 {"metadata":{"emulator":{"name":"dataconnect"},"message":"E0211 13:20:51.086573    9376 watch.go:40] Failed to load config from \"c:\\\\Users\\\\USUARIO\\\\Documents\\\\tpAngularAPI\\\\dataconnect\": could not find dataconnect.yaml in `c:\\Users\\USUARIO\\Documents\\tpAngularAPI\\dataconnect`\n"}}
[debug] [2026-02-11T16:21:01.086Z] E0211 13:21:01.086652    9376 watch.go:40] Failed to load config from "c:\\Users\\USUARIO\\Documents\\tpAngularAPI\\dataconnect": could not find dataconnect.yaml in `c:\Users\USUARIO\Documents\tpAngularAPI\dataconnect`
 {"metadata":{"emulator":{"name":"dataconnect"},"message":"E0211 13:21:01.086652    9376 watch.go:40] Failed to load config from \"c:\\\\Users\\\\USUARIO\\\\Documents\\\\tpAngularAPI\\\\dataconnect\": could not find dataconnect.yaml in `c:\\Users\\USUARIO\\Documents\\tpAngularAPI\\dataconnect`\n"}}
[debug] [2026-02-11T16:21:11.086Z] E0211 13:21:11.086728    9376 watch.go:40] Failed to load config from "c:\\Users\\USUARIO\\Documents\\tpAngularAPI\\dataconnect": could not find dataconnect.yaml in `c:\Users\USUARIO\Documents\tpAngularAPI\dataconnect`
 {"metadata":{"emulator":{"name":"dataconnect"},"message":"E0211 13:21:11.086728    9376 watch.go:40] Failed to load config from \"c:\\\\Users\\\\USUARIO\\\\Documents\\\\tpAngularAPI\\\\dataconnect\": could not find dataconnect.yaml in `c:\\Users\\USUARIO\\Documents\\tpAngularAPI\\dataconnect`\n"}}
[debug] [2026-02-11T16:21:21.086Z] E0211 13:21:21.086960    9376 watch.go:116] watchAllDir unable to walk dir `c:\Users\USUARIO\Documents\tpAngularAPI\dataconnect`: CreateFile c:\Users\USUARIO\Documents\tpAngularAPI\dataconnect: The system cannot find the file specified.
 {"metadata":{"emulator":{"name":"dataconnect"},"message":"E0211 13:21:21.086960    9376 watch.go:116] watchAllDir unable to walk dir `c:\\Users\\USUARIO\\Documents\\tpAngularAPI\\dataconnect`: CreateFile c:\\Users\\USUARIO\\Documents\\tpAngularAPI\\dataconnect: The system cannot find the file specified.\n"}}
[debug] [2026-02-11T16:21:21.087Z] E0211 13:21:21.086960    9376 watch.go:40] Failed to load config from "c:\\Users\\USUARIO\\Documents\\tpAngularAPI\\dataconnect": could not find dataconnect.yaml in `c:\Users\USUARIO\Documents\tpAngularAPI\dataconnect`
 {"metadata":{"emulator":{"name":"dataconnect"},"message":"E0211 13:21:21.086960    9376 watch.go:40] Failed to load config from \"c:\\\\Users\\\\USUARIO\\\\Documents\\\\tpAngularAPI\\\\dataconnect\": could not find dataconnect.yaml in `c:\\Users\\USUARIO\\Documents\\tpAngularAPI\\dataconnect`\n"}}
[debug] [2026-02-11T16:21:31.086Z] E0211 13:21:31.086654    9376 watch.go:40] Failed to load config from "c:\\Users\\USUARIO\\Documents\\tpAngularAPI\\dataconnect": could not find dataconnect.yaml in `c:\Users\USUARIO\Documents\tpAngularAPI\dataconnect`
 {"metadata":{"emulator":{"name":"dataconnect"},"message":"E0211 13:21:31.086654    9376 watch.go:40] Failed to load config from \"c:\\\\Users\\\\USUARIO\\\\Documents\\\\tpAngularAPI\\\\dataconnect\": could not find dataconnect.yaml in `c:\\Users\\USUARIO\\Documents\\tpAngularAPI\\dataconnect`\n"}}
[debug] [2026-02-11T16:21:41.086Z] E0211 13:21:41.086572    9376 watch.go:40] Failed to load config from "c:\\Users\\USUARIO\\Documents\\tpAngularAPI\\dataconnect": could not find dataconnect.yaml in `c:\Users\USUARIO\Documents\tpAngularAPI\dataconnect`
 {"metadata":{"emulator":{"name":"dataconnect"},"message":"E0211 13:21:41.086572    9376 watch.go:40] Failed to load config from \"c:\\\\Users\\\\USUARIO\\\\Documents\\\\tpAngularAPI\\\\dataconnect\": could not find dataconnect.yaml in `c:\\Users\\USUARIO\\Documents\\tpAngularAPI\\dataconnect`\n"}}
[debug] [2026-02-11T16:21:51.087Z] E0211 13:21:51.086910    9376 watch.go:40] Failed to load config from "c:\\Users\\USUARIO\\Documents\\tpAngularAPI\\dataconnect": could not find dataconnect.yaml in `c:\Users\USUARIO\Documents\tpAngularAPI\dataconnect`
 {"metadata":{"emulator":{"name":"dataconnect"},"message":"E0211 13:21:51.086910    9376 watch.go:40] Failed to load config from \"c:\\\\Users\\\\USUARIO\\\\Documents\\\\tpAngularAPI\\\\dataconnect\": could not find dataconnect.yaml in `c:\\Users\\USUARIO\\Documents\\tpAngularAPI\\dataconnect`\n"}}
[debug] [2026-02-11T16:22:01.087Z] E0211 13:22:01.086990    9376 watch.go:40] Failed to load config from "c:\\Users\\USUARIO\\Documents\\tpAngularAPI\\dataconnect": could not find dataconnect.yaml in `c:\Users\USUARIO\Documents\tpAngularAPI\dataconnect`
 {"metadata":{"emulator":{"name":"dataconnect"},"message":"E0211 13:22:01.086990    9376 watch.go:40] Failed to load config from \"c:\\\\Users\\\\USUARIO\\\\Documents\\\\tpAngularAPI\\\\dataconnect\": could not find dataconnect.yaml in `c:\\Users\\USUARIO\\Documents\\tpAngularAPI\\dataconnect`\n"}}
[debug] [2026-02-11T16:22:11.086Z] E0211 13:22:11.086566    9376 watch.go:40] Failed to load config from "c:\\Users\\USUARIO\\Documents\\tpAngularAPI\\dataconnect": could not find dataconnect.yaml in `c:\Users\USUARIO\Documents\tpAngularAPI\dataconnect`
 {"metadata":{"emulator":{"name":"dataconnect"},"message":"E0211 13:22:11.086566    9376 watch.go:40] Failed to load config from \"c:\\\\Users\\\\USUARIO\\\\Documents\\\\tpAngularAPI\\\\dataconnect\": could not find dataconnect.yaml in `c:\\Users\\USUARIO\\Documents\\tpAngularAPI\\dataconnect`\n"}}
[debug] [2026-02-11T16:22:21.086Z] E0211 13:22:21.086811    9376 watch.go:116] watchAllDir unable to walk dir `c:\Users\USUARIO\Documents\tpAngularAPI\dataconnect`: CreateFile c:\Users\USUARIO\Documents\tpAngularAPI\dataconnect: The system cannot find the file specified.
 {"metadata":{"emulator":{"name":"dataconnect"},"message":"E0211 13:22:21.086811    9376 watch.go:116] watchAllDir unable to walk dir `c:\\Users\\USUARIO\\Documents\\tpAngularAPI\\dataconnect`: CreateFile c:\\Users\\USUARIO\\Documents\\tpAngularAPI\\dataconnect: The system cannot find the file specified.\n"}}
[debug] [2026-02-11T16:22:21.088Z] E0211 13:22:21.086811    9376 watch.go:40] Failed to load config from "c:\\Users\\USUARIO\\Documents\\tpAngularAPI\\dataconnect": could not find dataconnect.yaml in `c:\Users\USUARIO\Documents\tpAngularAPI\dataconnect`
 {"metadata":{"emulator":{"name":"dataconnect"},"message":"E0211 13:22:21.086811    9376 watch.go:40] Failed to load config from \"c:\\\\Users\\\\USUARIO\\\\Documents\\\\tpAngularAPI\\\\dataconnect\": could not find dataconnect.yaml in `c:\\Users\\USUARIO\\Documents\\tpAngularAPI\\dataconnect`\n"}}
[debug] [2026-02-11T16:22:31.087Z] E0211 13:22:31.086748    9376 watch.go:40] Failed to load config from "c:\\Users\\USUARIO\\Documents\\tpAngularAPI\\dataconnect": could not find dataconnect.yaml in `c:\Users\USUARIO\Documents\tpAngularAPI\dataconnect`
 {"metadata":{"emulator":{"name":"dataconnect"},"message":"E0211 13:22:31.086748    9376 watch.go:40] Failed to load config from \"c:\\\\Users\\\\USUARIO\\\\Documents\\\\tpAngularAPI\\\\dataconnect\": could not find dataconnect.yaml in `c:\\Users\\USUARIO\\Documents\\tpAngularAPI\\dataconnect`\n"}}
[debug] [2026-02-11T16:22:41.086Z] E0211 13:22:41.086568    9376 watch.go:40] Failed to load config from "c:\\Users\\USUARIO\\Documents\\tpAngularAPI\\dataconnect": could not find dataconnect.yaml in `c:\Users\USUARIO\Documents\tpAngularAPI\dataconnect`
 {"metadata":{"emulator":{"name":"dataconnect"},"message":"E0211 13:22:41.086568    9376 watch.go:40] Failed to load config from \"c:\\\\Users\\\\USUARIO\\\\Documents\\\\tpAngularAPI\\\\dataconnect\": could not find dataconnect.yaml in `c:\\Users\\USUARIO\\Documents\\tpAngularAPI\\dataconnect`\n"}}
[debug] [2026-02-11T16:22:51.087Z] E0211 13:22:51.086587    9376 watch.go:40] Failed to load config from "c:\\Users\\USUARIO\\Documents\\tpAngularAPI\\dataconnect": could not find dataconnect.yaml in `c:\Users\USUARIO\Documents\tpAngularAPI\dataconnect`
 {"metadata":{"emulator":{"name":"dataconnect"},"message":"E0211 13:22:51.086587    9376 watch.go:40] Failed to load config from \"c:\\\\Users\\\\USUARIO\\\\Documents\\\\tpAngularAPI\\\\dataconnect\": could not find dataconnect.yaml in `c:\\Users\\USUARIO\\Documents\\tpAngularAPI\\dataconnect`\n"}}
[debug] [2026-02-11T16:23:01.087Z] E0211 13:23:01.086788    9376 watch.go:40] Failed to load config from "c:\\Users\\USUARIO\\Documents\\tpAngularAPI\\dataconnect": could not find dataconnect.yaml in `c:\Users\USUARIO\Documents\tpAngularAPI\dataconnect`
 {"metadata":{"emulator":{"name":"dataconnect"},"message":"E0211 13:23:01.086788    9376 watch.go:40] Failed to load config from \"c:\\\\Users\\\\USUARIO\\\\Documents\\\\tpAngularAPI\\\\dataconnect\": could not find dataconnect.yaml in `c:\\Users\\USUARIO\\Documents\\tpAngularAPI\\dataconnect`\n"}}
[debug] [2026-02-11T16:23:11.086Z] E0211 13:23:11.086966    9376 watch.go:40] Failed to load config from "c:\\Users\\USUARIO\\Documents\\tpAngularAPI\\dataconnect": could not find dataconnect.yaml in `c:\Users\USUARIO\Documents\tpAngularAPI\dataconnect`
 {"metadata":{"emulator":{"name":"dataconnect"},"message":"E0211 13:23:11.086966    9376 watch.go:40] Failed to load config from \"c:\\\\Users\\\\USUARIO\\\\Documents\\\\tpAngularAPI\\\\dataconnect\": could not find dataconnect.yaml in `c:\\Users\\USUARIO\\Documents\\tpAngularAPI\\dataconnect`\n"}}
[debug] [2026-02-11T16:23:21.086Z] E0211 13:23:21.086575    9376 watch.go:116] watchAllDir unable to walk dir `c:\Users\USUARIO\Documents\tpAngularAPI\dataconnect`: CreateFile c:\Users\USUARIO\Documents\tpAngularAPI\dataconnect: The system cannot find the file specified.
 {"metadata":{"emulator":{"name":"dataconnect"},"message":"E0211 13:23:21.086575    9376 watch.go:116] watchAllDir unable to walk dir `c:\\Users\\USUARIO\\Documents\\tpAngularAPI\\dataconnect`: CreateFile c:\\Users\\USUARIO\\Documents\\tpAngularAPI\\dataconnect: The system cannot find the file specified.\n"}}
[debug] [2026-02-11T16:23:21.087Z] E0211 13:23:21.086575    9376 watch.go:40] Failed to load config from "c:\\Users\\USUARIO\\Documents\\tpAngularAPI\\dataconnect": could not find dataconnect.yaml in `c:\Users\USUARIO\Documents\tpAngularAPI\dataconnect`
 {"metadata":{"emulator":{"name":"dataconnect"},"message":"E0211 13:23:21.086575    9376 watch.go:40] Failed to load config from \"c:\\\\Users\\\\USUARIO\\\\Documents\\\\tpAngularAPI\\\\dataconnect\": could not find dataconnect.yaml in `c:\\Users\\USUARIO\\Documents\\tpAngularAPI\\dataconnect`\n"}}
[debug] [2026-02-11T16:23:31.086Z] E0211 13:23:31.086864    9376 watch.go:40] Failed to load config from "c:\\Users\\USUARIO\\Documents\\tpAngularAPI\\dataconnect": could not find dataconnect.yaml in `c:\Users\USUARIO\Documents\tpAngularAPI\dataconnect`
 {"metadata":{"emulator":{"name":"dataconnect"},"message":"E0211 13:23:31.086864    9376 watch.go:40] Failed to load config from \"c:\\\\Users\\\\USUARIO\\\\Documents\\\\tpAngularAPI\\\\dataconnect\": could not find dataconnect.yaml in `c:\\Users\\USUARIO\\Documents\\tpAngularAPI\\dataconnect`\n"}}
[debug] [2026-02-11T16:23:41.087Z] E0211 13:23:41.087051    9376 watch.go:40] Failed to load config from "c:\\Users\\USUARIO\\Documents\\tpAngularAPI\\dataconnect": could not find dataconnect.yaml in `c:\Users\USUARIO\Documents\tpAngularAPI\dataconnect`
 {"metadata":{"emulator":{"name":"dataconnect"},"message":"E0211 13:23:41.087051    9376 watch.go:40] Failed to load config from \"c:\\\\Users\\\\USUARIO\\\\Documents\\\\tpAngularAPI\\\\dataconnect\": could not find dataconnect.yaml in `c:\\Users\\USUARIO\\Documents\\tpAngularAPI\\dataconnect`\n"}}
[debug] [2026-02-11T16:23:51.086Z] E0211 13:23:51.086586    9376 watch.go:40] Failed to load config from "c:\\Users\\USUARIO\\Documents\\tpAngularAPI\\dataconnect": could not find dataconnect.yaml in `c:\Users\USUARIO\Documents\tpAngularAPI\dataconnect`
 {"metadata":{"emulator":{"name":"dataconnect"},"message":"E0211 13:23:51.086586    9376 watch.go:40] Failed to load config from \"c:\\\\Users\\\\USUARIO\\\\Documents\\\\tpAngularAPI\\\\dataconnect\": could not find dataconnect.yaml in `c:\\Users\\USUARIO\\Documents\\tpAngularAPI\\dataconnect`\n"}}
[debug] [2026-02-11T16:24:01.086Z] E0211 13:24:01.086557    9376 watch.go:40] Failed to load config from "c:\\Users\\USUARIO\\Documents\\tpAngularAPI\\dataconnect": could not find dataconnect.yaml in `c:\Users\USUARIO\Documents\tpAngularAPI\dataconnect`
 {"metadata":{"emulator":{"name":"dataconnect"},"message":"E0211 13:24:01.086557    9376 watch.go:40] Failed to load config from \"c:\\\\Users\\\\USUARIO\\\\Documents\\\\tpAngularAPI\\\\dataconnect\": could not find dataconnect.yaml in `c:\\Users\\USUARIO\\Documents\\tpAngularAPI\\dataconnect`\n"}}
[debug] [2026-02-11T16:24:11.087Z] E0211 13:24:11.087893    9376 watch.go:40] Failed to load config from "c:\\Users\\USUARIO\\Documents\\tpAngularAPI\\dataconnect": could not find dataconnect.yaml in `c:\Users\USUARIO\Documents\tpAngularAPI\dataconnect`
 {"metadata":{"emulator":{"name":"dataconnect"},"message":"E0211 13:24:11.087893    9376 watch.go:40] Failed to load config from \"c:\\\\Users\\\\USUARIO\\\\Documents\\\\tpAngularAPI\\\\dataconnect\": could not find dataconnect.yaml in `c:\\Users\\USUARIO\\Documents\\tpAngularAPI\\dataconnect`\n"}}
[debug] [2026-02-11T16:24:21.086Z] E0211 13:24:21.086613    9376 watch.go:116] watchAllDir unable to walk dir `c:\Users\USUARIO\Documents\tpAngularAPI\dataconnect`: CreateFile c:\Users\USUARIO\Documents\tpAngularAPI\dataconnect: The system cannot find the file specified.
 {"metadata":{"emulator":{"name":"dataconnect"},"message":"E0211 13:24:21.086613    9376 watch.go:116] watchAllDir unable to walk dir `c:\\Users\\USUARIO\\Documents\\tpAngularAPI\\dataconnect`: CreateFile c:\\Users\\USUARIO\\Documents\\tpAngularAPI\\dataconnect: The system cannot find the file specified.\n"}}
[debug] [2026-02-11T16:24:21.086Z] E0211 13:24:21.086613    9376 watch.go:40] Failed to load config from "c:\\Users\\USUARIO\\Documents\\tpAngularAPI\\dataconnect": could not find dataconnect.yaml in `c:\Users\USUARIO\Documents\tpAngularAPI\dataconnect`
 {"metadata":{"emulator":{"name":"dataconnect"},"message":"E0211 13:24:21.086613    9376 watch.go:40] Failed to load config from \"c:\\\\Users\\\\USUARIO\\\\Documents\\\\tpAngularAPI\\\\dataconnect\": could not find dataconnect.yaml in `c:\\Users\\USUARIO\\Documents\\tpAngularAPI\\dataconnect`\n"}}
[debug] [2026-02-11T16:24:31.087Z] E0211 13:24:31.087887    9376 watch.go:40] Failed to load config from "c:\\Users\\USUARIO\\Documents\\tpAngularAPI\\dataconnect": could not find dataconnect.yaml in `c:\Users\USUARIO\Documents\tpAngularAPI\dataconnect`
 {"metadata":{"emulator":{"name":"dataconnect"},"message":"E0211 13:24:31.087887    9376 watch.go:40] Failed to load config from \"c:\\\\Users\\\\USUARIO\\\\Documents\\\\tpAngularAPI\\\\dataconnect\": could not find dataconnect.yaml in `c:\\Users\\USUARIO\\Documents\\tpAngularAPI\\dataconnect`\n"}}
[debug] [2026-02-11T16:24:41.086Z] E0211 13:24:41.086678    9376 watch.go:40] Failed to load config from "c:\\Users\\USUARIO\\Documents\\tpAngularAPI\\dataconnect": could not find dataconnect.yaml in `c:\Users\USUARIO\Documents\tpAngularAPI\dataconnect`
 {"metadata":{"emulator":{"name":"dataconnect"},"message":"E0211 13:24:41.086678    9376 watch.go:40] Failed to load config from \"c:\\\\Users\\\\USUARIO\\\\Documents\\\\tpAngularAPI\\\\dataconnect\": could not find dataconnect.yaml in `c:\\Users\\USUARIO\\Documents\\tpAngularAPI\\dataconnect`\n"}}
[debug] [2026-02-11T16:24:51.086Z] E0211 13:24:51.087181    9376 watch.go:40] Failed to load config from "c:\\Users\\USUARIO\\Documents\\tpAngularAPI\\dataconnect": could not find dataconnect.yaml in `c:\Users\USUARIO\Documents\tpAngularAPI\dataconnect`
 {"metadata":{"emulator":{"name":"dataconnect"},"message":"E0211 13:24:51.087181    9376 watch.go:40] Failed to load config from \"c:\\\\Users\\\\USUARIO\\\\Documents\\\\tpAngularAPI\\\\dataconnect\": could not find dataconnect.yaml in `c:\\Users\\USUARIO\\Documents\\tpAngularAPI\\dataconnect`\n"}}
[debug] [2026-02-11T16:25:01.086Z] E0211 13:25:01.087063    9376 watch.go:40] Failed to load config from "c:\\Users\\USUARIO\\Documents\\tpAngularAPI\\dataconnect": could not find dataconnect.yaml in `c:\Users\USUARIO\Documents\tpAngularAPI\dataconnect`
 {"metadata":{"emulator":{"name":"dataconnect"},"message":"E0211 13:25:01.087063    9376 watch.go:40] Failed to load config from \"c:\\\\Users\\\\USUARIO\\\\Documents\\\\tpAngularAPI\\\\dataconnect\": could not find dataconnect.yaml in `c:\\Users\\USUARIO\\Documents\\tpAngularAPI\\dataconnect`\n"}}
[debug] [2026-02-11T16:25:11.086Z] E0211 13:25:11.087090    9376 watch.go:40] Failed to load config from "c:\\Users\\USUARIO\\Documents\\tpAngularAPI\\dataconnect": could not find dataconnect.yaml in `c:\Users\USUARIO\Documents\tpAngularAPI\dataconnect`
 {"metadata":{"emulator":{"name":"dataconnect"},"message":"E0211 13:25:11.087090    9376 watch.go:40] Failed to load config from \"c:\\\\Users\\\\USUARIO\\\\Documents\\\\tpAngularAPI\\\\dataconnect\": could not find dataconnect.yaml in `c:\\Users\\USUARIO\\Documents\\tpAngularAPI\\dataconnect`\n"}}
[debug] [2026-02-11T16:25:21.086Z] E0211 13:25:21.086579    9376 watch.go:116] watchAllDir unable to walk dir `c:\Users\USUARIO\Documents\tpAngularAPI\dataconnect`: CreateFile c:\Users\USUARIO\Documents\tpAngularAPI\dataconnect: The system cannot find the file specified.
 {"metadata":{"emulator":{"name":"dataconnect"},"message":"E0211 13:25:21.086579    9376 watch.go:116] watchAllDir unable to walk dir `c:\\Users\\USUARIO\\Documents\\tpAngularAPI\\dataconnect`: CreateFile c:\\Users\\USUARIO\\Documents\\tpAngularAPI\\dataconnect: The system cannot find the file specified.\n"}}
[debug] [2026-02-11T16:25:21.087Z] E0211 13:25:21.087166    9376 watch.go:40] Failed to load config from "c:\\Users\\USUARIO\\Documents\\tpAngularAPI\\dataconnect": could not find dataconnect.yaml in `c:\Users\USUARIO\Documents\tpAngularAPI\dataconnect`
 {"metadata":{"emulator":{"name":"dataconnect"},"message":"E0211 13:25:21.087166    9376 watch.go:40] Failed to load config from \"c:\\\\Users\\\\USUARIO\\\\Documents\\\\tpAngularAPI\\\\dataconnect\": could not find dataconnect.yaml in `c:\\Users\\USUARIO\\Documents\\tpAngularAPI\\dataconnect`\n"}}
[debug] [2026-02-11T16:25:31.087Z] E0211 13:25:31.086913    9376 watch.go:40] Failed to load config from "c:\\Users\\USUARIO\\Documents\\tpAngularAPI\\dataconnect": could not find dataconnect.yaml in `c:\Users\USUARIO\Documents\tpAngularAPI\dataconnect`
 {"metadata":{"emulator":{"name":"dataconnect"},"message":"E0211 13:25:31.086913    9376 watch.go:40] Failed to load config from \"c:\\\\Users\\\\USUARIO\\\\Documents\\\\tpAngularAPI\\\\dataconnect\": could not find dataconnect.yaml in `c:\\Users\\USUARIO\\Documents\\tpAngularAPI\\dataconnect`\n"}}
[debug] [2026-02-11T16:25:41.087Z] E0211 13:25:41.087017    9376 watch.go:40] Failed to load config from "c:\\Users\\USUARIO\\Documents\\tpAngularAPI\\dataconnect": could not find dataconnect.yaml in `c:\Users\USUARIO\Documents\tpAngularAPI\dataconnect`
 {"metadata":{"emulator":{"name":"dataconnect"},"message":"E0211 13:25:41.087017    9376 watch.go:40] Failed to load config from \"c:\\\\Users\\\\USUARIO\\\\Documents\\\\tpAngularAPI\\\\dataconnect\": could not find dataconnect.yaml in `c:\\Users\\USUARIO\\Documents\\tpAngularAPI\\dataconnect`\n"}}
[debug] [2026-02-11T16:25:51.086Z] E0211 13:25:51.086746    9376 watch.go:40] Failed to load config from "c:\\Users\\USUARIO\\Documents\\tpAngularAPI\\dataconnect": could not find dataconnect.yaml in `c:\Users\USUARIO\Documents\tpAngularAPI\dataconnect`
 {"metadata":{"emulator":{"name":"dataconnect"},"message":"E0211 13:25:51.086746    9376 watch.go:40] Failed to load config from \"c:\\\\Users\\\\USUARIO\\\\Documents\\\\tpAngularAPI\\\\dataconnect\": could not find dataconnect.yaml in `c:\\Users\\USUARIO\\Documents\\tpAngularAPI\\dataconnect`\n"}}
[debug] [2026-02-11T16:26:01.086Z] E0211 13:26:01.086547    9376 watch.go:40] Failed to load config from "c:\\Users\\USUARIO\\Documents\\tpAngularAPI\\dataconnect": could not find dataconnect.yaml in `c:\Users\USUARIO\Documents\tpAngularAPI\dataconnect`
 {"metadata":{"emulator":{"name":"dataconnect"},"message":"E0211 13:26:01.086547    9376 watch.go:40] Failed to load config from \"c:\\\\Users\\\\USUARIO\\\\Documents\\\\tpAngularAPI\\\\dataconnect\": could not find dataconnect.yaml in `c:\\Users\\USUARIO\\Documents\\tpAngularAPI\\dataconnect`\n"}}
[debug] [2026-02-11T16:26:11.087Z] E0211 13:26:11.087100    9376 watch.go:40] Failed to load config from "c:\\Users\\USUARIO\\Documents\\tpAngularAPI\\dataconnect": could not find dataconnect.yaml in `c:\Users\USUARIO\Documents\tpAngularAPI\dataconnect`
 {"metadata":{"emulator":{"name":"dataconnect"},"message":"E0211 13:26:11.087100    9376 watch.go:40] Failed to load config from \"c:\\\\Users\\\\USUARIO\\\\Documents\\\\tpAngularAPI\\\\dataconnect\": could not find dataconnect.yaml in `c:\\Users\\USUARIO\\Documents\\tpAngularAPI\\dataconnect`\n"}}
[debug] [2026-02-11T16:26:21.087Z] E0211 13:26:21.087051    9376 watch.go:116] watchAllDir unable to walk dir `c:\Users\USUARIO\Documents\tpAngularAPI\dataconnect`: CreateFile c:\Users\USUARIO\Documents\tpAngularAPI\dataconnect: The system cannot find the file specified.
 {"metadata":{"emulator":{"name":"dataconnect"},"message":"E0211 13:26:21.087051    9376 watch.go:116] watchAllDir unable to walk dir `c:\\Users\\USUARIO\\Documents\\tpAngularAPI\\dataconnect`: CreateFile c:\\Users\\USUARIO\\Documents\\tpAngularAPI\\dataconnect: The system cannot find the file specified.\n"}}
[debug] [2026-02-11T16:26:21.087Z] E0211 13:26:21.087051    9376 watch.go:40] Failed to load config from "c:\\Users\\USUARIO\\Documents\\tpAngularAPI\\dataconnect": could not find dataconnect.yaml in `c:\Users\USUARIO\Documents\tpAngularAPI\dataconnect`
 {"metadata":{"emulator":{"name":"dataconnect"},"message":"E0211 13:26:21.087051    9376 watch.go:40] Failed to load config from \"c:\\\\Users\\\\USUARIO\\\\Documents\\\\tpAngularAPI\\\\dataconnect\": could not find dataconnect.yaml in `c:\\Users\\USUARIO\\Documents\\tpAngularAPI\\dataconnect`\n"}}
[debug] [2026-02-11T16:26:31.086Z] E0211 13:26:31.086575    9376 watch.go:40] Failed to load config from "c:\\Users\\USUARIO\\Documents\\tpAngularAPI\\dataconnect": could not find dataconnect.yaml in `c:\Users\USUARIO\Documents\tpAngularAPI\dataconnect`
 {"metadata":{"emulator":{"name":"dataconnect"},"message":"E0211 13:26:31.086575    9376 watch.go:40] Failed to load config from \"c:\\\\Users\\\\USUARIO\\\\Documents\\\\tpAngularAPI\\\\dataconnect\": could not find dataconnect.yaml in `c:\\Users\\USUARIO\\Documents\\tpAngularAPI\\dataconnect`\n"}}
[debug] [2026-02-11T16:26:41.086Z] E0211 13:26:41.086571    9376 watch.go:40] Failed to load config from "c:\\Users\\USUARIO\\Documents\\tpAngularAPI\\dataconnect": could not find dataconnect.yaml in `c:\Users\USUARIO\Documents\tpAngularAPI\dataconnect`
 {"metadata":{"emulator":{"name":"dataconnect"},"message":"E0211 13:26:41.086571    9376 watch.go:40] Failed to load config from \"c:\\\\Users\\\\USUARIO\\\\Documents\\\\tpAngularAPI\\\\dataconnect\": could not find dataconnect.yaml in `c:\\Users\\USUARIO\\Documents\\tpAngularAPI\\dataconnect`\n"}}
[debug] [2026-02-11T16:26:51.086Z] E0211 13:26:51.086578    9376 watch.go:40] Failed to load config from "c:\\Users\\USUARIO\\Documents\\tpAngularAPI\\dataconnect": could not find dataconnect.yaml in `c:\Users\USUARIO\Documents\tpAngularAPI\dataconnect`
 {"metadata":{"emulator":{"name":"dataconnect"},"message":"E0211 13:26:51.086578    9376 watch.go:40] Failed to load config from \"c:\\\\Users\\\\USUARIO\\\\Documents\\\\tpAngularAPI\\\\dataconnect\": could not find dataconnect.yaml in `c:\\Users\\USUARIO\\Documents\\tpAngularAPI\\dataconnect`\n"}}
[debug] [2026-02-11T16:27:01.086Z] E0211 13:27:01.086559    9376 watch.go:40] Failed to load config from "c:\\Users\\USUARIO\\Documents\\tpAngularAPI\\dataconnect": could not find dataconnect.yaml in `c:\Users\USUARIO\Documents\tpAngularAPI\dataconnect`
 {"metadata":{"emulator":{"name":"dataconnect"},"message":"E0211 13:27:01.086559    9376 watch.go:40] Failed to load config from \"c:\\\\Users\\\\USUARIO\\\\Documents\\\\tpAngularAPI\\\\dataconnect\": could not find dataconnect.yaml in `c:\\Users\\USUARIO\\Documents\\tpAngularAPI\\dataconnect`\n"}}
[debug] [2026-02-11T16:27:11.086Z] E0211 13:27:11.086630    9376 watch.go:40] Failed to load config from "c:\\Users\\USUARIO\\Documents\\tpAngularAPI\\dataconnect": could not find dataconnect.yaml in `c:\Users\USUARIO\Documents\tpAngularAPI\dataconnect`
 {"metadata":{"emulator":{"name":"dataconnect"},"message":"E0211 13:27:11.086630    9376 watch.go:40] Failed to load config from \"c:\\\\Users\\\\USUARIO\\\\Documents\\\\tpAngularAPI\\\\dataconnect\": could not find dataconnect.yaml in `c:\\Users\\USUARIO\\Documents\\tpAngularAPI\\dataconnect`\n"}}
[debug] [2026-02-11T16:27:21.086Z] E0211 13:27:21.086949    9376 watch.go:116] watchAllDir unable to walk dir `c:\Users\USUARIO\Documents\tpAngularAPI\dataconnect`: CreateFile c:\Users\USUARIO\Documents\tpAngularAPI\dataconnect: The system cannot find the file specified.
 {"metadata":{"emulator":{"name":"dataconnect"},"message":"E0211 13:27:21.086949    9376 watch.go:116] watchAllDir unable to walk dir `c:\\Users\\USUARIO\\Documents\\tpAngularAPI\\dataconnect`: CreateFile c:\\Users\\USUARIO\\Documents\\tpAngularAPI\\dataconnect: The system cannot find the file specified.\n"}}
[debug] [2026-02-11T16:27:21.087Z] E0211 13:27:21.086949    9376 watch.go:40] Failed to load config from "c:\\Users\\USUARIO\\Documents\\tpAngularAPI\\dataconnect": could not find dataconnect.yaml in `c:\Users\USUARIO\Documents\tpAngularAPI\dataconnect`
 {"metadata":{"emulator":{"name":"dataconnect"},"message":"E0211 13:27:21.086949    9376 watch.go:40] Failed to load config from \"c:\\\\Users\\\\USUARIO\\\\Documents\\\\tpAngularAPI\\\\dataconnect\": could not find dataconnect.yaml in `c:\\Users\\USUARIO\\Documents\\tpAngularAPI\\dataconnect`\n"}}
[debug] [2026-02-11T16:27:31.125Z] E0211 13:27:31.125411    9376 watch.go:40] Failed to load config from "c:\\Users\\USUARIO\\Documents\\tpAngularAPI\\dataconnect": could not find dataconnect.yaml in `c:\Users\USUARIO\Documents\tpAngularAPI\dataconnect`
 {"metadata":{"emulator":{"name":"dataconnect"},"message":"E0211 13:27:31.125411    9376 watch.go:40] Failed to load config from \"c:\\\\Users\\\\USUARIO\\\\Documents\\\\tpAngularAPI\\\\dataconnect\": could not find dataconnect.yaml in `c:\\Users\\USUARIO\\Documents\\tpAngularAPI\\dataconnect`\n"}}
[debug] [2026-02-11T16:27:41.087Z] E0211 13:27:41.087183    9376 watch.go:40] Failed to load config from "c:\\Users\\USUARIO\\Documents\\tpAngularAPI\\dataconnect": could not find dataconnect.yaml in `c:\Users\USUARIO\Documents\tpAngularAPI\dataconnect`
 {"metadata":{"emulator":{"name":"dataconnect"},"message":"E0211 13:27:41.087183    9376 watch.go:40] Failed to load config from \"c:\\\\Users\\\\USUARIO\\\\Documents\\\\tpAngularAPI\\\\dataconnect\": could not find dataconnect.yaml in `c:\\Users\\USUARIO\\Documents\\tpAngularAPI\\dataconnect`\n"}}
[debug] [2026-02-11T16:27:51.087Z] E0211 13:27:51.087709    9376 watch.go:40] Failed to load config from "c:\\Users\\USUARIO\\Documents\\tpAngularAPI\\dataconnect": could not find dataconnect.yaml in `c:\Users\USUARIO\Documents\tpAngularAPI\dataconnect`
 {"metadata":{"emulator":{"name":"dataconnect"},"message":"E0211 13:27:51.087709    9376 watch.go:40] Failed to load config from \"c:\\\\Users\\\\USUARIO\\\\Documents\\\\tpAngularAPI\\\\dataconnect\": could not find dataconnect.yaml in `c:\\Users\\USUARIO\\Documents\\tpAngularAPI\\dataconnect`\n"}}
[debug] [2026-02-11T16:28:01.086Z] E0211 13:28:01.086549    9376 watch.go:40] Failed to load config from "c:\\Users\\USUARIO\\Documents\\tpAngularAPI\\dataconnect": could not find dataconnect.yaml in `c:\Users\USUARIO\Documents\tpAngularAPI\dataconnect`
 {"metadata":{"emulator":{"name":"dataconnect"},"message":"E0211 13:28:01.086549    9376 watch.go:40] Failed to load config from \"c:\\\\Users\\\\USUARIO\\\\Documents\\\\tpAngularAPI\\\\dataconnect\": could not find dataconnect.yaml in `c:\\Users\\USUARIO\\Documents\\tpAngularAPI\\dataconnect`\n"}}
[debug] [2026-02-11T16:28:11.086Z] E0211 13:28:11.086568    9376 watch.go:40] Failed to load config from "c:\\Users\\USUARIO\\Documents\\tpAngularAPI\\dataconnect": could not find dataconnect.yaml in `c:\Users\USUARIO\Documents\tpAngularAPI\dataconnect`
 {"metadata":{"emulator":{"name":"dataconnect"},"message":"E0211 13:28:11.086568    9376 watch.go:40] Failed to load config from \"c:\\\\Users\\\\USUARIO\\\\Documents\\\\tpAngularAPI\\\\dataconnect\": could not find dataconnect.yaml in `c:\\Users\\USUARIO\\Documents\\tpAngularAPI\\dataconnect`\n"}}
[debug] [2026-02-11T16:28:21.086Z] E0211 13:28:21.086581    9376 watch.go:116] watchAllDir unable to walk dir `c:\Users\USUARIO\Documents\tpAngularAPI\dataconnect`: CreateFile c:\Users\USUARIO\Documents\tpAngularAPI\dataconnect: The system cannot find the file specified.
 {"metadata":{"emulator":{"name":"dataconnect"},"message":"E0211 13:28:21.086581    9376 watch.go:116] watchAllDir unable to walk dir `c:\\Users\\USUARIO\\Documents\\tpAngularAPI\\dataconnect`: CreateFile c:\\Users\\USUARIO\\Documents\\tpAngularAPI\\dataconnect: The system cannot find the file specified.\n"}}
[debug] [2026-02-11T16:28:21.086Z] E0211 13:28:21.086581    9376 watch.go:40] Failed to load config from "c:\\Users\\USUARIO\\Documents\\tpAngularAPI\\dataconnect": could not find dataconnect.yaml in `c:\Users\USUARIO\Documents\tpAngularAPI\dataconnect`
 {"metadata":{"emulator":{"name":"dataconnect"},"message":"E0211 13:28:21.086581    9376 watch.go:40] Failed to load config from \"c:\\\\Users\\\\USUARIO\\\\Documents\\\\tpAngularAPI\\\\dataconnect\": could not find dataconnect.yaml in `c:\\Users\\USUARIO\\Documents\\tpAngularAPI\\dataconnect`\n"}}
[debug] [2026-02-11T16:28:31.086Z] E0211 13:28:31.086858    9376 watch.go:40] Failed to load config from "c:\\Users\\USUARIO\\Documents\\tpAngularAPI\\dataconnect": could not find dataconnect.yaml in `c:\Users\USUARIO\Documents\tpAngularAPI\dataconnect`
 {"metadata":{"emulator":{"name":"dataconnect"},"message":"E0211 13:28:31.086858    9376 watch.go:40] Failed to load config from \"c:\\\\Users\\\\USUARIO\\\\Documents\\\\tpAngularAPI\\\\dataconnect\": could not find dataconnect.yaml in `c:\\Users\\USUARIO\\Documents\\tpAngularAPI\\dataconnect`\n"}}
[debug] [2026-02-11T16:28:41.087Z] E0211 13:28:41.087132    9376 watch.go:40] Failed to load config from "c:\\Users\\USUARIO\\Documents\\tpAngularAPI\\dataconnect": could not find dataconnect.yaml in `c:\Users\USUARIO\Documents\tpAngularAPI\dataconnect`
 {"metadata":{"emulator":{"name":"dataconnect"},"message":"E0211 13:28:41.087132    9376 watch.go:40] Failed to load config from \"c:\\\\Users\\\\USUARIO\\\\Documents\\\\tpAngularAPI\\\\dataconnect\": could not find dataconnect.yaml in `c:\\Users\\USUARIO\\Documents\\tpAngularAPI\\dataconnect`\n"}}
[debug] [2026-02-11T16:28:51.087Z] E0211 13:28:51.087028    9376 watch.go:40] Failed to load config from "c:\\Users\\USUARIO\\Documents\\tpAngularAPI\\dataconnect": could not find dataconnect.yaml in `c:\Users\USUARIO\Documents\tpAngularAPI\dataconnect`
 {"metadata":{"emulator":{"name":"dataconnect"},"message":"E0211 13:28:51.087028    9376 watch.go:40] Failed to load config from \"c:\\\\Users\\\\USUARIO\\\\Documents\\\\tpAngularAPI\\\\dataconnect\": could not find dataconnect.yaml in `c:\\Users\\USUARIO\\Documents\\tpAngularAPI\\dataconnect`\n"}}
[debug] [2026-02-11T16:29:01.087Z] E0211 13:29:01.086855    9376 watch.go:40] Failed to load config from "c:\\Users\\USUARIO\\Documents\\tpAngularAPI\\dataconnect": could not find dataconnect.yaml in `c:\Users\USUARIO\Documents\tpAngularAPI\dataconnect`
 {"metadata":{"emulator":{"name":"dataconnect"},"message":"E0211 13:29:01.086855    9376 watch.go:40] Failed to load config from \"c:\\\\Users\\\\USUARIO\\\\Documents\\\\tpAngularAPI\\\\dataconnect\": could not find dataconnect.yaml in `c:\\Users\\USUARIO\\Documents\\tpAngularAPI\\dataconnect`\n"}}
[debug] [2026-02-11T16:29:11.087Z] E0211 13:29:11.086885    9376 watch.go:40] Failed to load config from "c:\\Users\\USUARIO\\Documents\\tpAngularAPI\\dataconnect": could not find dataconnect.yaml in `c:\Users\USUARIO\Documents\tpAngularAPI\dataconnect`
 {"metadata":{"emulator":{"name":"dataconnect"},"message":"E0211 13:29:11.086885    9376 watch.go:40] Failed to load config from \"c:\\\\Users\\\\USUARIO\\\\Documents\\\\tpAngularAPI\\\\dataconnect\": could not find dataconnect.yaml in `c:\\Users\\USUARIO\\Documents\\tpAngularAPI\\dataconnect`\n"}}
[debug] [2026-02-11T16:29:21.086Z] E0211 13:29:21.086734    9376 watch.go:116] watchAllDir unable to walk dir `c:\Users\USUARIO\Documents\tpAngularAPI\dataconnect`: CreateFile c:\Users\USUARIO\Documents\tpAngularAPI\dataconnect: The system cannot find the file specified.
 {"metadata":{"emulator":{"name":"dataconnect"},"message":"E0211 13:29:21.086734    9376 watch.go:116] watchAllDir unable to walk dir `c:\\Users\\USUARIO\\Documents\\tpAngularAPI\\dataconnect`: CreateFile c:\\Users\\USUARIO\\Documents\\tpAngularAPI\\dataconnect: The system cannot find the file specified.\n"}}
[debug] [2026-02-11T16:29:21.087Z] E0211 13:29:21.087346    9376 watch.go:40] Failed to load config from "c:\\Users\\USUARIO\\Documents\\tpAngularAPI\\dataconnect": could not find dataconnect.yaml in `c:\Users\USUARIO\Documents\tpAngularAPI\dataconnect`
 {"metadata":{"emulator":{"name":"dataconnect"},"message":"E0211 13:29:21.087346    9376 watch.go:40] Failed to load config from \"c:\\\\Users\\\\USUARIO\\\\Documents\\\\tpAngularAPI\\\\dataconnect\": could not find dataconnect.yaml in `c:\\Users\\USUARIO\\Documents\\tpAngularAPI\\dataconnect`\n"}}
[debug] [2026-02-11T16:29:31.087Z] E0211 13:29:31.087123    9376 watch.go:40] Failed to load config from "c:\\Users\\USUARIO\\Documents\\tpAngularAPI\\dataconnect": could not find dataconnect.yaml in `c:\Users\USUARIO\Documents\tpAngularAPI\dataconnect`
 {"metadata":{"emulator":{"name":"dataconnect"},"message":"E0211 13:29:31.087123    9376 watch.go:40] Failed to load config from \"c:\\\\Users\\\\USUARIO\\\\Documents\\\\tpAngularAPI\\\\dataconnect\": could not find dataconnect.yaml in `c:\\Users\\USUARIO\\Documents\\tpAngularAPI\\dataconnect`\n"}}
[debug] [2026-02-11T16:29:41.086Z] E0211 13:29:41.086865    9376 watch.go:40] Failed to load config from "c:\\Users\\USUARIO\\Documents\\tpAngularAPI\\dataconnect": could not find dataconnect.yaml in `c:\Users\USUARIO\Documents\tpAngularAPI\dataconnect`
 {"metadata":{"emulator":{"name":"dataconnect"},"message":"E0211 13:29:41.086865    9376 watch.go:40] Failed to load config from \"c:\\\\Users\\\\USUARIO\\\\Documents\\\\tpAngularAPI\\\\dataconnect\": could not find dataconnect.yaml in `c:\\Users\\USUARIO\\Documents\\tpAngularAPI\\dataconnect`\n"}}
[debug] [2026-02-11T16:29:51.086Z] E0211 13:29:51.086572    9376 watch.go:40] Failed to load config from "c:\\Users\\USUARIO\\Documents\\tpAngularAPI\\dataconnect": could not find dataconnect.yaml in `c:\Users\USUARIO\Documents\tpAngularAPI\dataconnect`
 {"metadata":{"emulator":{"name":"dataconnect"},"message":"E0211 13:29:51.086572    9376 watch.go:40] Failed to load config from \"c:\\\\Users\\\\USUARIO\\\\Documents\\\\tpAngularAPI\\\\dataconnect\": could not find dataconnect.yaml in `c:\\Users\\USUARIO\\Documents\\tpAngularAPI\\dataconnect`\n"}}
[debug] [2026-02-11T16:30:01.087Z] E0211 13:30:01.088023    9376 watch.go:40] Failed to load config from "c:\\Users\\USUARIO\\Documents\\tpAngularAPI\\dataconnect": could not find dataconnect.yaml in `c:\Users\USUARIO\Documents\tpAngularAPI\dataconnect`
 {"metadata":{"emulator":{"name":"dataconnect"},"message":"E0211 13:30:01.088023    9376 watch.go:40] Failed to load config from \"c:\\\\Users\\\\USUARIO\\\\Documents\\\\tpAngularAPI\\\\dataconnect\": could not find dataconnect.yaml in `c:\\Users\\USUARIO\\Documents\\tpAngularAPI\\dataconnect`\n"}}
[debug] [2026-02-11T16:30:11.087Z] E0211 13:30:11.087041    9376 watch.go:40] Failed to load config from "c:\\Users\\USUARIO\\Documents\\tpAngularAPI\\dataconnect": could not find dataconnect.yaml in `c:\Users\USUARIO\Documents\tpAngularAPI\dataconnect`
 {"metadata":{"emulator":{"name":"dataconnect"},"message":"E0211 13:30:11.087041    9376 watch.go:40] Failed to load config from \"c:\\\\Users\\\\USUARIO\\\\Documents\\\\tpAngularAPI\\\\dataconnect\": could not find dataconnect.yaml in `c:\\Users\\USUARIO\\Documents\\tpAngularAPI\\dataconnect`\n"}}
[debug] [2026-02-11T16:30:21.094Z] E0211 13:30:21.095254    9376 watch.go:116] watchAllDir unable to walk dir `c:\Users\USUARIO\Documents\tpAngularAPI\dataconnect`: CreateFile c:\Users\USUARIO\Documents\tpAngularAPI\dataconnect: The system cannot find the file specified.
 {"metadata":{"emulator":{"name":"dataconnect"},"message":"E0211 13:30:21.095254    9376 watch.go:116] watchAllDir unable to walk dir `c:\\Users\\USUARIO\\Documents\\tpAngularAPI\\dataconnect`: CreateFile c:\\Users\\USUARIO\\Documents\\tpAngularAPI\\dataconnect: The system cannot find the file specified.\n"}}
[debug] [2026-02-11T16:30:21.096Z] E0211 13:30:21.095254    9376 watch.go:40] Failed to load config from "c:\\Users\\USUARIO\\Documents\\tpAngularAPI\\dataconnect": could not find dataconnect.yaml in `c:\Users\USUARIO\Documents\tpAngularAPI\dataconnect`
 {"metadata":{"emulator":{"name":"dataconnect"},"message":"E0211 13:30:21.095254    9376 watch.go:40] Failed to load config from \"c:\\\\Users\\\\USUARIO\\\\Documents\\\\tpAngularAPI\\\\dataconnect\": could not find dataconnect.yaml in `c:\\Users\\USUARIO\\Documents\\tpAngularAPI\\dataconnect`\n"}}
[debug] [2026-02-11T16:30:31.087Z] E0211 13:30:31.087234    9376 watch.go:40] Failed to load config from "c:\\Users\\USUARIO\\Documents\\tpAngularAPI\\dataconnect": could not find dataconnect.yaml in `c:\Users\USUARIO\Documents\tpAngularAPI\dataconnect`
 {"metadata":{"emulator":{"name":"dataconnect"},"message":"E0211 13:30:31.087234    9376 watch.go:40] Failed to load config from \"c:\\\\Users\\\\USUARIO\\\\Documents\\\\tpAngularAPI\\\\dataconnect\": could not find dataconnect.yaml in `c:\\Users\\USUARIO\\Documents\\tpAngularAPI\\dataconnect`\n"}}
[debug] [2026-02-11T16:30:41.087Z] E0211 13:30:41.086797    9376 watch.go:40] Failed to load config from "c:\\Users\\USUARIO\\Documents\\tpAngularAPI\\dataconnect": could not find dataconnect.yaml in `c:\Users\USUARIO\Documents\tpAngularAPI\dataconnect`
 {"metadata":{"emulator":{"name":"dataconnect"},"message":"E0211 13:30:41.086797    9376 watch.go:40] Failed to load config from \"c:\\\\Users\\\\USUARIO\\\\Documents\\\\tpAngularAPI\\\\dataconnect\": could not find dataconnect.yaml in `c:\\Users\\USUARIO\\Documents\\tpAngularAPI\\dataconnect`\n"}}
[debug] [2026-02-11T16:30:51.191Z] E0211 13:30:51.190208    9376 watch.go:40] Failed to load config from "c:\\Users\\USUARIO\\Documents\\tpAngularAPI\\dataconnect": could not find dataconnect.yaml in `c:\Users\USUARIO\Documents\tpAngularAPI\dataconnect`
 {"metadata":{"emulator":{"name":"dataconnect"},"message":"E0211 13:30:51.190208    9376 watch.go:40] Failed to load config from \"c:\\\\Users\\\\USUARIO\\\\Documents\\\\tpAngularAPI\\\\dataconnect\": could not find dataconnect.yaml in `c:\\Users\\USUARIO\\Documents\\tpAngularAPI\\dataconnect`\n"}}
[debug] [2026-02-11T16:31:01.087Z] E0211 13:31:01.087769    9376 watch.go:40] Failed to load config from "c:\\Users\\USUARIO\\Documents\\tpAngularAPI\\dataconnect": could not find dataconnect.yaml in `c:\Users\USUARIO\Documents\tpAngularAPI\dataconnect`
 {"metadata":{"emulator":{"name":"dataconnect"},"message":"E0211 13:31:01.087769    9376 watch.go:40] Failed to load config from \"c:\\\\Users\\\\USUARIO\\\\Documents\\\\tpAngularAPI\\\\dataconnect\": could not find dataconnect.yaml in `c:\\Users\\USUARIO\\Documents\\tpAngularAPI\\dataconnect`\n"}}
[debug] [2026-02-11T16:31:11.087Z] E0211 13:31:11.086636    9376 watch.go:40] Failed to load config from "c:\\Users\\USUARIO\\Documents\\tpAngularAPI\\dataconnect": could not find dataconnect.yaml in `c:\Users\USUARIO\Documents\tpAngularAPI\dataconnect`
 {"metadata":{"emulator":{"name":"dataconnect"},"message":"E0211 13:31:11.086636    9376 watch.go:40] Failed to load config from \"c:\\\\Users\\\\USUARIO\\\\Documents\\\\tpAngularAPI\\\\dataconnect\": could not find dataconnect.yaml in `c:\\Users\\USUARIO\\Documents\\tpAngularAPI\\dataconnect`\n"}}
[debug] [2026-02-11T16:31:21.087Z] E0211 13:31:21.086582    9376 watch.go:116] watchAllDir unable to walk dir `c:\Users\USUARIO\Documents\tpAngularAPI\dataconnect`: CreateFile c:\Users\USUARIO\Documents\tpAngularAPI\dataconnect: The system cannot find the file specified.
 {"metadata":{"emulator":{"name":"dataconnect"},"message":"E0211 13:31:21.086582    9376 watch.go:116] watchAllDir unable to walk dir `c:\\Users\\USUARIO\\Documents\\tpAngularAPI\\dataconnect`: CreateFile c:\\Users\\USUARIO\\Documents\\tpAngularAPI\\dataconnect: The system cannot find the file specified.\n"}}
[debug] [2026-02-11T16:31:21.087Z] E0211 13:31:21.086582    9376 watch.go:40] Failed to load config from "c:\\Users\\USUARIO\\Documents\\tpAngularAPI\\dataconnect": could not find dataconnect.yaml in `c:\Users\USUARIO\Documents\tpAngularAPI\dataconnect`
 {"metadata":{"emulator":{"name":"dataconnect"},"message":"E0211 13:31:21.086582    9376 watch.go:40] Failed to load config from \"c:\\\\Users\\\\USUARIO\\\\Documents\\\\tpAngularAPI\\\\dataconnect\": could not find dataconnect.yaml in `c:\\Users\\USUARIO\\Documents\\tpAngularAPI\\dataconnect`\n"}}
[debug] [2026-02-11T16:31:31.088Z] E0211 13:31:31.087347    9376 watch.go:40] Failed to load config from "c:\\Users\\USUARIO\\Documents\\tpAngularAPI\\dataconnect": could not find dataconnect.yaml in `c:\Users\USUARIO\Documents\tpAngularAPI\dataconnect`
 {"metadata":{"emulator":{"name":"dataconnect"},"message":"E0211 13:31:31.087347    9376 watch.go:40] Failed to load config from \"c:\\\\Users\\\\USUARIO\\\\Documents\\\\tpAngularAPI\\\\dataconnect\": could not find dataconnect.yaml in `c:\\Users\\USUARIO\\Documents\\tpAngularAPI\\dataconnect`\n"}}
[debug] [2026-02-11T16:31:41.087Z] E0211 13:31:41.086843    9376 watch.go:40] Failed to load config from "c:\\Users\\USUARIO\\Documents\\tpAngularAPI\\dataconnect": could not find dataconnect.yaml in `c:\Users\USUARIO\Documents\tpAngularAPI\dataconnect`
 {"metadata":{"emulator":{"name":"dataconnect"},"message":"E0211 13:31:41.086843    9376 watch.go:40] Failed to load config from \"c:\\\\Users\\\\USUARIO\\\\Documents\\\\tpAngularAPI\\\\dataconnect\": could not find dataconnect.yaml in `c:\\Users\\USUARIO\\Documents\\tpAngularAPI\\dataconnect`\n"}}
[debug] [2026-02-11T16:31:51.087Z] E0211 13:31:51.086586    9376 watch.go:40] Failed to load config from "c:\\Users\\USUARIO\\Documents\\tpAngularAPI\\dataconnect": could not find dataconnect.yaml in `c:\Users\USUARIO\Documents\tpAngularAPI\dataconnect`
 {"metadata":{"emulator":{"name":"dataconnect"},"message":"E0211 13:31:51.086586    9376 watch.go:40] Failed to load config from \"c:\\\\Users\\\\USUARIO\\\\Documents\\\\tpAngularAPI\\\\dataconnect\": could not find dataconnect.yaml in `c:\\Users\\USUARIO\\Documents\\tpAngularAPI\\dataconnect`\n"}}
[debug] [2026-02-11T16:32:01.087Z] E0211 13:32:01.086912    9376 watch.go:40] Failed to load config from "c:\\Users\\USUARIO\\Documents\\tpAngularAPI\\dataconnect": could not find dataconnect.yaml in `c:\Users\USUARIO\Documents\tpAngularAPI\dataconnect`
 {"metadata":{"emulator":{"name":"dataconnect"},"message":"E0211 13:32:01.086912    9376 watch.go:40] Failed to load config from \"c:\\\\Users\\\\USUARIO\\\\Documents\\\\tpAngularAPI\\\\dataconnect\": could not find dataconnect.yaml in `c:\\Users\\USUARIO\\Documents\\tpAngularAPI\\dataconnect`\n"}}
[debug] [2026-02-11T16:32:11.088Z] E0211 13:32:11.087503    9376 watch.go:40] Failed to load config from "c:\\Users\\USUARIO\\Documents\\tpAngularAPI\\dataconnect": could not find dataconnect.yaml in `c:\Users\USUARIO\Documents\tpAngularAPI\dataconnect`
 {"metadata":{"emulator":{"name":"dataconnect"},"message":"E0211 13:32:11.087503    9376 watch.go:40] Failed to load config from \"c:\\\\Users\\\\USUARIO\\\\Documents\\\\tpAngularAPI\\\\dataconnect\": could not find dataconnect.yaml in `c:\\Users\\USUARIO\\Documents\\tpAngularAPI\\dataconnect`\n"}}
[debug] [2026-02-11T16:32:21.087Z] E0211 13:32:21.086765    9376 watch.go:116] watchAllDir unable to walk dir `c:\Users\USUARIO\Documents\tpAngularAPI\dataconnect`: CreateFile c:\Users\USUARIO\Documents\tpAngularAPI\dataconnect: The system cannot find the file specified.
 {"metadata":{"emulator":{"name":"dataconnect"},"message":"E0211 13:32:21.086765    9376 watch.go:116] watchAllDir unable to walk dir `c:\\Users\\USUARIO\\Documents\\tpAngularAPI\\dataconnect`: CreateFile c:\\Users\\USUARIO\\Documents\\tpAngularAPI\\dataconnect: The system cannot find the file specified.\n"}}
[debug] [2026-02-11T16:32:21.087Z] E0211 13:32:21.086765    9376 watch.go:40] Failed to load config from "c:\\Users\\USUARIO\\Documents\\tpAngularAPI\\dataconnect": could not find dataconnect.yaml in `c:\Users\USUARIO\Documents\tpAngularAPI\dataconnect`
 {"metadata":{"emulator":{"name":"dataconnect"},"message":"E0211 13:32:21.086765    9376 watch.go:40] Failed to load config from \"c:\\\\Users\\\\USUARIO\\\\Documents\\\\tpAngularAPI\\\\dataconnect\": could not find dataconnect.yaml in `c:\\Users\\USUARIO\\Documents\\tpAngularAPI\\dataconnect`\n"}}
[debug] [2026-02-11T16:32:31.087Z] E0211 13:32:31.086687    9376 watch.go:40] Failed to load config from "c:\\Users\\USUARIO\\Documents\\tpAngularAPI\\dataconnect": could not find dataconnect.yaml in `c:\Users\USUARIO\Documents\tpAngularAPI\dataconnect`
 {"metadata":{"emulator":{"name":"dataconnect"},"message":"E0211 13:32:31.086687    9376 watch.go:40] Failed to load config from \"c:\\\\Users\\\\USUARIO\\\\Documents\\\\tpAngularAPI\\\\dataconnect\": could not find dataconnect.yaml in `c:\\Users\\USUARIO\\Documents\\tpAngularAPI\\dataconnect`\n"}}
[debug] [2026-02-11T16:32:41.087Z] E0211 13:32:41.086570    9376 watch.go:40] Failed to load config from "c:\\Users\\USUARIO\\Documents\\tpAngularAPI\\dataconnect": could not find dataconnect.yaml in `c:\Users\USUARIO\Documents\tpAngularAPI\dataconnect`
 {"metadata":{"emulator":{"name":"dataconnect"},"message":"E0211 13:32:41.086570    9376 watch.go:40] Failed to load config from \"c:\\\\Users\\\\USUARIO\\\\Documents\\\\tpAngularAPI\\\\dataconnect\": could not find dataconnect.yaml in `c:\\Users\\USUARIO\\Documents\\tpAngularAPI\\dataconnect`\n"}}
[debug] [2026-02-11T16:32:51.087Z] E0211 13:32:51.087427    9376 watch.go:40] Failed to load config from "c:\\Users\\USUARIO\\Documents\\tpAngularAPI\\dataconnect": could not find dataconnect.yaml in `c:\Users\USUARIO\Documents\tpAngularAPI\dataconnect`
 {"metadata":{"emulator":{"name":"dataconnect"},"message":"E0211 13:32:51.087427    9376 watch.go:40] Failed to load config from \"c:\\\\Users\\\\USUARIO\\\\Documents\\\\tpAngularAPI\\\\dataconnect\": could not find dataconnect.yaml in `c:\\Users\\USUARIO\\Documents\\tpAngularAPI\\dataconnect`\n"}}
[debug] [2026-02-11T16:33:01.086Z] E0211 13:33:01.086759    9376 watch.go:40] Failed to load config from "c:\\Users\\USUARIO\\Documents\\tpAngularAPI\\dataconnect": could not find dataconnect.yaml in `c:\Users\USUARIO\Documents\tpAngularAPI\dataconnect`
 {"metadata":{"emulator":{"name":"dataconnect"},"message":"E0211 13:33:01.086759    9376 watch.go:40] Failed to load config from \"c:\\\\Users\\\\USUARIO\\\\Documents\\\\tpAngularAPI\\\\dataconnect\": could not find dataconnect.yaml in `c:\\Users\\USUARIO\\Documents\\tpAngularAPI\\dataconnect`\n"}}
[debug] [2026-02-11T16:33:11.086Z] E0211 13:33:11.086628    9376 watch.go:40] Failed to load config from "c:\\Users\\USUARIO\\Documents\\tpAngularAPI\\dataconnect": could not find dataconnect.yaml in `c:\Users\USUARIO\Documents\tpAngularAPI\dataconnect`
 {"metadata":{"emulator":{"name":"dataconnect"},"message":"E0211 13:33:11.086628    9376 watch.go:40] Failed to load config from \"c:\\\\Users\\\\USUARIO\\\\Documents\\\\tpAngularAPI\\\\dataconnect\": could not find dataconnect.yaml in `c:\\Users\\USUARIO\\Documents\\tpAngularAPI\\dataconnect`\n"}}
[debug] [2026-02-11T16:33:21.086Z] E0211 13:33:21.086809    9376 watch.go:116] watchAllDir unable to walk dir `c:\Users\USUARIO\Documents\tpAngularAPI\dataconnect`: CreateFile c:\Users\USUARIO\Documents\tpAngularAPI\dataconnect: The system cannot find the file specified.
 {"metadata":{"emulator":{"name":"dataconnect"},"message":"E0211 13:33:21.086809    9376 watch.go:116] watchAllDir unable to walk dir `c:\\Users\\USUARIO\\Documents\\tpAngularAPI\\dataconnect`: CreateFile c:\\Users\\USUARIO\\Documents\\tpAngularAPI\\dataconnect: The system cannot find the file specified.\n"}}
[debug] [2026-02-11T16:33:21.087Z] E0211 13:33:21.086809    9376 watch.go:40] Failed to load config from "c:\\Users\\USUARIO\\Documents\\tpAngularAPI\\dataconnect": could not find dataconnect.yaml in `c:\Users\USUARIO\Documents\tpAngularAPI\dataconnect`
 {"metadata":{"emulator":{"name":"dataconnect"},"message":"E0211 13:33:21.086809    9376 watch.go:40] Failed to load config from \"c:\\\\Users\\\\USUARIO\\\\Documents\\\\tpAngularAPI\\\\dataconnect\": could not find dataconnect.yaml in `c:\\Users\\USUARIO\\Documents\\tpAngularAPI\\dataconnect`\n"}}
[debug] [2026-02-11T16:33:31.086Z] E0211 13:33:31.087102    9376 watch.go:40] Failed to load config from "c:\\Users\\USUARIO\\Documents\\tpAngularAPI\\dataconnect": could not find dataconnect.yaml in `c:\Users\USUARIO\Documents\tpAngularAPI\dataconnect`
 {"metadata":{"emulator":{"name":"dataconnect"},"message":"E0211 13:33:31.087102    9376 watch.go:40] Failed to load config from \"c:\\\\Users\\\\USUARIO\\\\Documents\\\\tpAngularAPI\\\\dataconnect\": could not find dataconnect.yaml in `c:\\Users\\USUARIO\\Documents\\tpAngularAPI\\dataconnect`\n"}}
[debug] [2026-02-11T16:33:41.086Z] E0211 13:33:41.086566    9376 watch.go:40] Failed to load config from "c:\\Users\\USUARIO\\Documents\\tpAngularAPI\\dataconnect": could not find dataconnect.yaml in `c:\Users\USUARIO\Documents\tpAngularAPI\dataconnect`
 {"metadata":{"emulator":{"name":"dataconnect"},"message":"E0211 13:33:41.086566    9376 watch.go:40] Failed to load config from \"c:\\\\Users\\\\USUARIO\\\\Documents\\\\tpAngularAPI\\\\dataconnect\": could not find dataconnect.yaml in `c:\\Users\\USUARIO\\Documents\\tpAngularAPI\\dataconnect`\n"}}
[debug] [2026-02-11T16:33:51.086Z] E0211 13:33:51.086859    9376 watch.go:40] Failed to load config from "c:\\Users\\USUARIO\\Documents\\tpAngularAPI\\dataconnect": could not find dataconnect.yaml in `c:\Users\USUARIO\Documents\tpAngularAPI\dataconnect`
 {"metadata":{"emulator":{"name":"dataconnect"},"message":"E0211 13:33:51.086859    9376 watch.go:40] Failed to load config from \"c:\\\\Users\\\\USUARIO\\\\Documents\\\\tpAngularAPI\\\\dataconnect\": could not find dataconnect.yaml in `c:\\Users\\USUARIO\\Documents\\tpAngularAPI\\dataconnect`\n"}}
[debug] [2026-02-11T16:34:01.086Z] E0211 13:34:01.086598    9376 watch.go:40] Failed to load config from "c:\\Users\\USUARIO\\Documents\\tpAngularAPI\\dataconnect": could not find dataconnect.yaml in `c:\Users\USUARIO\Documents\tpAngularAPI\dataconnect`
 {"metadata":{"emulator":{"name":"dataconnect"},"message":"E0211 13:34:01.086598    9376 watch.go:40] Failed to load config from \"c:\\\\Users\\\\USUARIO\\\\Documents\\\\tpAngularAPI\\\\dataconnect\": could not find dataconnect.yaml in `c:\\Users\\USUARIO\\Documents\\tpAngularAPI\\dataconnect`\n"}}
[debug] [2026-02-11T16:34:11.086Z] E0211 13:34:11.086650    9376 watch.go:40] Failed to load config from "c:\\Users\\USUARIO\\Documents\\tpAngularAPI\\dataconnect": could not find dataconnect.yaml in `c:\Users\USUARIO\Documents\tpAngularAPI\dataconnect`
 {"metadata":{"emulator":{"name":"dataconnect"},"message":"E0211 13:34:11.086650    9376 watch.go:40] Failed to load config from \"c:\\\\Users\\\\USUARIO\\\\Documents\\\\tpAngularAPI\\\\dataconnect\": could not find dataconnect.yaml in `c:\\Users\\USUARIO\\Documents\\tpAngularAPI\\dataconnect`\n"}}
[debug] [2026-02-11T16:34:21.087Z] E0211 13:34:21.086852    9376 watch.go:116] watchAllDir unable to walk dir `c:\Users\USUARIO\Documents\tpAngularAPI\dataconnect`: CreateFile c:\Users\USUARIO\Documents\tpAngularAPI\dataconnect: The system cannot find the file specified.
 {"metadata":{"emulator":{"name":"dataconnect"},"message":"E0211 13:34:21.086852    9376 watch.go:116] watchAllDir unable to walk dir `c:\\Users\\USUARIO\\Documents\\tpAngularAPI\\dataconnect`: CreateFile c:\\Users\\USUARIO\\Documents\\tpAngularAPI\\dataconnect: The system cannot find the file specified.\n"}}
[debug] [2026-02-11T16:34:21.088Z] E0211 13:34:21.087452    9376 watch.go:40] Failed to load config from "c:\\Users\\USUARIO\\Documents\\tpAngularAPI\\dataconnect": could not find dataconnect.yaml in `c:\Users\USUARIO\Documents\tpAngularAPI\dataconnect`
 {"metadata":{"emulator":{"name":"dataconnect"},"message":"E0211 13:34:21.087452    9376 watch.go:40] Failed to load config from \"c:\\\\Users\\\\USUARIO\\\\Documents\\\\tpAngularAPI\\\\dataconnect\": could not find dataconnect.yaml in `c:\\Users\\USUARIO\\Documents\\tpAngularAPI\\dataconnect`\n"}}
[debug] [2026-02-11T16:34:31.086Z] E0211 13:34:31.087069    9376 watch.go:40] Failed to load config from "c:\\Users\\USUARIO\\Documents\\tpAngularAPI\\dataconnect": could not find dataconnect.yaml in `c:\Users\USUARIO\Documents\tpAngularAPI\dataconnect`
 {"metadata":{"emulator":{"name":"dataconnect"},"message":"E0211 13:34:31.087069    9376 watch.go:40] Failed to load config from \"c:\\\\Users\\\\USUARIO\\\\Documents\\\\tpAngularAPI\\\\dataconnect\": could not find dataconnect.yaml in `c:\\Users\\USUARIO\\Documents\\tpAngularAPI\\dataconnect`\n"}}
[debug] [2026-02-11T16:34:41.086Z] E0211 13:34:41.087173    9376 watch.go:40] Failed to load config from "c:\\Users\\USUARIO\\Documents\\tpAngularAPI\\dataconnect": could not find dataconnect.yaml in `c:\Users\USUARIO\Documents\tpAngularAPI\dataconnect`
 {"metadata":{"emulator":{"name":"dataconnect"},"message":"E0211 13:34:41.087173    9376 watch.go:40] Failed to load config from \"c:\\\\Users\\\\USUARIO\\\\Documents\\\\tpAngularAPI\\\\dataconnect\": could not find dataconnect.yaml in `c:\\Users\\USUARIO\\Documents\\tpAngularAPI\\dataconnect`\n"}}
[debug] [2026-02-11T16:34:51.087Z] E0211 13:34:51.087167    9376 watch.go:40] Failed to load config from "c:\\Users\\USUARIO\\Documents\\tpAngularAPI\\dataconnect": could not find dataconnect.yaml in `c:\Users\USUARIO\Documents\tpAngularAPI\dataconnect`
 {"metadata":{"emulator":{"name":"dataconnect"},"message":"E0211 13:34:51.087167    9376 watch.go:40] Failed to load config from \"c:\\\\Users\\\\USUARIO\\\\Documents\\\\tpAngularAPI\\\\dataconnect\": could not find dataconnect.yaml in `c:\\Users\\USUARIO\\Documents\\tpAngularAPI\\dataconnect`\n"}}
[debug] [2026-02-11T16:35:01.086Z] E0211 13:35:01.086822    9376 watch.go:40] Failed to load config from "c:\\Users\\USUARIO\\Documents\\tpAngularAPI\\dataconnect": could not find dataconnect.yaml in `c:\Users\USUARIO\Documents\tpAngularAPI\dataconnect`
 {"metadata":{"emulator":{"name":"dataconnect"},"message":"E0211 13:35:01.086822    9376 watch.go:40] Failed to load config from \"c:\\\\Users\\\\USUARIO\\\\Documents\\\\tpAngularAPI\\\\dataconnect\": could not find dataconnect.yaml in `c:\\Users\\USUARIO\\Documents\\tpAngularAPI\\dataconnect`\n"}}
[debug] [2026-02-11T16:35:11.086Z] E0211 13:35:11.086597    9376 watch.go:40] Failed to load config from "c:\\Users\\USUARIO\\Documents\\tpAngularAPI\\dataconnect": could not find dataconnect.yaml in `c:\Users\USUARIO\Documents\tpAngularAPI\dataconnect`
 {"metadata":{"emulator":{"name":"dataconnect"},"message":"E0211 13:35:11.086597    9376 watch.go:40] Failed to load config from \"c:\\\\Users\\\\USUARIO\\\\Documents\\\\tpAngularAPI\\\\dataconnect\": could not find dataconnect.yaml in `c:\\Users\\USUARIO\\Documents\\tpAngularAPI\\dataconnect`\n"}}
[debug] [2026-02-11T16:35:21.086Z] E0211 13:35:21.086599    9376 watch.go:116] watchAllDir unable to walk dir `c:\Users\USUARIO\Documents\tpAngularAPI\dataconnect`: CreateFile c:\Users\USUARIO\Documents\tpAngularAPI\dataconnect: The system cannot find the file specified.
 {"metadata":{"emulator":{"name":"dataconnect"},"message":"E0211 13:35:21.086599    9376 watch.go:116] watchAllDir unable to walk dir `c:\\Users\\USUARIO\\Documents\\tpAngularAPI\\dataconnect`: CreateFile c:\\Users\\USUARIO\\Documents\\tpAngularAPI\\dataconnect: The system cannot find the file specified.\n"}}
[debug] [2026-02-11T16:35:21.087Z] E0211 13:35:21.086599    9376 watch.go:40] Failed to load config from "c:\\Users\\USUARIO\\Documents\\tpAngularAPI\\dataconnect": could not find dataconnect.yaml in `c:\Users\USUARIO\Documents\tpAngularAPI\dataconnect`
 {"metadata":{"emulator":{"name":"dataconnect"},"message":"E0211 13:35:21.086599    9376 watch.go:40] Failed to load config from \"c:\\\\Users\\\\USUARIO\\\\Documents\\\\tpAngularAPI\\\\dataconnect\": could not find dataconnect.yaml in `c:\\Users\\USUARIO\\Documents\\tpAngularAPI\\dataconnect`\n"}}
[debug] [2026-02-11T16:35:31.087Z] E0211 13:35:31.086868    9376 watch.go:40] Failed to load config from "c:\\Users\\USUARIO\\Documents\\tpAngularAPI\\dataconnect": could not find dataconnect.yaml in `c:\Users\USUARIO\Documents\tpAngularAPI\dataconnect`
 {"metadata":{"emulator":{"name":"dataconnect"},"message":"E0211 13:35:31.086868    9376 watch.go:40] Failed to load config from \"c:\\\\Users\\\\USUARIO\\\\Documents\\\\tpAngularAPI\\\\dataconnect\": could not find dataconnect.yaml in `c:\\Users\\USUARIO\\Documents\\tpAngularAPI\\dataconnect`\n"}}
[debug] [2026-02-11T16:35:41.086Z] E0211 13:35:41.086823    9376 watch.go:40] Failed to load config from "c:\\Users\\USUARIO\\Documents\\tpAngularAPI\\dataconnect": could not find dataconnect.yaml in `c:\Users\USUARIO\Documents\tpAngularAPI\dataconnect`
 {"metadata":{"emulator":{"name":"dataconnect"},"message":"E0211 13:35:41.086823    9376 watch.go:40] Failed to load config from \"c:\\\\Users\\\\USUARIO\\\\Documents\\\\tpAngularAPI\\\\dataconnect\": could not find dataconnect.yaml in `c:\\Users\\USUARIO\\Documents\\tpAngularAPI\\dataconnect`\n"}}
[debug] [2026-02-11T16:35:51.087Z] E0211 13:35:51.086816    9376 watch.go:40] Failed to load config from "c:\\Users\\USUARIO\\Documents\\tpAngularAPI\\dataconnect": could not find dataconnect.yaml in `c:\Users\USUARIO\Documents\tpAngularAPI\dataconnect`
 {"metadata":{"emulator":{"name":"dataconnect"},"message":"E0211 13:35:51.086816    9376 watch.go:40] Failed to load config from \"c:\\\\Users\\\\USUARIO\\\\Documents\\\\tpAngularAPI\\\\dataconnect\": could not find dataconnect.yaml in `c:\\Users\\USUARIO\\Documents\\tpAngularAPI\\dataconnect`\n"}}
[debug] [2026-02-11T16:36:01.087Z] E0211 13:36:01.086594    9376 watch.go:40] Failed to load config from "c:\\Users\\USUARIO\\Documents\\tpAngularAPI\\dataconnect": could not find dataconnect.yaml in `c:\Users\USUARIO\Documents\tpAngularAPI\dataconnect`
 {"metadata":{"emulator":{"name":"dataconnect"},"message":"E0211 13:36:01.086594    9376 watch.go:40] Failed to load config from \"c:\\\\Users\\\\USUARIO\\\\Documents\\\\tpAngularAPI\\\\dataconnect\": could not find dataconnect.yaml in `c:\\Users\\USUARIO\\Documents\\tpAngularAPI\\dataconnect`\n"}}
[debug] [2026-02-11T16:36:11.087Z] E0211 13:36:11.086568    9376 watch.go:40] Failed to load config from "c:\\Users\\USUARIO\\Documents\\tpAngularAPI\\dataconnect": could not find dataconnect.yaml in `c:\Users\USUARIO\Documents\tpAngularAPI\dataconnect`
 {"metadata":{"emulator":{"name":"dataconnect"},"message":"E0211 13:36:11.086568    9376 watch.go:40] Failed to load config from \"c:\\\\Users\\\\USUARIO\\\\Documents\\\\tpAngularAPI\\\\dataconnect\": could not find dataconnect.yaml in `c:\\Users\\USUARIO\\Documents\\tpAngularAPI\\dataconnect`\n"}}
[debug] [2026-02-11T16:36:21.087Z] E0211 13:36:21.086746    9376 watch.go:116] watchAllDir unable to walk dir `c:\Users\USUARIO\Documents\tpAngularAPI\dataconnect`: CreateFile c:\Users\USUARIO\Documents\tpAngularAPI\dataconnect: The system cannot find the file specified.
 {"metadata":{"emulator":{"name":"dataconnect"},"message":"E0211 13:36:21.086746    9376 watch.go:116] watchAllDir unable to walk dir `c:\\Users\\USUARIO\\Documents\\tpAngularAPI\\dataconnect`: CreateFile c:\\Users\\USUARIO\\Documents\\tpAngularAPI\\dataconnect: The system cannot find the file specified.\n"}}
[debug] [2026-02-11T16:36:21.088Z] E0211 13:36:21.088253    9376 watch.go:40] Failed to load config from "c:\\Users\\USUARIO\\Documents\\tpAngularAPI\\dataconnect": could not find dataconnect.yaml in `c:\Users\USUARIO\Documents\tpAngularAPI\dataconnect`
 {"metadata":{"emulator":{"name":"dataconnect"},"message":"E0211 13:36:21.088253    9376 watch.go:40] Failed to load config from \"c:\\\\Users\\\\USUARIO\\\\Documents\\\\tpAngularAPI\\\\dataconnect\": could not find dataconnect.yaml in `c:\\Users\\USUARIO\\Documents\\tpAngularAPI\\dataconnect`\n"}}
[debug] [2026-02-11T16:36:31.087Z] E0211 13:36:31.087066    9376 watch.go:40] Failed to load config from "c:\\Users\\USUARIO\\Documents\\tpAngularAPI\\dataconnect": could not find dataconnect.yaml in `c:\Users\USUARIO\Documents\tpAngularAPI\dataconnect`
 {"metadata":{"emulator":{"name":"dataconnect"},"message":"E0211 13:36:31.087066    9376 watch.go:40] Failed to load config from \"c:\\\\Users\\\\USUARIO\\\\Documents\\\\tpAngularAPI\\\\dataconnect\": could not find dataconnect.yaml in `c:\\Users\\USUARIO\\Documents\\tpAngularAPI\\dataconnect`\n"}}
[debug] [2026-02-11T16:36:41.087Z] E0211 13:36:41.087238    9376 watch.go:40] Failed to load config from "c:\\Users\\USUARIO\\Documents\\tpAngularAPI\\dataconnect": could not find dataconnect.yaml in `c:\Users\USUARIO\Documents\tpAngularAPI\dataconnect`
 {"metadata":{"emulator":{"name":"dataconnect"},"message":"E0211 13:36:41.087238    9376 watch.go:40] Failed to load config from \"c:\\\\Users\\\\USUARIO\\\\Documents\\\\tpAngularAPI\\\\dataconnect\": could not find dataconnect.yaml in `c:\\Users\\USUARIO\\Documents\\tpAngularAPI\\dataconnect`\n"}}
[debug] [2026-02-11T16:36:51.086Z] E0211 13:36:51.086960    9376 watch.go:40] Failed to load config from "c:\\Users\\USUARIO\\Documents\\tpAngularAPI\\dataconnect": could not find dataconnect.yaml in `c:\Users\USUARIO\Documents\tpAngularAPI\dataconnect`
 {"metadata":{"emulator":{"name":"dataconnect"},"message":"E0211 13:36:51.086960    9376 watch.go:40] Failed to load config from \"c:\\\\Users\\\\USUARIO\\\\Documents\\\\tpAngularAPI\\\\dataconnect\": could not find dataconnect.yaml in `c:\\Users\\USUARIO\\Documents\\tpAngularAPI\\dataconnect`\n"}}
[debug] [2026-02-11T16:37:01.087Z] E0211 13:37:01.086776    9376 watch.go:40] Failed to load config from "c:\\Users\\USUARIO\\Documents\\tpAngularAPI\\dataconnect": could not find dataconnect.yaml in `c:\Users\USUARIO\Documents\tpAngularAPI\dataconnect`
 {"metadata":{"emulator":{"name":"dataconnect"},"message":"E0211 13:37:01.086776    9376 watch.go:40] Failed to load config from \"c:\\\\Users\\\\USUARIO\\\\Documents\\\\tpAngularAPI\\\\dataconnect\": could not find dataconnect.yaml in `c:\\Users\\USUARIO\\Documents\\tpAngularAPI\\dataconnect`\n"}}
[debug] [2026-02-11T16:37:11.087Z] E0211 13:37:11.087002    9376 watch.go:40] Failed to load config from "c:\\Users\\USUARIO\\Documents\\tpAngularAPI\\dataconnect": could not find dataconnect.yaml in `c:\Users\USUARIO\Documents\tpAngularAPI\dataconnect`
 {"metadata":{"emulator":{"name":"dataconnect"},"message":"E0211 13:37:11.087002    9376 watch.go:40] Failed to load config from \"c:\\\\Users\\\\USUARIO\\\\Documents\\\\tpAngularAPI\\\\dataconnect\": could not find dataconnect.yaml in `c:\\Users\\USUARIO\\Documents\\tpAngularAPI\\dataconnect`\n"}}
[debug] [2026-02-11T16:37:21.086Z] E0211 13:37:21.086951    9376 watch.go:116] watchAllDir unable to walk dir `c:\Users\USUARIO\Documents\tpAngularAPI\dataconnect`: CreateFile c:\Users\USUARIO\Documents\tpAngularAPI\dataconnect: The system cannot find the file specified.
 {"metadata":{"emulator":{"name":"dataconnect"},"message":"E0211 13:37:21.086951    9376 watch.go:116] watchAllDir unable to walk dir `c:\\Users\\USUARIO\\Documents\\tpAngularAPI\\dataconnect`: CreateFile c:\\Users\\USUARIO\\Documents\\tpAngularAPI\\dataconnect: The system cannot find the file specified.\n"}}
[debug] [2026-02-11T16:37:21.087Z] E0211 13:37:21.086951    9376 watch.go:40] Failed to load config from "c:\\Users\\USUARIO\\Documents\\tpAngularAPI\\dataconnect": could not find dataconnect.yaml in `c:\Users\USUARIO\Documents\tpAngularAPI\dataconnect`
 {"metadata":{"emulator":{"name":"dataconnect"},"message":"E0211 13:37:21.086951    9376 watch.go:40] Failed to load config from \"c:\\\\Users\\\\USUARIO\\\\Documents\\\\tpAngularAPI\\\\dataconnect\": could not find dataconnect.yaml in `c:\\Users\\USUARIO\\Documents\\tpAngularAPI\\dataconnect`\n"}}
[debug] [2026-02-11T16:37:31.086Z] E0211 13:37:31.086680    9376 watch.go:40] Failed to load config from "c:\\Users\\USUARIO\\Documents\\tpAngularAPI\\dataconnect": could not find dataconnect.yaml in `c:\Users\USUARIO\Documents\tpAngularAPI\dataconnect`
 {"metadata":{"emulator":{"name":"dataconnect"},"message":"E0211 13:37:31.086680    9376 watch.go:40] Failed to load config from \"c:\\\\Users\\\\USUARIO\\\\Documents\\\\tpAngularAPI\\\\dataconnect\": could not find dataconnect.yaml in `c:\\Users\\USUARIO\\Documents\\tpAngularAPI\\dataconnect`\n"}}
[debug] [2026-02-11T16:37:41.086Z] E0211 13:37:41.086568    9376 watch.go:40] Failed to load config from "c:\\Users\\USUARIO\\Documents\\tpAngularAPI\\dataconnect": could not find dataconnect.yaml in `c:\Users\USUARIO\Documents\tpAngularAPI\dataconnect`
 {"metadata":{"emulator":{"name":"dataconnect"},"message":"E0211 13:37:41.086568    9376 watch.go:40] Failed to load config from \"c:\\\\Users\\\\USUARIO\\\\Documents\\\\tpAngularAPI\\\\dataconnect\": could not find dataconnect.yaml in `c:\\Users\\USUARIO\\Documents\\tpAngularAPI\\dataconnect`\n"}}
[debug] [2026-02-11T16:37:51.086Z] E0211 13:37:51.086813    9376 watch.go:40] Failed to load config from "c:\\Users\\USUARIO\\Documents\\tpAngularAPI\\dataconnect": could not find dataconnect.yaml in `c:\Users\USUARIO\Documents\tpAngularAPI\dataconnect`
 {"metadata":{"emulator":{"name":"dataconnect"},"message":"E0211 13:37:51.086813    9376 watch.go:40] Failed to load config from \"c:\\\\Users\\\\USUARIO\\\\Documents\\\\tpAngularAPI\\\\dataconnect\": could not find dataconnect.yaml in `c:\\Users\\USUARIO\\Documents\\tpAngularAPI\\dataconnect`\n"}}
[debug] [2026-02-11T16:38:01.087Z] E0211 13:38:01.086991    9376 watch.go:40] Failed to load config from "c:\\Users\\USUARIO\\Documents\\tpAngularAPI\\dataconnect": could not find dataconnect.yaml in `c:\Users\USUARIO\Documents\tpAngularAPI\dataconnect`
 {"metadata":{"emulator":{"name":"dataconnect"},"message":"E0211 13:38:01.086991    9376 watch.go:40] Failed to load config from \"c:\\\\Users\\\\USUARIO\\\\Documents\\\\tpAngularAPI\\\\dataconnect\": could not find dataconnect.yaml in `c:\\Users\\USUARIO\\Documents\\tpAngularAPI\\dataconnect`\n"}}
[debug] [2026-02-11T16:38:11.087Z] E0211 13:38:11.086906    9376 watch.go:40] Failed to load config from "c:\\Users\\USUARIO\\Documents\\tpAngularAPI\\dataconnect": could not find dataconnect.yaml in `c:\Users\USUARIO\Documents\tpAngularAPI\dataconnect`
 {"metadata":{"emulator":{"name":"dataconnect"},"message":"E0211 13:38:11.086906    9376 watch.go:40] Failed to load config from \"c:\\\\Users\\\\USUARIO\\\\Documents\\\\tpAngularAPI\\\\dataconnect\": could not find dataconnect.yaml in `c:\\Users\\USUARIO\\Documents\\tpAngularAPI\\dataconnect`\n"}}
[debug] [2026-02-11T16:38:21.087Z] E0211 13:38:21.086812    9376 watch.go:116] watchAllDir unable to walk dir `c:\Users\USUARIO\Documents\tpAngularAPI\dataconnect`: CreateFile c:\Users\USUARIO\Documents\tpAngularAPI\dataconnect: The system cannot find the file specified.
 {"metadata":{"emulator":{"name":"dataconnect"},"message":"E0211 13:38:21.086812    9376 watch.go:116] watchAllDir unable to walk dir `c:\\Users\\USUARIO\\Documents\\tpAngularAPI\\dataconnect`: CreateFile c:\\Users\\USUARIO\\Documents\\tpAngularAPI\\dataconnect: The system cannot find the file specified.\n"}}
[debug] [2026-02-11T16:38:21.087Z] E0211 13:38:21.086812    9376 watch.go:40] Failed to load config from "c:\\Users\\USUARIO\\Documents\\tpAngularAPI\\dataconnect": could not find dataconnect.yaml in `c:\Users\USUARIO\Documents\tpAngularAPI\dataconnect`
 {"metadata":{"emulator":{"name":"dataconnect"},"message":"E0211 13:38:21.086812    9376 watch.go:40] Failed to load config from \"c:\\\\Users\\\\USUARIO\\\\Documents\\\\tpAngularAPI\\\\dataconnect\": could not find dataconnect.yaml in `c:\\Users\\USUARIO\\Documents\\tpAngularAPI\\dataconnect`\n"}}
[debug] [2026-02-11T16:38:31.089Z] E0211 13:38:31.089338    9376 watch.go:40] Failed to load config from "c:\\Users\\USUARIO\\Documents\\tpAngularAPI\\dataconnect": could not find dataconnect.yaml in `c:\Users\USUARIO\Documents\tpAngularAPI\dataconnect`
 {"metadata":{"emulator":{"name":"dataconnect"},"message":"E0211 13:38:31.089338    9376 watch.go:40] Failed to load config from \"c:\\\\Users\\\\USUARIO\\\\Documents\\\\tpAngularAPI\\\\dataconnect\": could not find dataconnect.yaml in `c:\\Users\\USUARIO\\Documents\\tpAngularAPI\\dataconnect`\n"}}
[debug] [2026-02-11T16:38:41.087Z] E0211 13:38:41.086922    9376 watch.go:40] Failed to load config from "c:\\Users\\USUARIO\\Documents\\tpAngularAPI\\dataconnect": could not find dataconnect.yaml in `c:\Users\USUARIO\Documents\tpAngularAPI\dataconnect`
 {"metadata":{"emulator":{"name":"dataconnect"},"message":"E0211 13:38:41.086922    9376 watch.go:40] Failed to load config from \"c:\\\\Users\\\\USUARIO\\\\Documents\\\\tpAngularAPI\\\\dataconnect\": could not find dataconnect.yaml in `c:\\Users\\USUARIO\\Documents\\tpAngularAPI\\dataconnect`\n"}}
[debug] [2026-02-11T16:38:51.086Z] E0211 13:38:51.086593    9376 watch.go:40] Failed to load config from "c:\\Users\\USUARIO\\Documents\\tpAngularAPI\\dataconnect": could not find dataconnect.yaml in `c:\Users\USUARIO\Documents\tpAngularAPI\dataconnect`
 {"metadata":{"emulator":{"name":"dataconnect"},"message":"E0211 13:38:51.086593    9376 watch.go:40] Failed to load config from \"c:\\\\Users\\\\USUARIO\\\\Documents\\\\tpAngularAPI\\\\dataconnect\": could not find dataconnect.yaml in `c:\\Users\\USUARIO\\Documents\\tpAngularAPI\\dataconnect`\n"}}
[debug] [2026-02-11T16:39:01.086Z] E0211 13:39:01.086565    9376 watch.go:40] Failed to load config from "c:\\Users\\USUARIO\\Documents\\tpAngularAPI\\dataconnect": could not find dataconnect.yaml in `c:\Users\USUARIO\Documents\tpAngularAPI\dataconnect`
 {"metadata":{"emulator":{"name":"dataconnect"},"message":"E0211 13:39:01.086565    9376 watch.go:40] Failed to load config from \"c:\\\\Users\\\\USUARIO\\\\Documents\\\\tpAngularAPI\\\\dataconnect\": could not find dataconnect.yaml in `c:\\Users\\USUARIO\\Documents\\tpAngularAPI\\dataconnect`\n"}}
[debug] [2026-02-11T16:39:11.086Z] E0211 13:39:11.086576    9376 watch.go:40] Failed to load config from "c:\\Users\\USUARIO\\Documents\\tpAngularAPI\\dataconnect": could not find dataconnect.yaml in `c:\Users\USUARIO\Documents\tpAngularAPI\dataconnect`
 {"metadata":{"emulator":{"name":"dataconnect"},"message":"E0211 13:39:11.086576    9376 watch.go:40] Failed to load config from \"c:\\\\Users\\\\USUARIO\\\\Documents\\\\tpAngularAPI\\\\dataconnect\": could not find dataconnect.yaml in `c:\\Users\\USUARIO\\Documents\\tpAngularAPI\\dataconnect`\n"}}
[debug] [2026-02-11T16:39:21.086Z] E0211 13:39:21.087070    9376 watch.go:116] watchAllDir unable to walk dir `c:\Users\USUARIO\Documents\tpAngularAPI\dataconnect`: CreateFile c:\Users\USUARIO\Documents\tpAngularAPI\dataconnect: The system cannot find the file specified.
 {"metadata":{"emulator":{"name":"dataconnect"},"message":"E0211 13:39:21.087070    9376 watch.go:116] watchAllDir unable to walk dir `c:\\Users\\USUARIO\\Documents\\tpAngularAPI\\dataconnect`: CreateFile c:\\Users\\USUARIO\\Documents\\tpAngularAPI\\dataconnect: The system cannot find the file specified.\n"}}
[debug] [2026-02-11T16:39:21.087Z] E0211 13:39:21.087070    9376 watch.go:40] Failed to load config from "c:\\Users\\USUARIO\\Documents\\tpAngularAPI\\dataconnect": could not find dataconnect.yaml in `c:\Users\USUARIO\Documents\tpAngularAPI\dataconnect`
 {"metadata":{"emulator":{"name":"dataconnect"},"message":"E0211 13:39:21.087070    9376 watch.go:40] Failed to load config from \"c:\\\\Users\\\\USUARIO\\\\Documents\\\\tpAngularAPI\\\\dataconnect\": could not find dataconnect.yaml in `c:\\Users\\USUARIO\\Documents\\tpAngularAPI\\dataconnect`\n"}}
[debug] [2026-02-11T16:39:31.086Z] E0211 13:39:31.087080    9376 watch.go:40] Failed to load config from "c:\\Users\\USUARIO\\Documents\\tpAngularAPI\\dataconnect": could not find dataconnect.yaml in `c:\Users\USUARIO\Documents\tpAngularAPI\dataconnect`
 {"metadata":{"emulator":{"name":"dataconnect"},"message":"E0211 13:39:31.087080    9376 watch.go:40] Failed to load config from \"c:\\\\Users\\\\USUARIO\\\\Documents\\\\tpAngularAPI\\\\dataconnect\": could not find dataconnect.yaml in `c:\\Users\\USUARIO\\Documents\\tpAngularAPI\\dataconnect`\n"}}
[debug] [2026-02-11T16:39:41.087Z] E0211 13:39:41.087569    9376 watch.go:40] Failed to load config from "c:\\Users\\USUARIO\\Documents\\tpAngularAPI\\dataconnect": could not find dataconnect.yaml in `c:\Users\USUARIO\Documents\tpAngularAPI\dataconnect`
 {"metadata":{"emulator":{"name":"dataconnect"},"message":"E0211 13:39:41.087569    9376 watch.go:40] Failed to load config from \"c:\\\\Users\\\\USUARIO\\\\Documents\\\\tpAngularAPI\\\\dataconnect\": could not find dataconnect.yaml in `c:\\Users\\USUARIO\\Documents\\tpAngularAPI\\dataconnect`\n"}}
[debug] [2026-02-11T16:39:51.086Z] E0211 13:39:51.086796    9376 watch.go:40] Failed to load config from "c:\\Users\\USUARIO\\Documents\\tpAngularAPI\\dataconnect": could not find dataconnect.yaml in `c:\Users\USUARIO\Documents\tpAngularAPI\dataconnect`
 {"metadata":{"emulator":{"name":"dataconnect"},"message":"E0211 13:39:51.086796    9376 watch.go:40] Failed to load config from \"c:\\\\Users\\\\USUARIO\\\\Documents\\\\tpAngularAPI\\\\dataconnect\": could not find dataconnect.yaml in `c:\\Users\\USUARIO\\Documents\\tpAngularAPI\\dataconnect`\n"}}
[debug] [2026-02-11T16:40:01.086Z] E0211 13:40:01.087037    9376 watch.go:40] Failed to load config from "c:\\Users\\USUARIO\\Documents\\tpAngularAPI\\dataconnect": could not find dataconnect.yaml in `c:\Users\USUARIO\Documents\tpAngularAPI\dataconnect`
 {"metadata":{"emulator":{"name":"dataconnect"},"message":"E0211 13:40:01.087037    9376 watch.go:40] Failed to load config from \"c:\\\\Users\\\\USUARIO\\\\Documents\\\\tpAngularAPI\\\\dataconnect\": could not find dataconnect.yaml in `c:\\Users\\USUARIO\\Documents\\tpAngularAPI\\dataconnect`\n"}}
[debug] [2026-02-11T16:40:11.086Z] E0211 13:40:11.086598    9376 watch.go:40] Failed to load config from "c:\\Users\\USUARIO\\Documents\\tpAngularAPI\\dataconnect": could not find dataconnect.yaml in `c:\Users\USUARIO\Documents\tpAngularAPI\dataconnect`
 {"metadata":{"emulator":{"name":"dataconnect"},"message":"E0211 13:40:11.086598    9376 watch.go:40] Failed to load config from \"c:\\\\Users\\\\USUARIO\\\\Documents\\\\tpAngularAPI\\\\dataconnect\": could not find dataconnect.yaml in `c:\\Users\\USUARIO\\Documents\\tpAngularAPI\\dataconnect`\n"}}
[debug] [2026-02-11T16:40:21.086Z] E0211 13:40:21.086791    9376 watch.go:116] watchAllDir unable to walk dir `c:\Users\USUARIO\Documents\tpAngularAPI\dataconnect`: CreateFile c:\Users\USUARIO\Documents\tpAngularAPI\dataconnect: The system cannot find the file specified.
 {"metadata":{"emulator":{"name":"dataconnect"},"message":"E0211 13:40:21.086791    9376 watch.go:116] watchAllDir unable to walk dir `c:\\Users\\USUARIO\\Documents\\tpAngularAPI\\dataconnect`: CreateFile c:\\Users\\USUARIO\\Documents\\tpAngularAPI\\dataconnect: The system cannot find the file specified.\n"}}
[debug] [2026-02-11T16:40:21.087Z] E0211 13:40:21.086791    9376 watch.go:40] Failed to load config from "c:\\Users\\USUARIO\\Documents\\tpAngularAPI\\dataconnect": could not find dataconnect.yaml in `c:\Users\USUARIO\Documents\tpAngularAPI\dataconnect`
 {"metadata":{"emulator":{"name":"dataconnect"},"message":"E0211 13:40:21.086791    9376 watch.go:40] Failed to load config from \"c:\\\\Users\\\\USUARIO\\\\Documents\\\\tpAngularAPI\\\\dataconnect\": could not find dataconnect.yaml in `c:\\Users\\USUARIO\\Documents\\tpAngularAPI\\dataconnect`\n"}}
[debug] [2026-02-11T16:40:31.086Z] E0211 13:40:31.087156    9376 watch.go:40] Failed to load config from "c:\\Users\\USUARIO\\Documents\\tpAngularAPI\\dataconnect": could not find dataconnect.yaml in `c:\Users\USUARIO\Documents\tpAngularAPI\dataconnect`
 {"metadata":{"emulator":{"name":"dataconnect"},"message":"E0211 13:40:31.087156    9376 watch.go:40] Failed to load config from \"c:\\\\Users\\\\USUARIO\\\\Documents\\\\tpAngularAPI\\\\dataconnect\": could not find dataconnect.yaml in `c:\\Users\\USUARIO\\Documents\\tpAngularAPI\\dataconnect`\n"}}
[debug] [2026-02-11T16:40:41.087Z] E0211 13:40:41.087644    9376 watch.go:40] Failed to load config from "c:\\Users\\USUARIO\\Documents\\tpAngularAPI\\dataconnect": could not find dataconnect.yaml in `c:\Users\USUARIO\Documents\tpAngularAPI\dataconnect`
 {"metadata":{"emulator":{"name":"dataconnect"},"message":"E0211 13:40:41.087644    9376 watch.go:40] Failed to load config from \"c:\\\\Users\\\\USUARIO\\\\Documents\\\\tpAngularAPI\\\\dataconnect\": could not find dataconnect.yaml in `c:\\Users\\USUARIO\\Documents\\tpAngularAPI\\dataconnect`\n"}}
[debug] [2026-02-11T16:40:51.086Z] E0211 13:40:51.086823    9376 watch.go:40] Failed to load config from "c:\\Users\\USUARIO\\Documents\\tpAngularAPI\\dataconnect": could not find dataconnect.yaml in `c:\Users\USUARIO\Documents\tpAngularAPI\dataconnect`
 {"metadata":{"emulator":{"name":"dataconnect"},"message":"E0211 13:40:51.086823    9376 watch.go:40] Failed to load config from \"c:\\\\Users\\\\USUARIO\\\\Documents\\\\tpAngularAPI\\\\dataconnect\": could not find dataconnect.yaml in `c:\\Users\\USUARIO\\Documents\\tpAngularAPI\\dataconnect`\n"}}
[debug] [2026-02-11T16:41:01.086Z] E0211 13:41:01.086828    9376 watch.go:40] Failed to load config from "c:\\Users\\USUARIO\\Documents\\tpAngularAPI\\dataconnect": could not find dataconnect.yaml in `c:\Users\USUARIO\Documents\tpAngularAPI\dataconnect`
 {"metadata":{"emulator":{"name":"dataconnect"},"message":"E0211 13:41:01.086828    9376 watch.go:40] Failed to load config from \"c:\\\\Users\\\\USUARIO\\\\Documents\\\\tpAngularAPI\\\\dataconnect\": could not find dataconnect.yaml in `c:\\Users\\USUARIO\\Documents\\tpAngularAPI\\dataconnect`\n"}}
[debug] [2026-02-11T16:41:11.086Z] E0211 13:41:11.086813    9376 watch.go:40] Failed to load config from "c:\\Users\\USUARIO\\Documents\\tpAngularAPI\\dataconnect": could not find dataconnect.yaml in `c:\Users\USUARIO\Documents\tpAngularAPI\dataconnect`
 {"metadata":{"emulator":{"name":"dataconnect"},"message":"E0211 13:41:11.086813    9376 watch.go:40] Failed to load config from \"c:\\\\Users\\\\USUARIO\\\\Documents\\\\tpAngularAPI\\\\dataconnect\": could not find dataconnect.yaml in `c:\\Users\\USUARIO\\Documents\\tpAngularAPI\\dataconnect`\n"}}
[debug] [2026-02-11T16:41:21.086Z] E0211 13:41:21.086787    9376 watch.go:116] watchAllDir unable to walk dir `c:\Users\USUARIO\Documents\tpAngularAPI\dataconnect`: CreateFile c:\Users\USUARIO\Documents\tpAngularAPI\dataconnect: The system cannot find the file specified.
 {"metadata":{"emulator":{"name":"dataconnect"},"message":"E0211 13:41:21.086787    9376 watch.go:116] watchAllDir unable to walk dir `c:\\Users\\USUARIO\\Documents\\tpAngularAPI\\dataconnect`: CreateFile c:\\Users\\USUARIO\\Documents\\tpAngularAPI\\dataconnect: The system cannot find the file specified.\n"}}
[debug] [2026-02-11T16:41:21.087Z] E0211 13:41:21.086787    9376 watch.go:40] Failed to load config from "c:\\Users\\USUARIO\\Documents\\tpAngularAPI\\dataconnect": could not find dataconnect.yaml in `c:\Users\USUARIO\Documents\tpAngularAPI\dataconnect`
 {"metadata":{"emulator":{"name":"dataconnect"},"message":"E0211 13:41:21.086787    9376 watch.go:40] Failed to load config from \"c:\\\\Users\\\\USUARIO\\\\Documents\\\\tpAngularAPI\\\\dataconnect\": could not find dataconnect.yaml in `c:\\Users\\USUARIO\\Documents\\tpAngularAPI\\dataconnect`\n"}}
[debug] [2026-02-11T16:41:31.086Z] E0211 13:41:31.086766    9376 watch.go:40] Failed to load config from "c:\\Users\\USUARIO\\Documents\\tpAngularAPI\\dataconnect": could not find dataconnect.yaml in `c:\Users\USUARIO\Documents\tpAngularAPI\dataconnect`
 {"metadata":{"emulator":{"name":"dataconnect"},"message":"E0211 13:41:31.086766    9376 watch.go:40] Failed to load config from \"c:\\\\Users\\\\USUARIO\\\\Documents\\\\tpAngularAPI\\\\dataconnect\": could not find dataconnect.yaml in `c:\\Users\\USUARIO\\Documents\\tpAngularAPI\\dataconnect`\n"}}
[debug] [2026-02-11T16:41:41.086Z] E0211 13:41:41.086829    9376 watch.go:40] Failed to load config from "c:\\Users\\USUARIO\\Documents\\tpAngularAPI\\dataconnect": could not find dataconnect.yaml in `c:\Users\USUARIO\Documents\tpAngularAPI\dataconnect`
 {"metadata":{"emulator":{"name":"dataconnect"},"message":"E0211 13:41:41.086829    9376 watch.go:40] Failed to load config from \"c:\\\\Users\\\\USUARIO\\\\Documents\\\\tpAngularAPI\\\\dataconnect\": could not find dataconnect.yaml in `c:\\Users\\USUARIO\\Documents\\tpAngularAPI\\dataconnect`\n"}}
[debug] [2026-02-11T16:41:51.086Z] E0211 13:41:51.086813    9376 watch.go:40] Failed to load config from "c:\\Users\\USUARIO\\Documents\\tpAngularAPI\\dataconnect": could not find dataconnect.yaml in `c:\Users\USUARIO\Documents\tpAngularAPI\dataconnect`
 {"metadata":{"emulator":{"name":"dataconnect"},"message":"E0211 13:41:51.086813    9376 watch.go:40] Failed to load config from \"c:\\\\Users\\\\USUARIO\\\\Documents\\\\tpAngularAPI\\\\dataconnect\": could not find dataconnect.yaml in `c:\\Users\\USUARIO\\Documents\\tpAngularAPI\\dataconnect`\n"}}
[debug] [2026-02-11T16:42:01.087Z] E0211 13:42:01.087207    9376 watch.go:40] Failed to load config from "c:\\Users\\USUARIO\\Documents\\tpAngularAPI\\dataconnect": could not find dataconnect.yaml in `c:\Users\USUARIO\Documents\tpAngularAPI\dataconnect`
 {"metadata":{"emulator":{"name":"dataconnect"},"message":"E0211 13:42:01.087207    9376 watch.go:40] Failed to load config from \"c:\\\\Users\\\\USUARIO\\\\Documents\\\\tpAngularAPI\\\\dataconnect\": could not find dataconnect.yaml in `c:\\Users\\USUARIO\\Documents\\tpAngularAPI\\dataconnect`\n"}}
[debug] [2026-02-11T16:42:11.087Z] E0211 13:42:11.087292    9376 watch.go:40] Failed to load config from "c:\\Users\\USUARIO\\Documents\\tpAngularAPI\\dataconnect": could not find dataconnect.yaml in `c:\Users\USUARIO\Documents\tpAngularAPI\dataconnect`
 {"metadata":{"emulator":{"name":"dataconnect"},"message":"E0211 13:42:11.087292    9376 watch.go:40] Failed to load config from \"c:\\\\Users\\\\USUARIO\\\\Documents\\\\tpAngularAPI\\\\dataconnect\": could not find dataconnect.yaml in `c:\\Users\\USUARIO\\Documents\\tpAngularAPI\\dataconnect`\n"}}
[debug] [2026-02-11T16:42:21.086Z] E0211 13:42:21.086795    9376 watch.go:116] watchAllDir unable to walk dir `c:\Users\USUARIO\Documents\tpAngularAPI\dataconnect`: CreateFile c:\Users\USUARIO\Documents\tpAngularAPI\dataconnect: The system cannot find the file specified.
 {"metadata":{"emulator":{"name":"dataconnect"},"message":"E0211 13:42:21.086795    9376 watch.go:116] watchAllDir unable to walk dir `c:\\Users\\USUARIO\\Documents\\tpAngularAPI\\dataconnect`: CreateFile c:\\Users\\USUARIO\\Documents\\tpAngularAPI\\dataconnect: The system cannot find the file specified.\n"}}
[debug] [2026-02-11T16:42:21.087Z] E0211 13:42:21.086795    9376 watch.go:40] Failed to load config from "c:\\Users\\USUARIO\\Documents\\tpAngularAPI\\dataconnect": could not find dataconnect.yaml in `c:\Users\USUARIO\Documents\tpAngularAPI\dataconnect`
 {"metadata":{"emulator":{"name":"dataconnect"},"message":"E0211 13:42:21.086795    9376 watch.go:40] Failed to load config from \"c:\\\\Users\\\\USUARIO\\\\Documents\\\\tpAngularAPI\\\\dataconnect\": could not find dataconnect.yaml in `c:\\Users\\USUARIO\\Documents\\tpAngularAPI\\dataconnect`\n"}}
[debug] [2026-02-11T16:42:31.087Z] E0211 13:42:31.087063    9376 watch.go:40] Failed to load config from "c:\\Users\\USUARIO\\Documents\\tpAngularAPI\\dataconnect": could not find dataconnect.yaml in `c:\Users\USUARIO\Documents\tpAngularAPI\dataconnect`
 {"metadata":{"emulator":{"name":"dataconnect"},"message":"E0211 13:42:31.087063    9376 watch.go:40] Failed to load config from \"c:\\\\Users\\\\USUARIO\\\\Documents\\\\tpAngularAPI\\\\dataconnect\": could not find dataconnect.yaml in `c:\\Users\\USUARIO\\Documents\\tpAngularAPI\\dataconnect`\n"}}
[debug] [2026-02-11T16:42:41.087Z] E0211 13:42:41.086784    9376 watch.go:40] Failed to load config from "c:\\Users\\USUARIO\\Documents\\tpAngularAPI\\dataconnect": could not find dataconnect.yaml in `c:\Users\USUARIO\Documents\tpAngularAPI\dataconnect`
 {"metadata":{"emulator":{"name":"dataconnect"},"message":"E0211 13:42:41.086784    9376 watch.go:40] Failed to load config from \"c:\\\\Users\\\\USUARIO\\\\Documents\\\\tpAngularAPI\\\\dataconnect\": could not find dataconnect.yaml in `c:\\Users\\USUARIO\\Documents\\tpAngularAPI\\dataconnect`\n"}}
[debug] [2026-02-11T16:42:51.086Z] E0211 13:42:51.086566    9376 watch.go:40] Failed to load config from "c:\\Users\\USUARIO\\Documents\\tpAngularAPI\\dataconnect": could not find dataconnect.yaml in `c:\Users\USUARIO\Documents\tpAngularAPI\dataconnect`
 {"metadata":{"emulator":{"name":"dataconnect"},"message":"E0211 13:42:51.086566    9376 watch.go:40] Failed to load config from \"c:\\\\Users\\\\USUARIO\\\\Documents\\\\tpAngularAPI\\\\dataconnect\": could not find dataconnect.yaml in `c:\\Users\\USUARIO\\Documents\\tpAngularAPI\\dataconnect`\n"}}
[debug] [2026-02-11T16:43:01.086Z] E0211 13:43:01.086751    9376 watch.go:40] Failed to load config from "c:\\Users\\USUARIO\\Documents\\tpAngularAPI\\dataconnect": could not find dataconnect.yaml in `c:\Users\USUARIO\Documents\tpAngularAPI\dataconnect`
 {"metadata":{"emulator":{"name":"dataconnect"},"message":"E0211 13:43:01.086751    9376 watch.go:40] Failed to load config from \"c:\\\\Users\\\\USUARIO\\\\Documents\\\\tpAngularAPI\\\\dataconnect\": could not find dataconnect.yaml in `c:\\Users\\USUARIO\\Documents\\tpAngularAPI\\dataconnect`\n"}}
[debug] [2026-02-11T16:43:11.086Z] E0211 13:43:11.086798    9376 watch.go:40] Failed to load config from "c:\\Users\\USUARIO\\Documents\\tpAngularAPI\\dataconnect": could not find dataconnect.yaml in `c:\Users\USUARIO\Documents\tpAngularAPI\dataconnect`
 {"metadata":{"emulator":{"name":"dataconnect"},"message":"E0211 13:43:11.086798    9376 watch.go:40] Failed to load config from \"c:\\\\Users\\\\USUARIO\\\\Documents\\\\tpAngularAPI\\\\dataconnect\": could not find dataconnect.yaml in `c:\\Users\\USUARIO\\Documents\\tpAngularAPI\\dataconnect`\n"}}
[debug] [2026-02-11T16:43:21.086Z] E0211 13:43:21.086868    9376 watch.go:116] watchAllDir unable to walk dir `c:\Users\USUARIO\Documents\tpAngularAPI\dataconnect`: CreateFile c:\Users\USUARIO\Documents\tpAngularAPI\dataconnect: The system cannot find the file specified.
 {"metadata":{"emulator":{"name":"dataconnect"},"message":"E0211 13:43:21.086868    9376 watch.go:116] watchAllDir unable to walk dir `c:\\Users\\USUARIO\\Documents\\tpAngularAPI\\dataconnect`: CreateFile c:\\Users\\USUARIO\\Documents\\tpAngularAPI\\dataconnect: The system cannot find the file specified.\n"}}
[debug] [2026-02-11T16:43:21.087Z] E0211 13:43:21.086868    9376 watch.go:40] Failed to load config from "c:\\Users\\USUARIO\\Documents\\tpAngularAPI\\dataconnect": could not find dataconnect.yaml in `c:\Users\USUARIO\Documents\tpAngularAPI\dataconnect`
 {"metadata":{"emulator":{"name":"dataconnect"},"message":"E0211 13:43:21.086868    9376 watch.go:40] Failed to load config from \"c:\\\\Users\\\\USUARIO\\\\Documents\\\\tpAngularAPI\\\\dataconnect\": could not find dataconnect.yaml in `c:\\Users\\USUARIO\\Documents\\tpAngularAPI\\dataconnect`\n"}}
[debug] [2026-02-11T16:43:31.087Z] E0211 13:43:31.087322    9376 watch.go:40] Failed to load config from "c:\\Users\\USUARIO\\Documents\\tpAngularAPI\\dataconnect": could not find dataconnect.yaml in `c:\Users\USUARIO\Documents\tpAngularAPI\dataconnect`
 {"metadata":{"emulator":{"name":"dataconnect"},"message":"E0211 13:43:31.087322    9376 watch.go:40] Failed to load config from \"c:\\\\Users\\\\USUARIO\\\\Documents\\\\tpAngularAPI\\\\dataconnect\": could not find dataconnect.yaml in `c:\\Users\\USUARIO\\Documents\\tpAngularAPI\\dataconnect`\n"}}
[debug] [2026-02-11T16:43:41.086Z] E0211 13:43:41.086804    9376 watch.go:40] Failed to load config from "c:\\Users\\USUARIO\\Documents\\tpAngularAPI\\dataconnect": could not find dataconnect.yaml in `c:\Users\USUARIO\Documents\tpAngularAPI\dataconnect`
 {"metadata":{"emulator":{"name":"dataconnect"},"message":"E0211 13:43:41.086804    9376 watch.go:40] Failed to load config from \"c:\\\\Users\\\\USUARIO\\\\Documents\\\\tpAngularAPI\\\\dataconnect\": could not find dataconnect.yaml in `c:\\Users\\USUARIO\\Documents\\tpAngularAPI\\dataconnect`\n"}}
[debug] [2026-02-11T16:43:51.086Z] E0211 13:43:51.086833    9376 watch.go:40] Failed to load config from "c:\\Users\\USUARIO\\Documents\\tpAngularAPI\\dataconnect": could not find dataconnect.yaml in `c:\Users\USUARIO\Documents\tpAngularAPI\dataconnect`
 {"metadata":{"emulator":{"name":"dataconnect"},"message":"E0211 13:43:51.086833    9376 watch.go:40] Failed to load config from \"c:\\\\Users\\\\USUARIO\\\\Documents\\\\tpAngularAPI\\\\dataconnect\": could not find dataconnect.yaml in `c:\\Users\\USUARIO\\Documents\\tpAngularAPI\\dataconnect`\n"}}
[debug] [2026-02-11T16:44:01.086Z] E0211 13:44:01.086596    9376 watch.go:40] Failed to load config from "c:\\Users\\USUARIO\\Documents\\tpAngularAPI\\dataconnect": could not find dataconnect.yaml in `c:\Users\USUARIO\Documents\tpAngularAPI\dataconnect`
 {"metadata":{"emulator":{"name":"dataconnect"},"message":"E0211 13:44:01.086596    9376 watch.go:40] Failed to load config from \"c:\\\\Users\\\\USUARIO\\\\Documents\\\\tpAngularAPI\\\\dataconnect\": could not find dataconnect.yaml in `c:\\Users\\USUARIO\\Documents\\tpAngularAPI\\dataconnect`\n"}}
[debug] [2026-02-11T16:44:11.087Z] E0211 13:44:11.087043    9376 watch.go:40] Failed to load config from "c:\\Users\\USUARIO\\Documents\\tpAngularAPI\\dataconnect": could not find dataconnect.yaml in `c:\Users\USUARIO\Documents\tpAngularAPI\dataconnect`
 {"metadata":{"emulator":{"name":"dataconnect"},"message":"E0211 13:44:11.087043    9376 watch.go:40] Failed to load config from \"c:\\\\Users\\\\USUARIO\\\\Documents\\\\tpAngularAPI\\\\dataconnect\": could not find dataconnect.yaml in `c:\\Users\\USUARIO\\Documents\\tpAngularAPI\\dataconnect`\n"}}
[debug] [2026-02-11T16:44:21.086Z] E0211 13:44:21.086839    9376 watch.go:116] watchAllDir unable to walk dir `c:\Users\USUARIO\Documents\tpAngularAPI\dataconnect`: CreateFile c:\Users\USUARIO\Documents\tpAngularAPI\dataconnect: The system cannot find the file specified.
 {"metadata":{"emulator":{"name":"dataconnect"},"message":"E0211 13:44:21.086839    9376 watch.go:116] watchAllDir unable to walk dir `c:\\Users\\USUARIO\\Documents\\tpAngularAPI\\dataconnect`: CreateFile c:\\Users\\USUARIO\\Documents\\tpAngularAPI\\dataconnect: The system cannot find the file specified.\n"}}
[debug] [2026-02-11T16:44:21.087Z] E0211 13:44:21.086839    9376 watch.go:40] Failed to load config from "c:\\Users\\USUARIO\\Documents\\tpAngularAPI\\dataconnect": could not find dataconnect.yaml in `c:\Users\USUARIO\Documents\tpAngularAPI\dataconnect`
 {"metadata":{"emulator":{"name":"dataconnect"},"message":"E0211 13:44:21.086839    9376 watch.go:40] Failed to load config from \"c:\\\\Users\\\\USUARIO\\\\Documents\\\\tpAngularAPI\\\\dataconnect\": could not find dataconnect.yaml in `c:\\Users\\USUARIO\\Documents\\tpAngularAPI\\dataconnect`\n"}}
[debug] [2026-02-11T16:44:31.086Z] E0211 13:44:31.086711    9376 watch.go:40] Failed to load config from "c:\\Users\\USUARIO\\Documents\\tpAngularAPI\\dataconnect": could not find dataconnect.yaml in `c:\Users\USUARIO\Documents\tpAngularAPI\dataconnect`
 {"metadata":{"emulator":{"name":"dataconnect"},"message":"E0211 13:44:31.086711    9376 watch.go:40] Failed to load config from \"c:\\\\Users\\\\USUARIO\\\\Documents\\\\tpAngularAPI\\\\dataconnect\": could not find dataconnect.yaml in `c:\\Users\\USUARIO\\Documents\\tpAngularAPI\\dataconnect`\n"}}
[debug] [2026-02-11T16:44:41.086Z] E0211 13:44:41.086567    9376 watch.go:40] Failed to load config from "c:\\Users\\USUARIO\\Documents\\tpAngularAPI\\dataconnect": could not find dataconnect.yaml in `c:\Users\USUARIO\Documents\tpAngularAPI\dataconnect`
 {"metadata":{"emulator":{"name":"dataconnect"},"message":"E0211 13:44:41.086567    9376 watch.go:40] Failed to load config from \"c:\\\\Users\\\\USUARIO\\\\Documents\\\\tpAngularAPI\\\\dataconnect\": could not find dataconnect.yaml in `c:\\Users\\USUARIO\\Documents\\tpAngularAPI\\dataconnect`\n"}}
[debug] [2026-02-11T16:44:51.087Z] E0211 13:44:51.087404    9376 watch.go:40] Failed to load config from "c:\\Users\\USUARIO\\Documents\\tpAngularAPI\\dataconnect": could not find dataconnect.yaml in `c:\Users\USUARIO\Documents\tpAngularAPI\dataconnect`
 {"metadata":{"emulator":{"name":"dataconnect"},"message":"E0211 13:44:51.087404    9376 watch.go:40] Failed to load config from \"c:\\\\Users\\\\USUARIO\\\\Documents\\\\tpAngularAPI\\\\dataconnect\": could not find dataconnect.yaml in `c:\\Users\\USUARIO\\Documents\\tpAngularAPI\\dataconnect`\n"}}
[debug] [2026-02-11T16:45:01.087Z] E0211 13:45:01.086941    9376 watch.go:40] Failed to load config from "c:\\Users\\USUARIO\\Documents\\tpAngularAPI\\dataconnect": could not find dataconnect.yaml in `c:\Users\USUARIO\Documents\tpAngularAPI\dataconnect`
 {"metadata":{"emulator":{"name":"dataconnect"},"message":"E0211 13:45:01.086941    9376 watch.go:40] Failed to load config from \"c:\\\\Users\\\\USUARIO\\\\Documents\\\\tpAngularAPI\\\\dataconnect\": could not find dataconnect.yaml in `c:\\Users\\USUARIO\\Documents\\tpAngularAPI\\dataconnect`\n"}}
[debug] [2026-02-11T16:45:11.086Z] E0211 13:45:11.086825    9376 watch.go:40] Failed to load config from "c:\\Users\\USUARIO\\Documents\\tpAngularAPI\\dataconnect": could not find dataconnect.yaml in `c:\Users\USUARIO\Documents\tpAngularAPI\dataconnect`
 {"metadata":{"emulator":{"name":"dataconnect"},"message":"E0211 13:45:11.086825    9376 watch.go:40] Failed to load config from \"c:\\\\Users\\\\USUARIO\\\\Documents\\\\tpAngularAPI\\\\dataconnect\": could not find dataconnect.yaml in `c:\\Users\\USUARIO\\Documents\\tpAngularAPI\\dataconnect`\n"}}
[debug] [2026-02-11T16:45:21.087Z] E0211 13:45:21.086814    9376 watch.go:116] watchAllDir unable to walk dir `c:\Users\USUARIO\Documents\tpAngularAPI\dataconnect`: CreateFile c:\Users\USUARIO\Documents\tpAngularAPI\dataconnect: The system cannot find the file specified.
 {"metadata":{"emulator":{"name":"dataconnect"},"message":"E0211 13:45:21.086814    9376 watch.go:116] watchAllDir unable to walk dir `c:\\Users\\USUARIO\\Documents\\tpAngularAPI\\dataconnect`: CreateFile c:\\Users\\USUARIO\\Documents\\tpAngularAPI\\dataconnect: The system cannot find the file specified.\n"}}
[debug] [2026-02-11T16:45:21.087Z] E0211 13:45:21.086814    9376 watch.go:40] Failed to load config from "c:\\Users\\USUARIO\\Documents\\tpAngularAPI\\dataconnect": could not find dataconnect.yaml in `c:\Users\USUARIO\Documents\tpAngularAPI\dataconnect`
 {"metadata":{"emulator":{"name":"dataconnect"},"message":"E0211 13:45:21.086814    9376 watch.go:40] Failed to load config from \"c:\\\\Users\\\\USUARIO\\\\Documents\\\\tpAngularAPI\\\\dataconnect\": could not find dataconnect.yaml in `c:\\Users\\USUARIO\\Documents\\tpAngularAPI\\dataconnect`\n"}}
[debug] [2026-02-11T16:45:31.087Z] E0211 13:45:31.086720    9376 watch.go:40] Failed to load config from "c:\\Users\\USUARIO\\Documents\\tpAngularAPI\\dataconnect": could not find dataconnect.yaml in `c:\Users\USUARIO\Documents\tpAngularAPI\dataconnect`
 {"metadata":{"emulator":{"name":"dataconnect"},"message":"E0211 13:45:31.086720    9376 watch.go:40] Failed to load config from \"c:\\\\Users\\\\USUARIO\\\\Documents\\\\tpAngularAPI\\\\dataconnect\": could not find dataconnect.yaml in `c:\\Users\\USUARIO\\Documents\\tpAngularAPI\\dataconnect`\n"}}
[debug] [2026-02-11T16:45:41.087Z] E0211 13:45:41.086932    9376 watch.go:40] Failed to load config from "c:\\Users\\USUARIO\\Documents\\tpAngularAPI\\dataconnect": could not find dataconnect.yaml in `c:\Users\USUARIO\Documents\tpAngularAPI\dataconnect`
 {"metadata":{"emulator":{"name":"dataconnect"},"message":"E0211 13:45:41.086932    9376 watch.go:40] Failed to load config from \"c:\\\\Users\\\\USUARIO\\\\Documents\\\\tpAngularAPI\\\\dataconnect\": could not find dataconnect.yaml in `c:\\Users\\USUARIO\\Documents\\tpAngularAPI\\dataconnect`\n"}}
[debug] [2026-02-11T16:45:51.086Z] E0211 13:45:51.086566    9376 watch.go:40] Failed to load config from "c:\\Users\\USUARIO\\Documents\\tpAngularAPI\\dataconnect": could not find dataconnect.yaml in `c:\Users\USUARIO\Documents\tpAngularAPI\dataconnect`
 {"metadata":{"emulator":{"name":"dataconnect"},"message":"E0211 13:45:51.086566    9376 watch.go:40] Failed to load config from \"c:\\\\Users\\\\USUARIO\\\\Documents\\\\tpAngularAPI\\\\dataconnect\": could not find dataconnect.yaml in `c:\\Users\\USUARIO\\Documents\\tpAngularAPI\\dataconnect`\n"}}
[debug] [2026-02-11T16:46:01.087Z] E0211 13:46:01.087601    9376 watch.go:40] Failed to load config from "c:\\Users\\USUARIO\\Documents\\tpAngularAPI\\dataconnect": could not find dataconnect.yaml in `c:\Users\USUARIO\Documents\tpAngularAPI\dataconnect`
 {"metadata":{"emulator":{"name":"dataconnect"},"message":"E0211 13:46:01.087601    9376 watch.go:40] Failed to load config from \"c:\\\\Users\\\\USUARIO\\\\Documents\\\\tpAngularAPI\\\\dataconnect\": could not find dataconnect.yaml in `c:\\Users\\USUARIO\\Documents\\tpAngularAPI\\dataconnect`\n"}}
[debug] [2026-02-11T16:46:11.087Z] E0211 13:46:11.087077    9376 watch.go:40] Failed to load config from "c:\\Users\\USUARIO\\Documents\\tpAngularAPI\\dataconnect": could not find dataconnect.yaml in `c:\Users\USUARIO\Documents\tpAngularAPI\dataconnect`
 {"metadata":{"emulator":{"name":"dataconnect"},"message":"E0211 13:46:11.087077    9376 watch.go:40] Failed to load config from \"c:\\\\Users\\\\USUARIO\\\\Documents\\\\tpAngularAPI\\\\dataconnect\": could not find dataconnect.yaml in `c:\\Users\\USUARIO\\Documents\\tpAngularAPI\\dataconnect`\n"}}
[debug] [2026-02-11T16:46:21.087Z] E0211 13:46:21.086778    9376 watch.go:116] watchAllDir unable to walk dir `c:\Users\USUARIO\Documents\tpAngularAPI\dataconnect`: CreateFile c:\Users\USUARIO\Documents\tpAngularAPI\dataconnect: The system cannot find the file specified.
 {"metadata":{"emulator":{"name":"dataconnect"},"message":"E0211 13:46:21.086778    9376 watch.go:116] watchAllDir unable to walk dir `c:\\Users\\USUARIO\\Documents\\tpAngularAPI\\dataconnect`: CreateFile c:\\Users\\USUARIO\\Documents\\tpAngularAPI\\dataconnect: The system cannot find the file specified.\n"}}
[debug] [2026-02-11T16:46:21.088Z] E0211 13:46:21.086778    9376 watch.go:40] Failed to load config from "c:\\Users\\USUARIO\\Documents\\tpAngularAPI\\dataconnect": could not find dataconnect.yaml in `c:\Users\USUARIO\Documents\tpAngularAPI\dataconnect`
 {"metadata":{"emulator":{"name":"dataconnect"},"message":"E0211 13:46:21.086778    9376 watch.go:40] Failed to load config from \"c:\\\\Users\\\\USUARIO\\\\Documents\\\\tpAngularAPI\\\\dataconnect\": could not find dataconnect.yaml in `c:\\Users\\USUARIO\\Documents\\tpAngularAPI\\dataconnect`\n"}}
[debug] [2026-02-11T16:46:31.087Z] E0211 13:46:31.086764    9376 watch.go:40] Failed to load config from "c:\\Users\\USUARIO\\Documents\\tpAngularAPI\\dataconnect": could not find dataconnect.yaml in `c:\Users\USUARIO\Documents\tpAngularAPI\dataconnect`
 {"metadata":{"emulator":{"name":"dataconnect"},"message":"E0211 13:46:31.086764    9376 watch.go:40] Failed to load config from \"c:\\\\Users\\\\USUARIO\\\\Documents\\\\tpAngularAPI\\\\dataconnect\": could not find dataconnect.yaml in `c:\\Users\\USUARIO\\Documents\\tpAngularAPI\\dataconnect`\n"}}
[debug] [2026-02-11T16:46:41.087Z] E0211 13:46:41.086770    9376 watch.go:40] Failed to load config from "c:\\Users\\USUARIO\\Documents\\tpAngularAPI\\dataconnect": could not find dataconnect.yaml in `c:\Users\USUARIO\Documents\tpAngularAPI\dataconnect`
 {"metadata":{"emulator":{"name":"dataconnect"},"message":"E0211 13:46:41.086770    9376 watch.go:40] Failed to load config from \"c:\\\\Users\\\\USUARIO\\\\Documents\\\\tpAngularAPI\\\\dataconnect\": could not find dataconnect.yaml in `c:\\Users\\USUARIO\\Documents\\tpAngularAPI\\dataconnect`\n"}}
[debug] [2026-02-11T16:46:51.087Z] E0211 13:46:51.087267    9376 watch.go:40] Failed to load config from "c:\\Users\\USUARIO\\Documents\\tpAngularAPI\\dataconnect": could not find dataconnect.yaml in `c:\Users\USUARIO\Documents\tpAngularAPI\dataconnect`
 {"metadata":{"emulator":{"name":"dataconnect"},"message":"E0211 13:46:51.087267    9376 watch.go:40] Failed to load config from \"c:\\\\Users\\\\USUARIO\\\\Documents\\\\tpAngularAPI\\\\dataconnect\": could not find dataconnect.yaml in `c:\\Users\\USUARIO\\Documents\\tpAngularAPI\\dataconnect`\n"}}
[debug] [2026-02-11T16:47:01.088Z] E0211 13:47:01.087852    9376 watch.go:40] Failed to load config from "c:\\Users\\USUARIO\\Documents\\tpAngularAPI\\dataconnect": could not find dataconnect.yaml in `c:\Users\USUARIO\Documents\tpAngularAPI\dataconnect`
 {"metadata":{"emulator":{"name":"dataconnect"},"message":"E0211 13:47:01.087852    9376 watch.go:40] Failed to load config from \"c:\\\\Users\\\\USUARIO\\\\Documents\\\\tpAngularAPI\\\\dataconnect\": could not find dataconnect.yaml in `c:\\Users\\USUARIO\\Documents\\tpAngularAPI\\dataconnect`\n"}}
[debug] [2026-02-11T16:47:11.087Z] E0211 13:47:11.086601    9376 watch.go:40] Failed to load config from "c:\\Users\\USUARIO\\Documents\\tpAngularAPI\\dataconnect": could not find dataconnect.yaml in `c:\Users\USUARIO\Documents\tpAngularAPI\dataconnect`
 {"metadata":{"emulator":{"name":"dataconnect"},"message":"E0211 13:47:11.086601    9376 watch.go:40] Failed to load config from \"c:\\\\Users\\\\USUARIO\\\\Documents\\\\tpAngularAPI\\\\dataconnect\": could not find dataconnect.yaml in `c:\\Users\\USUARIO\\Documents\\tpAngularAPI\\dataconnect`\n"}}
[debug] [2026-02-11T16:47:21.087Z] E0211 13:47:21.087284    9376 watch.go:116] watchAllDir unable to walk dir `c:\Users\USUARIO\Documents\tpAngularAPI\dataconnect`: CreateFile c:\Users\USUARIO\Documents\tpAngularAPI\dataconnect: The system cannot find the file specified.
 {"metadata":{"emulator":{"name":"dataconnect"},"message":"E0211 13:47:21.087284    9376 watch.go:116] watchAllDir unable to walk dir `c:\\Users\\USUARIO\\Documents\\tpAngularAPI\\dataconnect`: CreateFile c:\\Users\\USUARIO\\Documents\\tpAngularAPI\\dataconnect: The system cannot find the file specified.\n"}}
[debug] [2026-02-11T16:47:21.087Z] E0211 13:47:21.087798    9376 watch.go:40] Failed to load config from "c:\\Users\\USUARIO\\Documents\\tpAngularAPI\\dataconnect": could not find dataconnect.yaml in `c:\Users\USUARIO\Documents\tpAngularAPI\dataconnect`
 {"metadata":{"emulator":{"name":"dataconnect"},"message":"E0211 13:47:21.087798    9376 watch.go:40] Failed to load config from \"c:\\\\Users\\\\USUARIO\\\\Documents\\\\tpAngularAPI\\\\dataconnect\": could not find dataconnect.yaml in `c:\\Users\\USUARIO\\Documents\\tpAngularAPI\\dataconnect`\n"}}
[debug] [2026-02-11T16:47:31.086Z] E0211 13:47:31.086807    9376 watch.go:40] Failed to load config from "c:\\Users\\USUARIO\\Documents\\tpAngularAPI\\dataconnect": could not find dataconnect.yaml in `c:\Users\USUARIO\Documents\tpAngularAPI\dataconnect`
 {"metadata":{"emulator":{"name":"dataconnect"},"message":"E0211 13:47:31.086807    9376 watch.go:40] Failed to load config from \"c:\\\\Users\\\\USUARIO\\\\Documents\\\\tpAngularAPI\\\\dataconnect\": could not find dataconnect.yaml in `c:\\Users\\USUARIO\\Documents\\tpAngularAPI\\dataconnect`\n"}}
[debug] [2026-02-11T16:47:41.086Z] E0211 13:47:41.086596    9376 watch.go:40] Failed to load config from "c:\\Users\\USUARIO\\Documents\\tpAngularAPI\\dataconnect": could not find dataconnect.yaml in `c:\Users\USUARIO\Documents\tpAngularAPI\dataconnect`
 {"metadata":{"emulator":{"name":"dataconnect"},"message":"E0211 13:47:41.086596    9376 watch.go:40] Failed to load config from \"c:\\\\Users\\\\USUARIO\\\\Documents\\\\tpAngularAPI\\\\dataconnect\": could not find dataconnect.yaml in `c:\\Users\\USUARIO\\Documents\\tpAngularAPI\\dataconnect`\n"}}
[debug] [2026-02-11T16:47:51.086Z] E0211 13:47:51.086796    9376 watch.go:40] Failed to load config from "c:\\Users\\USUARIO\\Documents\\tpAngularAPI\\dataconnect": could not find dataconnect.yaml in `c:\Users\USUARIO\Documents\tpAngularAPI\dataconnect`
 {"metadata":{"emulator":{"name":"dataconnect"},"message":"E0211 13:47:51.086796    9376 watch.go:40] Failed to load config from \"c:\\\\Users\\\\USUARIO\\\\Documents\\\\tpAngularAPI\\\\dataconnect\": could not find dataconnect.yaml in `c:\\Users\\USUARIO\\Documents\\tpAngularAPI\\dataconnect`\n"}}
[debug] [2026-02-11T16:48:01.086Z] E0211 13:48:01.086608    9376 watch.go:40] Failed to load config from "c:\\Users\\USUARIO\\Documents\\tpAngularAPI\\dataconnect": could not find dataconnect.yaml in `c:\Users\USUARIO\Documents\tpAngularAPI\dataconnect`
 {"metadata":{"emulator":{"name":"dataconnect"},"message":"E0211 13:48:01.086608    9376 watch.go:40] Failed to load config from \"c:\\\\Users\\\\USUARIO\\\\Documents\\\\tpAngularAPI\\\\dataconnect\": could not find dataconnect.yaml in `c:\\Users\\USUARIO\\Documents\\tpAngularAPI\\dataconnect`\n"}}
[debug] [2026-02-11T16:48:11.086Z] E0211 13:48:11.086570    9376 watch.go:40] Failed to load config from "c:\\Users\\USUARIO\\Documents\\tpAngularAPI\\dataconnect": could not find dataconnect.yaml in `c:\Users\USUARIO\Documents\tpAngularAPI\dataconnect`
 {"metadata":{"emulator":{"name":"dataconnect"},"message":"E0211 13:48:11.086570    9376 watch.go:40] Failed to load config from \"c:\\\\Users\\\\USUARIO\\\\Documents\\\\tpAngularAPI\\\\dataconnect\": could not find dataconnect.yaml in `c:\\Users\\USUARIO\\Documents\\tpAngularAPI\\dataconnect`\n"}}
[debug] [2026-02-11T16:48:21.086Z] E0211 13:48:21.086633    9376 watch.go:116] watchAllDir unable to walk dir `c:\Users\USUARIO\Documents\tpAngularAPI\dataconnect`: CreateFile c:\Users\USUARIO\Documents\tpAngularAPI\dataconnect: The system cannot find the file specified.
 {"metadata":{"emulator":{"name":"dataconnect"},"message":"E0211 13:48:21.086633    9376 watch.go:116] watchAllDir unable to walk dir `c:\\Users\\USUARIO\\Documents\\tpAngularAPI\\dataconnect`: CreateFile c:\\Users\\USUARIO\\Documents\\tpAngularAPI\\dataconnect: The system cannot find the file specified.\n"}}
[debug] [2026-02-11T16:48:21.087Z] E0211 13:48:21.086633    9376 watch.go:40] Failed to load config from "c:\\Users\\USUARIO\\Documents\\tpAngularAPI\\dataconnect": could not find dataconnect.yaml in `c:\Users\USUARIO\Documents\tpAngularAPI\dataconnect`
 {"metadata":{"emulator":{"name":"dataconnect"},"message":"E0211 13:48:21.086633    9376 watch.go:40] Failed to load config from \"c:\\\\Users\\\\USUARIO\\\\Documents\\\\tpAngularAPI\\\\dataconnect\": could not find dataconnect.yaml in `c:\\Users\\USUARIO\\Documents\\tpAngularAPI\\dataconnect`\n"}}
[debug] [2026-02-11T16:48:31.087Z] E0211 13:48:31.087285    9376 watch.go:40] Failed to load config from "c:\\Users\\USUARIO\\Documents\\tpAngularAPI\\dataconnect": could not find dataconnect.yaml in `c:\Users\USUARIO\Documents\tpAngularAPI\dataconnect`
 {"metadata":{"emulator":{"name":"dataconnect"},"message":"E0211 13:48:31.087285    9376 watch.go:40] Failed to load config from \"c:\\\\Users\\\\USUARIO\\\\Documents\\\\tpAngularAPI\\\\dataconnect\": could not find dataconnect.yaml in `c:\\Users\\USUARIO\\Documents\\tpAngularAPI\\dataconnect`\n"}}
[debug] [2026-02-11T16:48:41.087Z] E0211 13:48:41.086962    9376 watch.go:40] Failed to load config from "c:\\Users\\USUARIO\\Documents\\tpAngularAPI\\dataconnect": could not find dataconnect.yaml in `c:\Users\USUARIO\Documents\tpAngularAPI\dataconnect`
 {"metadata":{"emulator":{"name":"dataconnect"},"message":"E0211 13:48:41.086962    9376 watch.go:40] Failed to load config from \"c:\\\\Users\\\\USUARIO\\\\Documents\\\\tpAngularAPI\\\\dataconnect\": could not find dataconnect.yaml in `c:\\Users\\USUARIO\\Documents\\tpAngularAPI\\dataconnect`\n"}}
[debug] [2026-02-11T16:48:51.087Z] E0211 13:48:51.086818    9376 watch.go:40] Failed to load config from "c:\\Users\\USUARIO\\Documents\\tpAngularAPI\\dataconnect": could not find dataconnect.yaml in `c:\Users\USUARIO\Documents\tpAngularAPI\dataconnect`
 {"metadata":{"emulator":{"name":"dataconnect"},"message":"E0211 13:48:51.086818    9376 watch.go:40] Failed to load config from \"c:\\\\Users\\\\USUARIO\\\\Documents\\\\tpAngularAPI\\\\dataconnect\": could not find dataconnect.yaml in `c:\\Users\\USUARIO\\Documents\\tpAngularAPI\\dataconnect`\n"}}
[debug] [2026-02-11T16:49:01.088Z] E0211 13:49:01.088323    9376 watch.go:40] Failed to load config from "c:\\Users\\USUARIO\\Documents\\tpAngularAPI\\dataconnect": could not find dataconnect.yaml in `c:\Users\USUARIO\Documents\tpAngularAPI\dataconnect`
 {"metadata":{"emulator":{"name":"dataconnect"},"message":"E0211 13:49:01.088323    9376 watch.go:40] Failed to load config from \"c:\\\\Users\\\\USUARIO\\\\Documents\\\\tpAngularAPI\\\\dataconnect\": could not find dataconnect.yaml in `c:\\Users\\USUARIO\\Documents\\tpAngularAPI\\dataconnect`\n"}}
[debug] [2026-02-11T16:49:11.088Z] E0211 13:49:11.088825    9376 watch.go:40] Failed to load config from "c:\\Users\\USUARIO\\Documents\\tpAngularAPI\\dataconnect": could not find dataconnect.yaml in `c:\Users\USUARIO\Documents\tpAngularAPI\dataconnect`
 {"metadata":{"emulator":{"name":"dataconnect"},"message":"E0211 13:49:11.088825    9376 watch.go:40] Failed to load config from \"c:\\\\Users\\\\USUARIO\\\\Documents\\\\tpAngularAPI\\\\dataconnect\": could not find dataconnect.yaml in `c:\\Users\\USUARIO\\Documents\\tpAngularAPI\\dataconnect`\n"}}
[debug] [2026-02-11T16:49:21.087Z] E0211 13:49:21.086904    9376 watch.go:116] watchAllDir unable to walk dir `c:\Users\USUARIO\Documents\tpAngularAPI\dataconnect`: CreateFile c:\Users\USUARIO\Documents\tpAngularAPI\dataconnect: The system cannot find the file specified.
 {"metadata":{"emulator":{"name":"dataconnect"},"message":"E0211 13:49:21.086904    9376 watch.go:116] watchAllDir unable to walk dir `c:\\Users\\USUARIO\\Documents\\tpAngularAPI\\dataconnect`: CreateFile c:\\Users\\USUARIO\\Documents\\tpAngularAPI\\dataconnect: The system cannot find the file specified.\n"}}
[debug] [2026-02-11T16:49:21.087Z] E0211 13:49:21.086904    9376 watch.go:40] Failed to load config from "c:\\Users\\USUARIO\\Documents\\tpAngularAPI\\dataconnect": could not find dataconnect.yaml in `c:\Users\USUARIO\Documents\tpAngularAPI\dataconnect`
 {"metadata":{"emulator":{"name":"dataconnect"},"message":"E0211 13:49:21.086904    9376 watch.go:40] Failed to load config from \"c:\\\\Users\\\\USUARIO\\\\Documents\\\\tpAngularAPI\\\\dataconnect\": could not find dataconnect.yaml in `c:\\Users\\USUARIO\\Documents\\tpAngularAPI\\dataconnect`\n"}}
[debug] [2026-02-11T16:49:31.087Z] E0211 13:49:31.087365    9376 watch.go:40] Failed to load config from "c:\\Users\\USUARIO\\Documents\\tpAngularAPI\\dataconnect": could not find dataconnect.yaml in `c:\Users\USUARIO\Documents\tpAngularAPI\dataconnect`
 {"metadata":{"emulator":{"name":"dataconnect"},"message":"E0211 13:49:31.087365    9376 watch.go:40] Failed to load config from \"c:\\\\Users\\\\USUARIO\\\\Documents\\\\tpAngularAPI\\\\dataconnect\": could not find dataconnect.yaml in `c:\\Users\\USUARIO\\Documents\\tpAngularAPI\\dataconnect`\n"}}
[debug] [2026-02-11T16:49:41.087Z] E0211 13:49:41.087024    9376 watch.go:40] Failed to load config from "c:\\Users\\USUARIO\\Documents\\tpAngularAPI\\dataconnect": could not find dataconnect.yaml in `c:\Users\USUARIO\Documents\tpAngularAPI\dataconnect`
 {"metadata":{"emulator":{"name":"dataconnect"},"message":"E0211 13:49:41.087024    9376 watch.go:40] Failed to load config from \"c:\\\\Users\\\\USUARIO\\\\Documents\\\\tpAngularAPI\\\\dataconnect\": could not find dataconnect.yaml in `c:\\Users\\USUARIO\\Documents\\tpAngularAPI\\dataconnect`\n"}}
[debug] [2026-02-11T16:49:51.088Z] E0211 13:49:51.087492    9376 watch.go:40] Failed to load config from "c:\\Users\\USUARIO\\Documents\\tpAngularAPI\\dataconnect": could not find dataconnect.yaml in `c:\Users\USUARIO\Documents\tpAngularAPI\dataconnect`
 {"metadata":{"emulator":{"name":"dataconnect"},"message":"E0211 13:49:51.087492    9376 watch.go:40] Failed to load config from \"c:\\\\Users\\\\USUARIO\\\\Documents\\\\tpAngularAPI\\\\dataconnect\": could not find dataconnect.yaml in `c:\\Users\\USUARIO\\Documents\\tpAngularAPI\\dataconnect`\n"}}
[debug] [2026-02-11T16:50:01.088Z] E0211 13:50:01.088056    9376 watch.go:40] Failed to load config from "c:\\Users\\USUARIO\\Documents\\tpAngularAPI\\dataconnect": could not find dataconnect.yaml in `c:\Users\USUARIO\Documents\tpAngularAPI\dataconnect`
 {"metadata":{"emulator":{"name":"dataconnect"},"message":"E0211 13:50:01.088056    9376 watch.go:40] Failed to load config from \"c:\\\\Users\\\\USUARIO\\\\Documents\\\\tpAngularAPI\\\\dataconnect\": could not find dataconnect.yaml in `c:\\Users\\USUARIO\\Documents\\tpAngularAPI\\dataconnect`\n"}}
[debug] [2026-02-11T16:50:11.087Z] E0211 13:50:11.087230    9376 watch.go:40] Failed to load config from "c:\\Users\\USUARIO\\Documents\\tpAngularAPI\\dataconnect": could not find dataconnect.yaml in `c:\Users\USUARIO\Documents\tpAngularAPI\dataconnect`
 {"metadata":{"emulator":{"name":"dataconnect"},"message":"E0211 13:50:11.087230    9376 watch.go:40] Failed to load config from \"c:\\\\Users\\\\USUARIO\\\\Documents\\\\tpAngularAPI\\\\dataconnect\": could not find dataconnect.yaml in `c:\\Users\\USUARIO\\Documents\\tpAngularAPI\\dataconnect`\n"}}
[debug] [2026-02-11T16:50:21.086Z] E0211 13:50:21.086775    9376 watch.go:116] watchAllDir unable to walk dir `c:\Users\USUARIO\Documents\tpAngularAPI\dataconnect`: CreateFile c:\Users\USUARIO\Documents\tpAngularAPI\dataconnect: The system cannot find the file specified.
 {"metadata":{"emulator":{"name":"dataconnect"},"message":"E0211 13:50:21.086775    9376 watch.go:116] watchAllDir unable to walk dir `c:\\Users\\USUARIO\\Documents\\tpAngularAPI\\dataconnect`: CreateFile c:\\Users\\USUARIO\\Documents\\tpAngularAPI\\dataconnect: The system cannot find the file specified.\n"}}
[debug] [2026-02-11T16:50:21.087Z] E0211 13:50:21.086775    9376 watch.go:40] Failed to load config from "c:\\Users\\USUARIO\\Documents\\tpAngularAPI\\dataconnect": could not find dataconnect.yaml in `c:\Users\USUARIO\Documents\tpAngularAPI\dataconnect`
 {"metadata":{"emulator":{"name":"dataconnect"},"message":"E0211 13:50:21.086775    9376 watch.go:40] Failed to load config from \"c:\\\\Users\\\\USUARIO\\\\Documents\\\\tpAngularAPI\\\\dataconnect\": could not find dataconnect.yaml in `c:\\Users\\USUARIO\\Documents\\tpAngularAPI\\dataconnect`\n"}}
[debug] [2026-02-11T16:50:31.086Z] E0211 13:50:31.086756    9376 watch.go:40] Failed to load config from "c:\\Users\\USUARIO\\Documents\\tpAngularAPI\\dataconnect": could not find dataconnect.yaml in `c:\Users\USUARIO\Documents\tpAngularAPI\dataconnect`
 {"metadata":{"emulator":{"name":"dataconnect"},"message":"E0211 13:50:31.086756    9376 watch.go:40] Failed to load config from \"c:\\\\Users\\\\USUARIO\\\\Documents\\\\tpAngularAPI\\\\dataconnect\": could not find dataconnect.yaml in `c:\\Users\\USUARIO\\Documents\\tpAngularAPI\\dataconnect`\n"}}
[debug] [2026-02-11T16:50:41.086Z] E0211 13:50:41.086883    9376 watch.go:40] Failed to load config from "c:\\Users\\USUARIO\\Documents\\tpAngularAPI\\dataconnect": could not find dataconnect.yaml in `c:\Users\USUARIO\Documents\tpAngularAPI\dataconnect`
 {"metadata":{"emulator":{"name":"dataconnect"},"message":"E0211 13:50:41.086883    9376 watch.go:40] Failed to load config from \"c:\\\\Users\\\\USUARIO\\\\Documents\\\\tpAngularAPI\\\\dataconnect\": could not find dataconnect.yaml in `c:\\Users\\USUARIO\\Documents\\tpAngularAPI\\dataconnect`\n"}}
[debug] [2026-02-11T16:50:51.086Z] E0211 13:50:51.086565    9376 watch.go:40] Failed to load config from "c:\\Users\\USUARIO\\Documents\\tpAngularAPI\\dataconnect": could not find dataconnect.yaml in `c:\Users\USUARIO\Documents\tpAngularAPI\dataconnect`
 {"metadata":{"emulator":{"name":"dataconnect"},"message":"E0211 13:50:51.086565    9376 watch.go:40] Failed to load config from \"c:\\\\Users\\\\USUARIO\\\\Documents\\\\tpAngularAPI\\\\dataconnect\": could not find dataconnect.yaml in `c:\\Users\\USUARIO\\Documents\\tpAngularAPI\\dataconnect`\n"}}
[debug] [2026-02-11T16:51:01.086Z] E0211 13:51:01.086556    9376 watch.go:40] Failed to load config from "c:\\Users\\USUARIO\\Documents\\tpAngularAPI\\dataconnect": could not find dataconnect.yaml in `c:\Users\USUARIO\Documents\tpAngularAPI\dataconnect`
 {"metadata":{"emulator":{"name":"dataconnect"},"message":"E0211 13:51:01.086556    9376 watch.go:40] Failed to load config from \"c:\\\\Users\\\\USUARIO\\\\Documents\\\\tpAngularAPI\\\\dataconnect\": could not find dataconnect.yaml in `c:\\Users\\USUARIO\\Documents\\tpAngularAPI\\dataconnect`\n"}}
[debug] [2026-02-11T16:51:11.086Z] E0211 13:51:11.086567    9376 watch.go:40] Failed to load config from "c:\\Users\\USUARIO\\Documents\\tpAngularAPI\\dataconnect": could not find dataconnect.yaml in `c:\Users\USUARIO\Documents\tpAngularAPI\dataconnect`
 {"metadata":{"emulator":{"name":"dataconnect"},"message":"E0211 13:51:11.086567    9376 watch.go:40] Failed to load config from \"c:\\\\Users\\\\USUARIO\\\\Documents\\\\tpAngularAPI\\\\dataconnect\": could not find dataconnect.yaml in `c:\\Users\\USUARIO\\Documents\\tpAngularAPI\\dataconnect`\n"}}
[debug] [2026-02-11T16:51:21.086Z] E0211 13:51:21.086786    9376 watch.go:116] watchAllDir unable to walk dir `c:\Users\USUARIO\Documents\tpAngularAPI\dataconnect`: CreateFile c:\Users\USUARIO\Documents\tpAngularAPI\dataconnect: The system cannot find the file specified.
 {"metadata":{"emulator":{"name":"dataconnect"},"message":"E0211 13:51:21.086786    9376 watch.go:116] watchAllDir unable to walk dir `c:\\Users\\USUARIO\\Documents\\tpAngularAPI\\dataconnect`: CreateFile c:\\Users\\USUARIO\\Documents\\tpAngularAPI\\dataconnect: The system cannot find the file specified.\n"}}
[debug] [2026-02-11T16:51:21.088Z] E0211 13:51:21.086786    9376 watch.go:40] Failed to load config from "c:\\Users\\USUARIO\\Documents\\tpAngularAPI\\dataconnect": could not find dataconnect.yaml in `c:\Users\USUARIO\Documents\tpAngularAPI\dataconnect`
 {"metadata":{"emulator":{"name":"dataconnect"},"message":"E0211 13:51:21.086786    9376 watch.go:40] Failed to load config from \"c:\\\\Users\\\\USUARIO\\\\Documents\\\\tpAngularAPI\\\\dataconnect\": could not find dataconnect.yaml in `c:\\Users\\USUARIO\\Documents\\tpAngularAPI\\dataconnect`\n"}}
[debug] [2026-02-11T16:51:31.086Z] E0211 13:51:31.086697    9376 watch.go:40] Failed to load config from "c:\\Users\\USUARIO\\Documents\\tpAngularAPI\\dataconnect": could not find dataconnect.yaml in `c:\Users\USUARIO\Documents\tpAngularAPI\dataconnect`
 {"metadata":{"emulator":{"name":"dataconnect"},"message":"E0211 13:51:31.086697    9376 watch.go:40] Failed to load config from \"c:\\\\Users\\\\USUARIO\\\\Documents\\\\tpAngularAPI\\\\dataconnect\": could not find dataconnect.yaml in `c:\\Users\\USUARIO\\Documents\\tpAngularAPI\\dataconnect`\n"}}
[debug] [2026-02-11T16:51:41.086Z] E0211 13:51:41.086799    9376 watch.go:40] Failed to load config from "c:\\Users\\USUARIO\\Documents\\tpAngularAPI\\dataconnect": could not find dataconnect.yaml in `c:\Users\USUARIO\Documents\tpAngularAPI\dataconnect`
 {"metadata":{"emulator":{"name":"dataconnect"},"message":"E0211 13:51:41.086799    9376 watch.go:40] Failed to load config from \"c:\\\\Users\\\\USUARIO\\\\Documents\\\\tpAngularAPI\\\\dataconnect\": could not find dataconnect.yaml in `c:\\Users\\USUARIO\\Documents\\tpAngularAPI\\dataconnect`\n"}}
[debug] [2026-02-11T16:51:51.086Z] E0211 13:51:51.086570    9376 watch.go:40] Failed to load config from "c:\\Users\\USUARIO\\Documents\\tpAngularAPI\\dataconnect": could not find dataconnect.yaml in `c:\Users\USUARIO\Documents\tpAngularAPI\dataconnect`
 {"metadata":{"emulator":{"name":"dataconnect"},"message":"E0211 13:51:51.086570    9376 watch.go:40] Failed to load config from \"c:\\\\Users\\\\USUARIO\\\\Documents\\\\tpAngularAPI\\\\dataconnect\": could not find dataconnect.yaml in `c:\\Users\\USUARIO\\Documents\\tpAngularAPI\\dataconnect`\n"}}
[debug] [2026-02-11T16:52:01.086Z] E0211 13:52:01.086785    9376 watch.go:40] Failed to load config from "c:\\Users\\USUARIO\\Documents\\tpAngularAPI\\dataconnect": could not find dataconnect.yaml in `c:\Users\USUARIO\Documents\tpAngularAPI\dataconnect`
 {"metadata":{"emulator":{"name":"dataconnect"},"message":"E0211 13:52:01.086785    9376 watch.go:40] Failed to load config from \"c:\\\\Users\\\\USUARIO\\\\Documents\\\\tpAngularAPI\\\\dataconnect\": could not find dataconnect.yaml in `c:\\Users\\USUARIO\\Documents\\tpAngularAPI\\dataconnect`\n"}}
[debug] [2026-02-11T16:52:11.086Z] E0211 13:52:11.086826    9376 watch.go:40] Failed to load config from "c:\\Users\\USUARIO\\Documents\\tpAngularAPI\\dataconnect": could not find dataconnect.yaml in `c:\Users\USUARIO\Documents\tpAngularAPI\dataconnect`
 {"metadata":{"emulator":{"name":"dataconnect"},"message":"E0211 13:52:11.086826    9376 watch.go:40] Failed to load config from \"c:\\\\Users\\\\USUARIO\\\\Documents\\\\tpAngularAPI\\\\dataconnect\": could not find dataconnect.yaml in `c:\\Users\\USUARIO\\Documents\\tpAngularAPI\\dataconnect`\n"}}
[debug] [2026-02-11T16:52:21.087Z] E0211 13:52:21.087822    9376 watch.go:116] watchAllDir unable to walk dir `c:\Users\USUARIO\Documents\tpAngularAPI\dataconnect`: CreateFile c:\Users\USUARIO\Documents\tpAngularAPI\dataconnect: The system cannot find the file specified.
 {"metadata":{"emulator":{"name":"dataconnect"},"message":"E0211 13:52:21.087822    9376 watch.go:116] watchAllDir unable to walk dir `c:\\Users\\USUARIO\\Documents\\tpAngularAPI\\dataconnect`: CreateFile c:\\Users\\USUARIO\\Documents\\tpAngularAPI\\dataconnect: The system cannot find the file specified.\n"}}
[debug] [2026-02-11T16:52:21.088Z] E0211 13:52:21.087822    9376 watch.go:40] Failed to load config from "c:\\Users\\USUARIO\\Documents\\tpAngularAPI\\dataconnect": could not find dataconnect.yaml in `c:\Users\USUARIO\Documents\tpAngularAPI\dataconnect`
 {"metadata":{"emulator":{"name":"dataconnect"},"message":"E0211 13:52:21.087822    9376 watch.go:40] Failed to load config from \"c:\\\\Users\\\\USUARIO\\\\Documents\\\\tpAngularAPI\\\\dataconnect\": could not find dataconnect.yaml in `c:\\Users\\USUARIO\\Documents\\tpAngularAPI\\dataconnect`\n"}}
[debug] [2026-02-11T16:52:31.086Z] E0211 13:52:31.086658    9376 watch.go:40] Failed to load config from "c:\\Users\\USUARIO\\Documents\\tpAngularAPI\\dataconnect": could not find dataconnect.yaml in `c:\Users\USUARIO\Documents\tpAngularAPI\dataconnect`
 {"metadata":{"emulator":{"name":"dataconnect"},"message":"E0211 13:52:31.086658    9376 watch.go:40] Failed to load config from \"c:\\\\Users\\\\USUARIO\\\\Documents\\\\tpAngularAPI\\\\dataconnect\": could not find dataconnect.yaml in `c:\\Users\\USUARIO\\Documents\\tpAngularAPI\\dataconnect`\n"}}
[debug] [2026-02-11T16:52:41.086Z] E0211 13:52:41.086797    9376 watch.go:40] Failed to load config from "c:\\Users\\USUARIO\\Documents\\tpAngularAPI\\dataconnect": could not find dataconnect.yaml in `c:\Users\USUARIO\Documents\tpAngularAPI\dataconnect`
 {"metadata":{"emulator":{"name":"dataconnect"},"message":"E0211 13:52:41.086797    9376 watch.go:40] Failed to load config from \"c:\\\\Users\\\\USUARIO\\\\Documents\\\\tpAngularAPI\\\\dataconnect\": could not find dataconnect.yaml in `c:\\Users\\USUARIO\\Documents\\tpAngularAPI\\dataconnect`\n"}}
[debug] [2026-02-11T16:52:51.087Z] E0211 13:52:51.086814    9376 watch.go:40] Failed to load config from "c:\\Users\\USUARIO\\Documents\\tpAngularAPI\\dataconnect": could not find dataconnect.yaml in `c:\Users\USUARIO\Documents\tpAngularAPI\dataconnect`
 {"metadata":{"emulator":{"name":"dataconnect"},"message":"E0211 13:52:51.086814    9376 watch.go:40] Failed to load config from \"c:\\\\Users\\\\USUARIO\\\\Documents\\\\tpAngularAPI\\\\dataconnect\": could not find dataconnect.yaml in `c:\\Users\\USUARIO\\Documents\\tpAngularAPI\\dataconnect`\n"}}
[debug] [2026-02-11T16:53:01.087Z] E0211 13:53:01.086908    9376 watch.go:40] Failed to load config from "c:\\Users\\USUARIO\\Documents\\tpAngularAPI\\dataconnect": could not find dataconnect.yaml in `c:\Users\USUARIO\Documents\tpAngularAPI\dataconnect`
 {"metadata":{"emulator":{"name":"dataconnect"},"message":"E0211 13:53:01.086908    9376 watch.go:40] Failed to load config from \"c:\\\\Users\\\\USUARIO\\\\Documents\\\\tpAngularAPI\\\\dataconnect\": could not find dataconnect.yaml in `c:\\Users\\USUARIO\\Documents\\tpAngularAPI\\dataconnect`\n"}}
[debug] [2026-02-11T16:53:11.087Z] E0211 13:53:11.086870    9376 watch.go:40] Failed to load config from "c:\\Users\\USUARIO\\Documents\\tpAngularAPI\\dataconnect": could not find dataconnect.yaml in `c:\Users\USUARIO\Documents\tpAngularAPI\dataconnect`
 {"metadata":{"emulator":{"name":"dataconnect"},"message":"E0211 13:53:11.086870    9376 watch.go:40] Failed to load config from \"c:\\\\Users\\\\USUARIO\\\\Documents\\\\tpAngularAPI\\\\dataconnect\": could not find dataconnect.yaml in `c:\\Users\\USUARIO\\Documents\\tpAngularAPI\\dataconnect`\n"}}
[debug] [2026-02-11T16:53:21.086Z] E0211 13:53:21.086584    9376 watch.go:116] watchAllDir unable to walk dir `c:\Users\USUARIO\Documents\tpAngularAPI\dataconnect`: CreateFile c:\Users\USUARIO\Documents\tpAngularAPI\dataconnect: The system cannot find the file specified.
 {"metadata":{"emulator":{"name":"dataconnect"},"message":"E0211 13:53:21.086584    9376 watch.go:116] watchAllDir unable to walk dir `c:\\Users\\USUARIO\\Documents\\tpAngularAPI\\dataconnect`: CreateFile c:\\Users\\USUARIO\\Documents\\tpAngularAPI\\dataconnect: The system cannot find the file specified.\n"}}
[debug] [2026-02-11T16:53:21.087Z] E0211 13:53:21.086584    9376 watch.go:40] Failed to load config from "c:\\Users\\USUARIO\\Documents\\tpAngularAPI\\dataconnect": could not find dataconnect.yaml in `c:\Users\USUARIO\Documents\tpAngularAPI\dataconnect`
 {"metadata":{"emulator":{"name":"dataconnect"},"message":"E0211 13:53:21.086584    9376 watch.go:40] Failed to load config from \"c:\\\\Users\\\\USUARIO\\\\Documents\\\\tpAngularAPI\\\\dataconnect\": could not find dataconnect.yaml in `c:\\Users\\USUARIO\\Documents\\tpAngularAPI\\dataconnect`\n"}}
[debug] [2026-02-11T16:53:31.087Z] E0211 13:53:31.087264    9376 watch.go:40] Failed to load config from "c:\\Users\\USUARIO\\Documents\\tpAngularAPI\\dataconnect": could not find dataconnect.yaml in `c:\Users\USUARIO\Documents\tpAngularAPI\dataconnect`
 {"metadata":{"emulator":{"name":"dataconnect"},"message":"E0211 13:53:31.087264    9376 watch.go:40] Failed to load config from \"c:\\\\Users\\\\USUARIO\\\\Documents\\\\tpAngularAPI\\\\dataconnect\": could not find dataconnect.yaml in `c:\\Users\\USUARIO\\Documents\\tpAngularAPI\\dataconnect`\n"}}
[debug] [2026-02-11T16:53:41.087Z] E0211 13:53:41.087110    9376 watch.go:40] Failed to load config from "c:\\Users\\USUARIO\\Documents\\tpAngularAPI\\dataconnect": could not find dataconnect.yaml in `c:\Users\USUARIO\Documents\tpAngularAPI\dataconnect`
 {"metadata":{"emulator":{"name":"dataconnect"},"message":"E0211 13:53:41.087110    9376 watch.go:40] Failed to load config from \"c:\\\\Users\\\\USUARIO\\\\Documents\\\\tpAngularAPI\\\\dataconnect\": could not find dataconnect.yaml in `c:\\Users\\USUARIO\\Documents\\tpAngularAPI\\dataconnect`\n"}}
[debug] [2026-02-11T16:53:51.087Z] E0211 13:53:51.087089    9376 watch.go:40] Failed to load config from "c:\\Users\\USUARIO\\Documents\\tpAngularAPI\\dataconnect": could not find dataconnect.yaml in `c:\Users\USUARIO\Documents\tpAngularAPI\dataconnect`
 {"metadata":{"emulator":{"name":"dataconnect"},"message":"E0211 13:53:51.087089    9376 watch.go:40] Failed to load config from \"c:\\\\Users\\\\USUARIO\\\\Documents\\\\tpAngularAPI\\\\dataconnect\": could not find dataconnect.yaml in `c:\\Users\\USUARIO\\Documents\\tpAngularAPI\\dataconnect`\n"}}
[debug] [2026-02-11T16:54:01.087Z] E0211 13:54:01.086799    9376 watch.go:40] Failed to load config from "c:\\Users\\USUARIO\\Documents\\tpAngularAPI\\dataconnect": could not find dataconnect.yaml in `c:\Users\USUARIO\Documents\tpAngularAPI\dataconnect`
 {"metadata":{"emulator":{"name":"dataconnect"},"message":"E0211 13:54:01.086799    9376 watch.go:40] Failed to load config from \"c:\\\\Users\\\\USUARIO\\\\Documents\\\\tpAngularAPI\\\\dataconnect\": could not find dataconnect.yaml in `c:\\Users\\USUARIO\\Documents\\tpAngularAPI\\dataconnect`\n"}}
[debug] [2026-02-11T16:54:11.087Z] E0211 13:54:11.086821    9376 watch.go:40] Failed to load config from "c:\\Users\\USUARIO\\Documents\\tpAngularAPI\\dataconnect": could not find dataconnect.yaml in `c:\Users\USUARIO\Documents\tpAngularAPI\dataconnect`
 {"metadata":{"emulator":{"name":"dataconnect"},"message":"E0211 13:54:11.086821    9376 watch.go:40] Failed to load config from \"c:\\\\Users\\\\USUARIO\\\\Documents\\\\tpAngularAPI\\\\dataconnect\": could not find dataconnect.yaml in `c:\\Users\\USUARIO\\Documents\\tpAngularAPI\\dataconnect`\n"}}
[debug] [2026-02-11T16:54:21.086Z] E0211 13:54:21.086567    9376 watch.go:116] watchAllDir unable to walk dir `c:\Users\USUARIO\Documents\tpAngularAPI\dataconnect`: CreateFile c:\Users\USUARIO\Documents\tpAngularAPI\dataconnect: The system cannot find the file specified.
 {"metadata":{"emulator":{"name":"dataconnect"},"message":"E0211 13:54:21.086567    9376 watch.go:116] watchAllDir unable to walk dir `c:\\Users\\USUARIO\\Documents\\tpAngularAPI\\dataconnect`: CreateFile c:\\Users\\USUARIO\\Documents\\tpAngularAPI\\dataconnect: The system cannot find the file specified.\n"}}
[debug] [2026-02-11T16:54:21.087Z] E0211 13:54:21.086567    9376 watch.go:40] Failed to load config from "c:\\Users\\USUARIO\\Documents\\tpAngularAPI\\dataconnect": could not find dataconnect.yaml in `c:\Users\USUARIO\Documents\tpAngularAPI\dataconnect`
 {"metadata":{"emulator":{"name":"dataconnect"},"message":"E0211 13:54:21.086567    9376 watch.go:40] Failed to load config from \"c:\\\\Users\\\\USUARIO\\\\Documents\\\\tpAngularAPI\\\\dataconnect\": could not find dataconnect.yaml in `c:\\Users\\USUARIO\\Documents\\tpAngularAPI\\dataconnect`\n"}}
[debug] [2026-02-11T16:54:31.087Z] E0211 13:54:31.087294    9376 watch.go:40] Failed to load config from "c:\\Users\\USUARIO\\Documents\\tpAngularAPI\\dataconnect": could not find dataconnect.yaml in `c:\Users\USUARIO\Documents\tpAngularAPI\dataconnect`
 {"metadata":{"emulator":{"name":"dataconnect"},"message":"E0211 13:54:31.087294    9376 watch.go:40] Failed to load config from \"c:\\\\Users\\\\USUARIO\\\\Documents\\\\tpAngularAPI\\\\dataconnect\": could not find dataconnect.yaml in `c:\\Users\\USUARIO\\Documents\\tpAngularAPI\\dataconnect`\n"}}
[debug] [2026-02-11T16:54:41.087Z] E0211 13:54:41.086595    9376 watch.go:40] Failed to load config from "c:\\Users\\USUARIO\\Documents\\tpAngularAPI\\dataconnect": could not find dataconnect.yaml in `c:\Users\USUARIO\Documents\tpAngularAPI\dataconnect`
 {"metadata":{"emulator":{"name":"dataconnect"},"message":"E0211 13:54:41.086595    9376 watch.go:40] Failed to load config from \"c:\\\\Users\\\\USUARIO\\\\Documents\\\\tpAngularAPI\\\\dataconnect\": could not find dataconnect.yaml in `c:\\Users\\USUARIO\\Documents\\tpAngularAPI\\dataconnect`\n"}}
[debug] [2026-02-11T16:54:51.087Z] E0211 13:54:51.086787    9376 watch.go:40] Failed to load config from "c:\\Users\\USUARIO\\Documents\\tpAngularAPI\\dataconnect": could not find dataconnect.yaml in `c:\Users\USUARIO\Documents\tpAngularAPI\dataconnect`
 {"metadata":{"emulator":{"name":"dataconnect"},"message":"E0211 13:54:51.086787    9376 watch.go:40] Failed to load config from \"c:\\\\Users\\\\USUARIO\\\\Documents\\\\tpAngularAPI\\\\dataconnect\": could not find dataconnect.yaml in `c:\\Users\\USUARIO\\Documents\\tpAngularAPI\\dataconnect`\n"}}
[debug] [2026-02-11T16:55:01.087Z] E0211 13:55:01.086821    9376 watch.go:40] Failed to load config from "c:\\Users\\USUARIO\\Documents\\tpAngularAPI\\dataconnect": could not find dataconnect.yaml in `c:\Users\USUARIO\Documents\tpAngularAPI\dataconnect`
 {"metadata":{"emulator":{"name":"dataconnect"},"message":"E0211 13:55:01.086821    9376 watch.go:40] Failed to load config from \"c:\\\\Users\\\\USUARIO\\\\Documents\\\\tpAngularAPI\\\\dataconnect\": could not find dataconnect.yaml in `c:\\Users\\USUARIO\\Documents\\tpAngularAPI\\dataconnect`\n"}}
[debug] [2026-02-11T16:55:11.087Z] E0211 13:55:11.087100    9376 watch.go:40] Failed to load config from "c:\\Users\\USUARIO\\Documents\\tpAngularAPI\\dataconnect": could not find dataconnect.yaml in `c:\Users\USUARIO\Documents\tpAngularAPI\dataconnect`
 {"metadata":{"emulator":{"name":"dataconnect"},"message":"E0211 13:55:11.087100    9376 watch.go:40] Failed to load config from \"c:\\\\Users\\\\USUARIO\\\\Documents\\\\tpAngularAPI\\\\dataconnect\": could not find dataconnect.yaml in `c:\\Users\\USUARIO\\Documents\\tpAngularAPI\\dataconnect`\n"}}
[debug] [2026-02-11T16:55:21.087Z] E0211 13:55:21.087493    9376 watch.go:40] Failed to load config from "c:\\Users\\USUARIO\\Documents\\tpAngularAPI\\dataconnect": could not find dataconnect.yaml in `c:\Users\USUARIO\Documents\tpAngularAPI\dataconnect`
 {"metadata":{"emulator":{"name":"dataconnect"},"message":"E0211 13:55:21.087493    9376 watch.go:40] Failed to load config from \"c:\\\\Users\\\\USUARIO\\\\Documents\\\\tpAngularAPI\\\\dataconnect\": could not find dataconnect.yaml in `c:\\Users\\USUARIO\\Documents\\tpAngularAPI\\dataconnect`\n"}}
[debug] [2026-02-11T16:55:21.089Z] E0211 13:55:21.088495    9376 watch.go:116] watchAllDir unable to walk dir `c:\Users\USUARIO\Documents\tpAngularAPI\dataconnect`: CreateFile c:\Users\USUARIO\Documents\tpAngularAPI\dataconnect: The system cannot find the file specified.
 {"metadata":{"emulator":{"name":"dataconnect"},"message":"E0211 13:55:21.088495    9376 watch.go:116] watchAllDir unable to walk dir `c:\\Users\\USUARIO\\Documents\\tpAngularAPI\\dataconnect`: CreateFile c:\\Users\\USUARIO\\Documents\\tpAngularAPI\\dataconnect: The system cannot find the file specified.\n"}}
[debug] [2026-02-11T16:55:31.088Z] E0211 13:55:31.087756    9376 watch.go:40] Failed to load config from "c:\\Users\\USUARIO\\Documents\\tpAngularAPI\\dataconnect": could not find dataconnect.yaml in `c:\Users\USUARIO\Documents\tpAngularAPI\dataconnect`
 {"metadata":{"emulator":{"name":"dataconnect"},"message":"E0211 13:55:31.087756    9376 watch.go:40] Failed to load config from \"c:\\\\Users\\\\USUARIO\\\\Documents\\\\tpAngularAPI\\\\dataconnect\": could not find dataconnect.yaml in `c:\\Users\\USUARIO\\Documents\\tpAngularAPI\\dataconnect`\n"}}
[debug] [2026-02-11T16:55:41.087Z] E0211 13:55:41.086606    9376 watch.go:40] Failed to load config from "c:\\Users\\USUARIO\\Documents\\tpAngularAPI\\dataconnect": could not find dataconnect.yaml in `c:\Users\USUARIO\Documents\tpAngularAPI\dataconnect`
 {"metadata":{"emulator":{"name":"dataconnect"},"message":"E0211 13:55:41.086606    9376 watch.go:40] Failed to load config from \"c:\\\\Users\\\\USUARIO\\\\Documents\\\\tpAngularAPI\\\\dataconnect\": could not find dataconnect.yaml in `c:\\Users\\USUARIO\\Documents\\tpAngularAPI\\dataconnect`\n"}}
[debug] [2026-02-11T16:55:51.087Z] E0211 13:55:51.086593    9376 watch.go:40] Failed to load config from "c:\\Users\\USUARIO\\Documents\\tpAngularAPI\\dataconnect": could not find dataconnect.yaml in `c:\Users\USUARIO\Documents\tpAngularAPI\dataconnect`
 {"metadata":{"emulator":{"name":"dataconnect"},"message":"E0211 13:55:51.086593    9376 watch.go:40] Failed to load config from \"c:\\\\Users\\\\USUARIO\\\\Documents\\\\tpAngularAPI\\\\dataconnect\": could not find dataconnect.yaml in `c:\\Users\\USUARIO\\Documents\\tpAngularAPI\\dataconnect`\n"}}
[debug] [2026-02-11T16:56:01.087Z] E0211 13:56:01.086552    9376 watch.go:40] Failed to load config from "c:\\Users\\USUARIO\\Documents\\tpAngularAPI\\dataconnect": could not find dataconnect.yaml in `c:\Users\USUARIO\Documents\tpAngularAPI\dataconnect`
 {"metadata":{"emulator":{"name":"dataconnect"},"message":"E0211 13:56:01.086552    9376 watch.go:40] Failed to load config from \"c:\\\\Users\\\\USUARIO\\\\Documents\\\\tpAngularAPI\\\\dataconnect\": could not find dataconnect.yaml in `c:\\Users\\USUARIO\\Documents\\tpAngularAPI\\dataconnect`\n"}}
[debug] [2026-02-11T16:56:11.087Z] E0211 13:56:11.086571    9376 watch.go:40] Failed to load config from "c:\\Users\\USUARIO\\Documents\\tpAngularAPI\\dataconnect": could not find dataconnect.yaml in `c:\Users\USUARIO\Documents\tpAngularAPI\dataconnect`
 {"metadata":{"emulator":{"name":"dataconnect"},"message":"E0211 13:56:11.086571    9376 watch.go:40] Failed to load config from \"c:\\\\Users\\\\USUARIO\\\\Documents\\\\tpAngularAPI\\\\dataconnect\": could not find dataconnect.yaml in `c:\\Users\\USUARIO\\Documents\\tpAngularAPI\\dataconnect`\n"}}
[debug] [2026-02-11T16:56:21.086Z] E0211 13:56:21.086570    9376 watch.go:116] watchAllDir unable to walk dir `c:\Users\USUARIO\Documents\tpAngularAPI\dataconnect`: CreateFile c:\Users\USUARIO\Documents\tpAngularAPI\dataconnect: The system cannot find the file specified.
 {"metadata":{"emulator":{"name":"dataconnect"},"message":"E0211 13:56:21.086570    9376 watch.go:116] watchAllDir unable to walk dir `c:\\Users\\USUARIO\\Documents\\tpAngularAPI\\dataconnect`: CreateFile c:\\Users\\USUARIO\\Documents\\tpAngularAPI\\dataconnect: The system cannot find the file specified.\n"}}
[debug] [2026-02-11T16:56:21.087Z] E0211 13:56:21.086570    9376 watch.go:40] Failed to load config from "c:\\Users\\USUARIO\\Documents\\tpAngularAPI\\dataconnect": could not find dataconnect.yaml in `c:\Users\USUARIO\Documents\tpAngularAPI\dataconnect`
 {"metadata":{"emulator":{"name":"dataconnect"},"message":"E0211 13:56:21.086570    9376 watch.go:40] Failed to load config from \"c:\\\\Users\\\\USUARIO\\\\Documents\\\\tpAngularAPI\\\\dataconnect\": could not find dataconnect.yaml in `c:\\Users\\USUARIO\\Documents\\tpAngularAPI\\dataconnect`\n"}}
[debug] [2026-02-11T16:56:31.087Z] E0211 13:56:31.087278    9376 watch.go:40] Failed to load config from "c:\\Users\\USUARIO\\Documents\\tpAngularAPI\\dataconnect": could not find dataconnect.yaml in `c:\Users\USUARIO\Documents\tpAngularAPI\dataconnect`
 {"metadata":{"emulator":{"name":"dataconnect"},"message":"E0211 13:56:31.087278    9376 watch.go:40] Failed to load config from \"c:\\\\Users\\\\USUARIO\\\\Documents\\\\tpAngularAPI\\\\dataconnect\": could not find dataconnect.yaml in `c:\\Users\\USUARIO\\Documents\\tpAngularAPI\\dataconnect`\n"}}
[debug] [2026-02-11T16:56:41.087Z] E0211 13:56:41.087267    9376 watch.go:40] Failed to load config from "c:\\Users\\USUARIO\\Documents\\tpAngularAPI\\dataconnect": could not find dataconnect.yaml in `c:\Users\USUARIO\Documents\tpAngularAPI\dataconnect`
 {"metadata":{"emulator":{"name":"dataconnect"},"message":"E0211 13:56:41.087267    9376 watch.go:40] Failed to load config from \"c:\\\\Users\\\\USUARIO\\\\Documents\\\\tpAngularAPI\\\\dataconnect\": could not find dataconnect.yaml in `c:\\Users\\USUARIO\\Documents\\tpAngularAPI\\dataconnect`\n"}}
[debug] [2026-02-11T16:56:51.086Z] E0211 13:56:51.086584    9376 watch.go:40] Failed to load config from "c:\\Users\\USUARIO\\Documents\\tpAngularAPI\\dataconnect": could not find dataconnect.yaml in `c:\Users\USUARIO\Documents\tpAngularAPI\dataconnect`
 {"metadata":{"emulator":{"name":"dataconnect"},"message":"E0211 13:56:51.086584    9376 watch.go:40] Failed to load config from \"c:\\\\Users\\\\USUARIO\\\\Documents\\\\tpAngularAPI\\\\dataconnect\": could not find dataconnect.yaml in `c:\\Users\\USUARIO\\Documents\\tpAngularAPI\\dataconnect`\n"}}
[debug] [2026-02-11T16:57:01.086Z] E0211 13:57:01.086789    9376 watch.go:40] Failed to load config from "c:\\Users\\USUARIO\\Documents\\tpAngularAPI\\dataconnect": could not find dataconnect.yaml in `c:\Users\USUARIO\Documents\tpAngularAPI\dataconnect`
 {"metadata":{"emulator":{"name":"dataconnect"},"message":"E0211 13:57:01.086789    9376 watch.go:40] Failed to load config from \"c:\\\\Users\\\\USUARIO\\\\Documents\\\\tpAngularAPI\\\\dataconnect\": could not find dataconnect.yaml in `c:\\Users\\USUARIO\\Documents\\tpAngularAPI\\dataconnect`\n"}}
[debug] [2026-02-11T16:57:11.086Z] E0211 13:57:11.086598    9376 watch.go:40] Failed to load config from "c:\\Users\\USUARIO\\Documents\\tpAngularAPI\\dataconnect": could not find dataconnect.yaml in `c:\Users\USUARIO\Documents\tpAngularAPI\dataconnect`
 {"metadata":{"emulator":{"name":"dataconnect"},"message":"E0211 13:57:11.086598    9376 watch.go:40] Failed to load config from \"c:\\\\Users\\\\USUARIO\\\\Documents\\\\tpAngularAPI\\\\dataconnect\": could not find dataconnect.yaml in `c:\\Users\\USUARIO\\Documents\\tpAngularAPI\\dataconnect`\n"}}
[debug] [2026-02-11T16:57:21.086Z] E0211 13:57:21.087232    9376 watch.go:116] watchAllDir unable to walk dir `c:\Users\USUARIO\Documents\tpAngularAPI\dataconnect`: CreateFile c:\Users\USUARIO\Documents\tpAngularAPI\dataconnect: The system cannot find the file specified.
 {"metadata":{"emulator":{"name":"dataconnect"},"message":"E0211 13:57:21.087232    9376 watch.go:116] watchAllDir unable to walk dir `c:\\Users\\USUARIO\\Documents\\tpAngularAPI\\dataconnect`: CreateFile c:\\Users\\USUARIO\\Documents\\tpAngularAPI\\dataconnect: The system cannot find the file specified.\n"}}
[debug] [2026-02-11T16:57:21.087Z] E0211 13:57:21.087232    9376 watch.go:40] Failed to load config from "c:\\Users\\USUARIO\\Documents\\tpAngularAPI\\dataconnect": could not find dataconnect.yaml in `c:\Users\USUARIO\Documents\tpAngularAPI\dataconnect`
 {"metadata":{"emulator":{"name":"dataconnect"},"message":"E0211 13:57:21.087232    9376 watch.go:40] Failed to load config from \"c:\\\\Users\\\\USUARIO\\\\Documents\\\\tpAngularAPI\\\\dataconnect\": could not find dataconnect.yaml in `c:\\Users\\USUARIO\\Documents\\tpAngularAPI\\dataconnect`\n"}}
[debug] [2026-02-11T16:57:31.088Z] E0211 13:57:31.087873    9376 watch.go:40] Failed to load config from "c:\\Users\\USUARIO\\Documents\\tpAngularAPI\\dataconnect": could not find dataconnect.yaml in `c:\Users\USUARIO\Documents\tpAngularAPI\dataconnect`
 {"metadata":{"emulator":{"name":"dataconnect"},"message":"E0211 13:57:31.087873    9376 watch.go:40] Failed to load config from \"c:\\\\Users\\\\USUARIO\\\\Documents\\\\tpAngularAPI\\\\dataconnect\": could not find dataconnect.yaml in `c:\\Users\\USUARIO\\Documents\\tpAngularAPI\\dataconnect`\n"}}
[debug] [2026-02-11T16:57:41.087Z] E0211 13:57:41.086857    9376 watch.go:40] Failed to load config from "c:\\Users\\USUARIO\\Documents\\tpAngularAPI\\dataconnect": could not find dataconnect.yaml in `c:\Users\USUARIO\Documents\tpAngularAPI\dataconnect`
 {"metadata":{"emulator":{"name":"dataconnect"},"message":"E0211 13:57:41.086857    9376 watch.go:40] Failed to load config from \"c:\\\\Users\\\\USUARIO\\\\Documents\\\\tpAngularAPI\\\\dataconnect\": could not find dataconnect.yaml in `c:\\Users\\USUARIO\\Documents\\tpAngularAPI\\dataconnect`\n"}}
[debug] [2026-02-11T16:57:51.087Z] E0211 13:57:51.087357    9376 watch.go:40] Failed to load config from "c:\\Users\\USUARIO\\Documents\\tpAngularAPI\\dataconnect": could not find dataconnect.yaml in `c:\Users\USUARIO\Documents\tpAngularAPI\dataconnect`
 {"metadata":{"emulator":{"name":"dataconnect"},"message":"E0211 13:57:51.087357    9376 watch.go:40] Failed to load config from \"c:\\\\Users\\\\USUARIO\\\\Documents\\\\tpAngularAPI\\\\dataconnect\": could not find dataconnect.yaml in `c:\\Users\\USUARIO\\Documents\\tpAngularAPI\\dataconnect`\n"}}
[debug] [2026-02-11T16:58:01.087Z] E0211 13:58:01.087293    9376 watch.go:40] Failed to load config from "c:\\Users\\USUARIO\\Documents\\tpAngularAPI\\dataconnect": could not find dataconnect.yaml in `c:\Users\USUARIO\Documents\tpAngularAPI\dataconnect`
 {"metadata":{"emulator":{"name":"dataconnect"},"message":"E0211 13:58:01.087293    9376 watch.go:40] Failed to load config from \"c:\\\\Users\\\\USUARIO\\\\Documents\\\\tpAngularAPI\\\\dataconnect\": could not find dataconnect.yaml in `c:\\Users\\USUARIO\\Documents\\tpAngularAPI\\dataconnect`\n"}}
[debug] [2026-02-11T16:58:11.087Z] E0211 13:58:11.086595    9376 watch.go:40] Failed to load config from "c:\\Users\\USUARIO\\Documents\\tpAngularAPI\\dataconnect": could not find dataconnect.yaml in `c:\Users\USUARIO\Documents\tpAngularAPI\dataconnect`
 {"metadata":{"emulator":{"name":"dataconnect"},"message":"E0211 13:58:11.086595    9376 watch.go:40] Failed to load config from \"c:\\\\Users\\\\USUARIO\\\\Documents\\\\tpAngularAPI\\\\dataconnect\": could not find dataconnect.yaml in `c:\\Users\\USUARIO\\Documents\\tpAngularAPI\\dataconnect`\n"}}
[debug] [2026-02-11T16:58:21.087Z] E0211 13:58:21.086825    9376 watch.go:116] watchAllDir unable to walk dir `c:\Users\USUARIO\Documents\tpAngularAPI\dataconnect`: CreateFile c:\Users\USUARIO\Documents\tpAngularAPI\dataconnect: The system cannot find the file specified.
 {"metadata":{"emulator":{"name":"dataconnect"},"message":"E0211 13:58:21.086825    9376 watch.go:116] watchAllDir unable to walk dir `c:\\Users\\USUARIO\\Documents\\tpAngularAPI\\dataconnect`: CreateFile c:\\Users\\USUARIO\\Documents\\tpAngularAPI\\dataconnect: The system cannot find the file specified.\n"}}
[debug] [2026-02-11T16:58:21.087Z] E0211 13:58:21.086825    9376 watch.go:40] Failed to load config from "c:\\Users\\USUARIO\\Documents\\tpAngularAPI\\dataconnect": could not find dataconnect.yaml in `c:\Users\USUARIO\Documents\tpAngularAPI\dataconnect`
 {"metadata":{"emulator":{"name":"dataconnect"},"message":"E0211 13:58:21.086825    9376 watch.go:40] Failed to load config from \"c:\\\\Users\\\\USUARIO\\\\Documents\\\\tpAngularAPI\\\\dataconnect\": could not find dataconnect.yaml in `c:\\Users\\USUARIO\\Documents\\tpAngularAPI\\dataconnect`\n"}}
[debug] [2026-02-11T16:58:31.087Z] E0211 13:58:31.087106    9376 watch.go:40] Failed to load config from "c:\\Users\\USUARIO\\Documents\\tpAngularAPI\\dataconnect": could not find dataconnect.yaml in `c:\Users\USUARIO\Documents\tpAngularAPI\dataconnect`
 {"metadata":{"emulator":{"name":"dataconnect"},"message":"E0211 13:58:31.087106    9376 watch.go:40] Failed to load config from \"c:\\\\Users\\\\USUARIO\\\\Documents\\\\tpAngularAPI\\\\dataconnect\": could not find dataconnect.yaml in `c:\\Users\\USUARIO\\Documents\\tpAngularAPI\\dataconnect`\n"}}
[debug] [2026-02-11T16:58:41.086Z] E0211 13:58:41.086586    9376 watch.go:40] Failed to load config from "c:\\Users\\USUARIO\\Documents\\tpAngularAPI\\dataconnect": could not find dataconnect.yaml in `c:\Users\USUARIO\Documents\tpAngularAPI\dataconnect`
 {"metadata":{"emulator":{"name":"dataconnect"},"message":"E0211 13:58:41.086586    9376 watch.go:40] Failed to load config from \"c:\\\\Users\\\\USUARIO\\\\Documents\\\\tpAngularAPI\\\\dataconnect\": could not find dataconnect.yaml in `c:\\Users\\USUARIO\\Documents\\tpAngularAPI\\dataconnect`\n"}}
[debug] [2026-02-11T16:58:51.086Z] E0211 13:58:51.086807    9376 watch.go:40] Failed to load config from "c:\\Users\\USUARIO\\Documents\\tpAngularAPI\\dataconnect": could not find dataconnect.yaml in `c:\Users\USUARIO\Documents\tpAngularAPI\dataconnect`
 {"metadata":{"emulator":{"name":"dataconnect"},"message":"E0211 13:58:51.086807    9376 watch.go:40] Failed to load config from \"c:\\\\Users\\\\USUARIO\\\\Documents\\\\tpAngularAPI\\\\dataconnect\": could not find dataconnect.yaml in `c:\\Users\\USUARIO\\Documents\\tpAngularAPI\\dataconnect`\n"}}
[debug] [2026-02-11T16:59:01.086Z] E0211 13:59:01.086997    9376 watch.go:40] Failed to load config from "c:\\Users\\USUARIO\\Documents\\tpAngularAPI\\dataconnect": could not find dataconnect.yaml in `c:\Users\USUARIO\Documents\tpAngularAPI\dataconnect`
 {"metadata":{"emulator":{"name":"dataconnect"},"message":"E0211 13:59:01.086997    9376 watch.go:40] Failed to load config from \"c:\\\\Users\\\\USUARIO\\\\Documents\\\\tpAngularAPI\\\\dataconnect\": could not find dataconnect.yaml in `c:\\Users\\USUARIO\\Documents\\tpAngularAPI\\dataconnect`\n"}}
[debug] [2026-02-11T16:59:11.087Z] E0211 13:59:11.087337    9376 watch.go:40] Failed to load config from "c:\\Users\\USUARIO\\Documents\\tpAngularAPI\\dataconnect": could not find dataconnect.yaml in `c:\Users\USUARIO\Documents\tpAngularAPI\dataconnect`
 {"metadata":{"emulator":{"name":"dataconnect"},"message":"E0211 13:59:11.087337    9376 watch.go:40] Failed to load config from \"c:\\\\Users\\\\USUARIO\\\\Documents\\\\tpAngularAPI\\\\dataconnect\": could not find dataconnect.yaml in `c:\\Users\\USUARIO\\Documents\\tpAngularAPI\\dataconnect`\n"}}
[debug] [2026-02-11T16:59:21.086Z] E0211 13:59:21.086816    9376 watch.go:116] watchAllDir unable to walk dir `c:\Users\USUARIO\Documents\tpAngularAPI\dataconnect`: CreateFile c:\Users\USUARIO\Documents\tpAngularAPI\dataconnect: The system cannot find the file specified.
 {"metadata":{"emulator":{"name":"dataconnect"},"message":"E0211 13:59:21.086816    9376 watch.go:116] watchAllDir unable to walk dir `c:\\Users\\USUARIO\\Documents\\tpAngularAPI\\dataconnect`: CreateFile c:\\Users\\USUARIO\\Documents\\tpAngularAPI\\dataconnect: The system cannot find the file specified.\n"}}
[debug] [2026-02-11T16:59:21.086Z] E0211 13:59:21.086816    9376 watch.go:40] Failed to load config from "c:\\Users\\USUARIO\\Documents\\tpAngularAPI\\dataconnect": could not find dataconnect.yaml in `c:\Users\USUARIO\Documents\tpAngularAPI\dataconnect`
 {"metadata":{"emulator":{"name":"dataconnect"},"message":"E0211 13:59:21.086816    9376 watch.go:40] Failed to load config from \"c:\\\\Users\\\\USUARIO\\\\Documents\\\\tpAngularAPI\\\\dataconnect\": could not find dataconnect.yaml in `c:\\Users\\USUARIO\\Documents\\tpAngularAPI\\dataconnect`\n"}}
[debug] [2026-02-11T16:59:31.086Z] E0211 13:59:31.086868    9376 watch.go:40] Failed to load config from "c:\\Users\\USUARIO\\Documents\\tpAngularAPI\\dataconnect": could not find dataconnect.yaml in `c:\Users\USUARIO\Documents\tpAngularAPI\dataconnect`
 {"metadata":{"emulator":{"name":"dataconnect"},"message":"E0211 13:59:31.086868    9376 watch.go:40] Failed to load config from \"c:\\\\Users\\\\USUARIO\\\\Documents\\\\tpAngularAPI\\\\dataconnect\": could not find dataconnect.yaml in `c:\\Users\\USUARIO\\Documents\\tpAngularAPI\\dataconnect`\n"}}
[debug] [2026-02-11T16:59:41.087Z] E0211 13:59:41.087167    9376 watch.go:40] Failed to load config from "c:\\Users\\USUARIO\\Documents\\tpAngularAPI\\dataconnect": could not find dataconnect.yaml in `c:\Users\USUARIO\Documents\tpAngularAPI\dataconnect`
 {"metadata":{"emulator":{"name":"dataconnect"},"message":"E0211 13:59:41.087167    9376 watch.go:40] Failed to load config from \"c:\\\\Users\\\\USUARIO\\\\Documents\\\\tpAngularAPI\\\\dataconnect\": could not find dataconnect.yaml in `c:\\Users\\USUARIO\\Documents\\tpAngularAPI\\dataconnect`\n"}}
[debug] [2026-02-11T16:59:51.087Z] E0211 13:59:51.086939    9376 watch.go:40] Failed to load config from "c:\\Users\\USUARIO\\Documents\\tpAngularAPI\\dataconnect": could not find dataconnect.yaml in `c:\Users\USUARIO\Documents\tpAngularAPI\dataconnect`
 {"metadata":{"emulator":{"name":"dataconnect"},"message":"E0211 13:59:51.086939    9376 watch.go:40] Failed to load config from \"c:\\\\Users\\\\USUARIO\\\\Documents\\\\tpAngularAPI\\\\dataconnect\": could not find dataconnect.yaml in `c:\\Users\\USUARIO\\Documents\\tpAngularAPI\\dataconnect`\n"}}
[debug] [2026-02-11T17:00:01.086Z] E0211 14:00:01.086625    9376 watch.go:40] Failed to load config from "c:\\Users\\USUARIO\\Documents\\tpAngularAPI\\dataconnect": could not find dataconnect.yaml in `c:\Users\USUARIO\Documents\tpAngularAPI\dataconnect`
 {"metadata":{"emulator":{"name":"dataconnect"},"message":"E0211 14:00:01.086625    9376 watch.go:40] Failed to load config from \"c:\\\\Users\\\\USUARIO\\\\Documents\\\\tpAngularAPI\\\\dataconnect\": could not find dataconnect.yaml in `c:\\Users\\USUARIO\\Documents\\tpAngularAPI\\dataconnect`\n"}}
[debug] [2026-02-11T17:00:11.087Z] E0211 14:00:11.086790    9376 watch.go:40] Failed to load config from "c:\\Users\\USUARIO\\Documents\\tpAngularAPI\\dataconnect": could not find dataconnect.yaml in `c:\Users\USUARIO\Documents\tpAngularAPI\dataconnect`
 {"metadata":{"emulator":{"name":"dataconnect"},"message":"E0211 14:00:11.086790    9376 watch.go:40] Failed to load config from \"c:\\\\Users\\\\USUARIO\\\\Documents\\\\tpAngularAPI\\\\dataconnect\": could not find dataconnect.yaml in `c:\\Users\\USUARIO\\Documents\\tpAngularAPI\\dataconnect`\n"}}
[debug] [2026-02-11T17:00:21.092Z] E0211 14:00:21.091597    9376 watch.go:116] watchAllDir unable to walk dir `c:\Users\USUARIO\Documents\tpAngularAPI\dataconnect`: CreateFile c:\Users\USUARIO\Documents\tpAngularAPI\dataconnect: The system cannot find the file specified.
 {"metadata":{"emulator":{"name":"dataconnect"},"message":"E0211 14:00:21.091597    9376 watch.go:116] watchAllDir unable to walk dir `c:\\Users\\USUARIO\\Documents\\tpAngularAPI\\dataconnect`: CreateFile c:\\Users\\USUARIO\\Documents\\tpAngularAPI\\dataconnect: The system cannot find the file specified.\n"}}
[debug] [2026-02-11T17:00:21.093Z] E0211 14:00:21.092101    9376 watch.go:40] Failed to load config from "c:\\Users\\USUARIO\\Documents\\tpAngularAPI\\dataconnect": could not find dataconnect.yaml in `c:\Users\USUARIO\Documents\tpAngularAPI\dataconnect`
 {"metadata":{"emulator":{"name":"dataconnect"},"message":"E0211 14:00:21.092101    9376 watch.go:40] Failed to load config from \"c:\\\\Users\\\\USUARIO\\\\Documents\\\\tpAngularAPI\\\\dataconnect\": could not find dataconnect.yaml in `c:\\Users\\USUARIO\\Documents\\tpAngularAPI\\dataconnect`\n"}}
[debug] [2026-02-11T17:00:31.087Z] E0211 14:00:31.087062    9376 watch.go:40] Failed to load config from "c:\\Users\\USUARIO\\Documents\\tpAngularAPI\\dataconnect": could not find dataconnect.yaml in `c:\Users\USUARIO\Documents\tpAngularAPI\dataconnect`
 {"metadata":{"emulator":{"name":"dataconnect"},"message":"E0211 14:00:31.087062    9376 watch.go:40] Failed to load config from \"c:\\\\Users\\\\USUARIO\\\\Documents\\\\tpAngularAPI\\\\dataconnect\": could not find dataconnect.yaml in `c:\\Users\\USUARIO\\Documents\\tpAngularAPI\\dataconnect`\n"}}
[debug] [2026-02-11T17:00:41.087Z] E0211 14:00:41.086802    9376 watch.go:40] Failed to load config from "c:\\Users\\USUARIO\\Documents\\tpAngularAPI\\dataconnect": could not find dataconnect.yaml in `c:\Users\USUARIO\Documents\tpAngularAPI\dataconnect`
 {"metadata":{"emulator":{"name":"dataconnect"},"message":"E0211 14:00:41.086802    9376 watch.go:40] Failed to load config from \"c:\\\\Users\\\\USUARIO\\\\Documents\\\\tpAngularAPI\\\\dataconnect\": could not find dataconnect.yaml in `c:\\Users\\USUARIO\\Documents\\tpAngularAPI\\dataconnect`\n"}}
[debug] [2026-02-11T17:00:51.086Z] E0211 14:00:51.086583    9376 watch.go:40] Failed to load config from "c:\\Users\\USUARIO\\Documents\\tpAngularAPI\\dataconnect": could not find dataconnect.yaml in `c:\Users\USUARIO\Documents\tpAngularAPI\dataconnect`
 {"metadata":{"emulator":{"name":"dataconnect"},"message":"E0211 14:00:51.086583    9376 watch.go:40] Failed to load config from \"c:\\\\Users\\\\USUARIO\\\\Documents\\\\tpAngularAPI\\\\dataconnect\": could not find dataconnect.yaml in `c:\\Users\\USUARIO\\Documents\\tpAngularAPI\\dataconnect`\n"}}
[debug] [2026-02-11T17:01:01.087Z] E0211 14:01:01.086900    9376 watch.go:40] Failed to load config from "c:\\Users\\USUARIO\\Documents\\tpAngularAPI\\dataconnect": could not find dataconnect.yaml in `c:\Users\USUARIO\Documents\tpAngularAPI\dataconnect`
 {"metadata":{"emulator":{"name":"dataconnect"},"message":"E0211 14:01:01.086900    9376 watch.go:40] Failed to load config from \"c:\\\\Users\\\\USUARIO\\\\Documents\\\\tpAngularAPI\\\\dataconnect\": could not find dataconnect.yaml in `c:\\Users\\USUARIO\\Documents\\tpAngularAPI\\dataconnect`\n"}}
[debug] [2026-02-11T17:01:11.087Z] E0211 14:01:11.086870    9376 watch.go:40] Failed to load config from "c:\\Users\\USUARIO\\Documents\\tpAngularAPI\\dataconnect": could not find dataconnect.yaml in `c:\Users\USUARIO\Documents\tpAngularAPI\dataconnect`
 {"metadata":{"emulator":{"name":"dataconnect"},"message":"E0211 14:01:11.086870    9376 watch.go:40] Failed to load config from \"c:\\\\Users\\\\USUARIO\\\\Documents\\\\tpAngularAPI\\\\dataconnect\": could not find dataconnect.yaml in `c:\\Users\\USUARIO\\Documents\\tpAngularAPI\\dataconnect`\n"}}
[debug] [2026-02-11T17:01:21.087Z] E0211 14:01:21.086845    9376 watch.go:116] watchAllDir unable to walk dir `c:\Users\USUARIO\Documents\tpAngularAPI\dataconnect`: CreateFile c:\Users\USUARIO\Documents\tpAngularAPI\dataconnect: The system cannot find the file specified.
 {"metadata":{"emulator":{"name":"dataconnect"},"message":"E0211 14:01:21.086845    9376 watch.go:116] watchAllDir unable to walk dir `c:\\Users\\USUARIO\\Documents\\tpAngularAPI\\dataconnect`: CreateFile c:\\Users\\USUARIO\\Documents\\tpAngularAPI\\dataconnect: The system cannot find the file specified.\n"}}
[debug] [2026-02-11T17:01:21.087Z] E0211 14:01:21.086845    9376 watch.go:40] Failed to load config from "c:\\Users\\USUARIO\\Documents\\tpAngularAPI\\dataconnect": could not find dataconnect.yaml in `c:\Users\USUARIO\Documents\tpAngularAPI\dataconnect`
 {"metadata":{"emulator":{"name":"dataconnect"},"message":"E0211 14:01:21.086845    9376 watch.go:40] Failed to load config from \"c:\\\\Users\\\\USUARIO\\\\Documents\\\\tpAngularAPI\\\\dataconnect\": could not find dataconnect.yaml in `c:\\Users\\USUARIO\\Documents\\tpAngularAPI\\dataconnect`\n"}}
[debug] [2026-02-11T17:01:31.087Z] E0211 14:01:31.087059    9376 watch.go:40] Failed to load config from "c:\\Users\\USUARIO\\Documents\\tpAngularAPI\\dataconnect": could not find dataconnect.yaml in `c:\Users\USUARIO\Documents\tpAngularAPI\dataconnect`
 {"metadata":{"emulator":{"name":"dataconnect"},"message":"E0211 14:01:31.087059    9376 watch.go:40] Failed to load config from \"c:\\\\Users\\\\USUARIO\\\\Documents\\\\tpAngularAPI\\\\dataconnect\": could not find dataconnect.yaml in `c:\\Users\\USUARIO\\Documents\\tpAngularAPI\\dataconnect`\n"}}
[debug] [2026-02-11T17:01:41.086Z] E0211 14:01:41.086581    9376 watch.go:40] Failed to load config from "c:\\Users\\USUARIO\\Documents\\tpAngularAPI\\dataconnect": could not find dataconnect.yaml in `c:\Users\USUARIO\Documents\tpAngularAPI\dataconnect`
 {"metadata":{"emulator":{"name":"dataconnect"},"message":"E0211 14:01:41.086581    9376 watch.go:40] Failed to load config from \"c:\\\\Users\\\\USUARIO\\\\Documents\\\\tpAngularAPI\\\\dataconnect\": could not find dataconnect.yaml in `c:\\Users\\USUARIO\\Documents\\tpAngularAPI\\dataconnect`\n"}}
[debug] [2026-02-11T17:01:51.087Z] E0211 14:01:51.086595    9376 watch.go:40] Failed to load config from "c:\\Users\\USUARIO\\Documents\\tpAngularAPI\\dataconnect": could not find dataconnect.yaml in `c:\Users\USUARIO\Documents\tpAngularAPI\dataconnect`
 {"metadata":{"emulator":{"name":"dataconnect"},"message":"E0211 14:01:51.086595    9376 watch.go:40] Failed to load config from \"c:\\\\Users\\\\USUARIO\\\\Documents\\\\tpAngularAPI\\\\dataconnect\": could not find dataconnect.yaml in `c:\\Users\\USUARIO\\Documents\\tpAngularAPI\\dataconnect`\n"}}
[debug] [2026-02-11T17:02:01.087Z] E0211 14:02:01.086802    9376 watch.go:40] Failed to load config from "c:\\Users\\USUARIO\\Documents\\tpAngularAPI\\dataconnect": could not find dataconnect.yaml in `c:\Users\USUARIO\Documents\tpAngularAPI\dataconnect`
 {"metadata":{"emulator":{"name":"dataconnect"},"message":"E0211 14:02:01.086802    9376 watch.go:40] Failed to load config from \"c:\\\\Users\\\\USUARIO\\\\Documents\\\\tpAngularAPI\\\\dataconnect\": could not find dataconnect.yaml in `c:\\Users\\USUARIO\\Documents\\tpAngularAPI\\dataconnect`\n"}}
[debug] [2026-02-11T17:02:11.087Z] E0211 14:02:11.086826    9376 watch.go:40] Failed to load config from "c:\\Users\\USUARIO\\Documents\\tpAngularAPI\\dataconnect": could not find dataconnect.yaml in `c:\Users\USUARIO\Documents\tpAngularAPI\dataconnect`
 {"metadata":{"emulator":{"name":"dataconnect"},"message":"E0211 14:02:11.086826    9376 watch.go:40] Failed to load config from \"c:\\\\Users\\\\USUARIO\\\\Documents\\\\tpAngularAPI\\\\dataconnect\": could not find dataconnect.yaml in `c:\\Users\\USUARIO\\Documents\\tpAngularAPI\\dataconnect`\n"}}
[debug] [2026-02-11T17:02:21.087Z] E0211 14:02:21.086684    9376 watch.go:116] watchAllDir unable to walk dir `c:\Users\USUARIO\Documents\tpAngularAPI\dataconnect`: CreateFile c:\Users\USUARIO\Documents\tpAngularAPI\dataconnect: The system cannot find the file specified.
 {"metadata":{"emulator":{"name":"dataconnect"},"message":"E0211 14:02:21.086684    9376 watch.go:116] watchAllDir unable to walk dir `c:\\Users\\USUARIO\\Documents\\tpAngularAPI\\dataconnect`: CreateFile c:\\Users\\USUARIO\\Documents\\tpAngularAPI\\dataconnect: The system cannot find the file specified.\n"}}
[debug] [2026-02-11T17:02:21.087Z] E0211 14:02:21.086684    9376 watch.go:40] Failed to load config from "c:\\Users\\USUARIO\\Documents\\tpAngularAPI\\dataconnect": could not find dataconnect.yaml in `c:\Users\USUARIO\Documents\tpAngularAPI\dataconnect`
 {"metadata":{"emulator":{"name":"dataconnect"},"message":"E0211 14:02:21.086684    9376 watch.go:40] Failed to load config from \"c:\\\\Users\\\\USUARIO\\\\Documents\\\\tpAngularAPI\\\\dataconnect\": could not find dataconnect.yaml in `c:\\Users\\USUARIO\\Documents\\tpAngularAPI\\dataconnect`\n"}}
[debug] [2026-02-11T17:02:31.087Z] E0211 14:02:31.086804    9376 watch.go:40] Failed to load config from "c:\\Users\\USUARIO\\Documents\\tpAngularAPI\\dataconnect": could not find dataconnect.yaml in `c:\Users\USUARIO\Documents\tpAngularAPI\dataconnect`
 {"metadata":{"emulator":{"name":"dataconnect"},"message":"E0211 14:02:31.086804    9376 watch.go:40] Failed to load config from \"c:\\\\Users\\\\USUARIO\\\\Documents\\\\tpAngularAPI\\\\dataconnect\": could not find dataconnect.yaml in `c:\\Users\\USUARIO\\Documents\\tpAngularAPI\\dataconnect`\n"}}
[debug] [2026-02-11T17:02:41.087Z] E0211 14:02:41.087003    9376 watch.go:40] Failed to load config from "c:\\Users\\USUARIO\\Documents\\tpAngularAPI\\dataconnect": could not find dataconnect.yaml in `c:\Users\USUARIO\Documents\tpAngularAPI\dataconnect`
 {"metadata":{"emulator":{"name":"dataconnect"},"message":"E0211 14:02:41.087003    9376 watch.go:40] Failed to load config from \"c:\\\\Users\\\\USUARIO\\\\Documents\\\\tpAngularAPI\\\\dataconnect\": could not find dataconnect.yaml in `c:\\Users\\USUARIO\\Documents\\tpAngularAPI\\dataconnect`\n"}}
[debug] [2026-02-11T17:02:51.087Z] E0211 14:02:51.086595    9376 watch.go:40] Failed to load config from "c:\\Users\\USUARIO\\Documents\\tpAngularAPI\\dataconnect": could not find dataconnect.yaml in `c:\Users\USUARIO\Documents\tpAngularAPI\dataconnect`
 {"metadata":{"emulator":{"name":"dataconnect"},"message":"E0211 14:02:51.086595    9376 watch.go:40] Failed to load config from \"c:\\\\Users\\\\USUARIO\\\\Documents\\\\tpAngularAPI\\\\dataconnect\": could not find dataconnect.yaml in `c:\\Users\\USUARIO\\Documents\\tpAngularAPI\\dataconnect`\n"}}
[debug] [2026-02-11T17:03:01.087Z] E0211 14:03:01.086794    9376 watch.go:40] Failed to load config from "c:\\Users\\USUARIO\\Documents\\tpAngularAPI\\dataconnect": could not find dataconnect.yaml in `c:\Users\USUARIO\Documents\tpAngularAPI\dataconnect`
 {"metadata":{"emulator":{"name":"dataconnect"},"message":"E0211 14:03:01.086794    9376 watch.go:40] Failed to load config from \"c:\\\\Users\\\\USUARIO\\\\Documents\\\\tpAngularAPI\\\\dataconnect\": could not find dataconnect.yaml in `c:\\Users\\USUARIO\\Documents\\tpAngularAPI\\dataconnect`\n"}}
[debug] [2026-02-11T17:03:11.087Z] E0211 14:03:11.086829    9376 watch.go:40] Failed to load config from "c:\\Users\\USUARIO\\Documents\\tpAngularAPI\\dataconnect": could not find dataconnect.yaml in `c:\Users\USUARIO\Documents\tpAngularAPI\dataconnect`
 {"metadata":{"emulator":{"name":"dataconnect"},"message":"E0211 14:03:11.086829    9376 watch.go:40] Failed to load config from \"c:\\\\Users\\\\USUARIO\\\\Documents\\\\tpAngularAPI\\\\dataconnect\": could not find dataconnect.yaml in `c:\\Users\\USUARIO\\Documents\\tpAngularAPI\\dataconnect`\n"}}
[debug] [2026-02-11T17:03:21.087Z] E0211 14:03:21.086829    9376 watch.go:116] watchAllDir unable to walk dir `c:\Users\USUARIO\Documents\tpAngularAPI\dataconnect`: CreateFile c:\Users\USUARIO\Documents\tpAngularAPI\dataconnect: The system cannot find the file specified.
 {"metadata":{"emulator":{"name":"dataconnect"},"message":"E0211 14:03:21.086829    9376 watch.go:116] watchAllDir unable to walk dir `c:\\Users\\USUARIO\\Documents\\tpAngularAPI\\dataconnect`: CreateFile c:\\Users\\USUARIO\\Documents\\tpAngularAPI\\dataconnect: The system cannot find the file specified.\n"}}
[debug] [2026-02-11T17:03:21.088Z] E0211 14:03:21.086829    9376 watch.go:40] Failed to load config from "c:\\Users\\USUARIO\\Documents\\tpAngularAPI\\dataconnect": could not find dataconnect.yaml in `c:\Users\USUARIO\Documents\tpAngularAPI\dataconnect`
 {"metadata":{"emulator":{"name":"dataconnect"},"message":"E0211 14:03:21.086829    9376 watch.go:40] Failed to load config from \"c:\\\\Users\\\\USUARIO\\\\Documents\\\\tpAngularAPI\\\\dataconnect\": could not find dataconnect.yaml in `c:\\Users\\USUARIO\\Documents\\tpAngularAPI\\dataconnect`\n"}}
[debug] [2026-02-11T17:03:31.087Z] E0211 14:03:31.087358    9376 watch.go:40] Failed to load config from "c:\\Users\\USUARIO\\Documents\\tpAngularAPI\\dataconnect": could not find dataconnect.yaml in `c:\Users\USUARIO\Documents\tpAngularAPI\dataconnect`
 {"metadata":{"emulator":{"name":"dataconnect"},"message":"E0211 14:03:31.087358    9376 watch.go:40] Failed to load config from \"c:\\\\Users\\\\USUARIO\\\\Documents\\\\tpAngularAPI\\\\dataconnect\": could not find dataconnect.yaml in `c:\\Users\\USUARIO\\Documents\\tpAngularAPI\\dataconnect`\n"}}
[debug] [2026-02-11T17:03:41.087Z] E0211 14:03:41.087484    9376 watch.go:40] Failed to load config from "c:\\Users\\USUARIO\\Documents\\tpAngularAPI\\dataconnect": could not find dataconnect.yaml in `c:\Users\USUARIO\Documents\tpAngularAPI\dataconnect`
 {"metadata":{"emulator":{"name":"dataconnect"},"message":"E0211 14:03:41.087484    9376 watch.go:40] Failed to load config from \"c:\\\\Users\\\\USUARIO\\\\Documents\\\\tpAngularAPI\\\\dataconnect\": could not find dataconnect.yaml in `c:\\Users\\USUARIO\\Documents\\tpAngularAPI\\dataconnect`\n"}}
[debug] [2026-02-11T17:03:51.088Z] E0211 14:03:51.088649    9376 watch.go:40] Failed to load config from "c:\\Users\\USUARIO\\Documents\\tpAngularAPI\\dataconnect": could not find dataconnect.yaml in `c:\Users\USUARIO\Documents\tpAngularAPI\dataconnect`
 {"metadata":{"emulator":{"name":"dataconnect"},"message":"E0211 14:03:51.088649    9376 watch.go:40] Failed to load config from \"c:\\\\Users\\\\USUARIO\\\\Documents\\\\tpAngularAPI\\\\dataconnect\": could not find dataconnect.yaml in `c:\\Users\\USUARIO\\Documents\\tpAngularAPI\\dataconnect`\n"}}
[debug] [2026-02-11T17:04:01.087Z] E0211 14:04:01.086896    9376 watch.go:40] Failed to load config from "c:\\Users\\USUARIO\\Documents\\tpAngularAPI\\dataconnect": could not find dataconnect.yaml in `c:\Users\USUARIO\Documents\tpAngularAPI\dataconnect`
 {"metadata":{"emulator":{"name":"dataconnect"},"message":"E0211 14:04:01.086896    9376 watch.go:40] Failed to load config from \"c:\\\\Users\\\\USUARIO\\\\Documents\\\\tpAngularAPI\\\\dataconnect\": could not find dataconnect.yaml in `c:\\Users\\USUARIO\\Documents\\tpAngularAPI\\dataconnect`\n"}}
[debug] [2026-02-11T17:04:11.087Z] E0211 14:04:11.086794    9376 watch.go:40] Failed to load config from "c:\\Users\\USUARIO\\Documents\\tpAngularAPI\\dataconnect": could not find dataconnect.yaml in `c:\Users\USUARIO\Documents\tpAngularAPI\dataconnect`
 {"metadata":{"emulator":{"name":"dataconnect"},"message":"E0211 14:04:11.086794    9376 watch.go:40] Failed to load config from \"c:\\\\Users\\\\USUARIO\\\\Documents\\\\tpAngularAPI\\\\dataconnect\": could not find dataconnect.yaml in `c:\\Users\\USUARIO\\Documents\\tpAngularAPI\\dataconnect`\n"}}
[debug] [2026-02-11T17:04:21.087Z] E0211 14:04:21.087094    9376 watch.go:116] watchAllDir unable to walk dir `c:\Users\USUARIO\Documents\tpAngularAPI\dataconnect`: CreateFile c:\Users\USUARIO\Documents\tpAngularAPI\dataconnect: The system cannot find the file specified.
 {"metadata":{"emulator":{"name":"dataconnect"},"message":"E0211 14:04:21.087094    9376 watch.go:116] watchAllDir unable to walk dir `c:\\Users\\USUARIO\\Documents\\tpAngularAPI\\dataconnect`: CreateFile c:\\Users\\USUARIO\\Documents\\tpAngularAPI\\dataconnect: The system cannot find the file specified.\n"}}
[debug] [2026-02-11T17:04:21.087Z] E0211 14:04:21.087094    9376 watch.go:40] Failed to load config from "c:\\Users\\USUARIO\\Documents\\tpAngularAPI\\dataconnect": could not find dataconnect.yaml in `c:\Users\USUARIO\Documents\tpAngularAPI\dataconnect`
 {"metadata":{"emulator":{"name":"dataconnect"},"message":"E0211 14:04:21.087094    9376 watch.go:40] Failed to load config from \"c:\\\\Users\\\\USUARIO\\\\Documents\\\\tpAngularAPI\\\\dataconnect\": could not find dataconnect.yaml in `c:\\Users\\USUARIO\\Documents\\tpAngularAPI\\dataconnect`\n"}}
[debug] [2026-02-11T17:04:31.087Z] E0211 14:04:31.086902    9376 watch.go:40] Failed to load config from "c:\\Users\\USUARIO\\Documents\\tpAngularAPI\\dataconnect": could not find dataconnect.yaml in `c:\Users\USUARIO\Documents\tpAngularAPI\dataconnect`
 {"metadata":{"emulator":{"name":"dataconnect"},"message":"E0211 14:04:31.086902    9376 watch.go:40] Failed to load config from \"c:\\\\Users\\\\USUARIO\\\\Documents\\\\tpAngularAPI\\\\dataconnect\": could not find dataconnect.yaml in `c:\\Users\\USUARIO\\Documents\\tpAngularAPI\\dataconnect`\n"}}
[debug] [2026-02-11T17:04:41.087Z] E0211 14:04:41.086826    9376 watch.go:40] Failed to load config from "c:\\Users\\USUARIO\\Documents\\tpAngularAPI\\dataconnect": could not find dataconnect.yaml in `c:\Users\USUARIO\Documents\tpAngularAPI\dataconnect`
 {"metadata":{"emulator":{"name":"dataconnect"},"message":"E0211 14:04:41.086826    9376 watch.go:40] Failed to load config from \"c:\\\\Users\\\\USUARIO\\\\Documents\\\\tpAngularAPI\\\\dataconnect\": could not find dataconnect.yaml in `c:\\Users\\USUARIO\\Documents\\tpAngularAPI\\dataconnect`\n"}}
[debug] [2026-02-11T17:04:51.087Z] E0211 14:04:51.086824    9376 watch.go:40] Failed to load config from "c:\\Users\\USUARIO\\Documents\\tpAngularAPI\\dataconnect": could not find dataconnect.yaml in `c:\Users\USUARIO\Documents\tpAngularAPI\dataconnect`
 {"metadata":{"emulator":{"name":"dataconnect"},"message":"E0211 14:04:51.086824    9376 watch.go:40] Failed to load config from \"c:\\\\Users\\\\USUARIO\\\\Documents\\\\tpAngularAPI\\\\dataconnect\": could not find dataconnect.yaml in `c:\\Users\\USUARIO\\Documents\\tpAngularAPI\\dataconnect`\n"}}
[debug] [2026-02-11T17:05:01.088Z] E0211 14:05:01.087950    9376 watch.go:40] Failed to load config from "c:\\Users\\USUARIO\\Documents\\tpAngularAPI\\dataconnect": could not find dataconnect.yaml in `c:\Users\USUARIO\Documents\tpAngularAPI\dataconnect`
 {"metadata":{"emulator":{"name":"dataconnect"},"message":"E0211 14:05:01.087950    9376 watch.go:40] Failed to load config from \"c:\\\\Users\\\\USUARIO\\\\Documents\\\\tpAngularAPI\\\\dataconnect\": could not find dataconnect.yaml in `c:\\Users\\USUARIO\\Documents\\tpAngularAPI\\dataconnect`\n"}}
[debug] [2026-02-11T17:05:11.087Z] E0211 14:05:11.086792    9376 watch.go:40] Failed to load config from "c:\\Users\\USUARIO\\Documents\\tpAngularAPI\\dataconnect": could not find dataconnect.yaml in `c:\Users\USUARIO\Documents\tpAngularAPI\dataconnect`
 {"metadata":{"emulator":{"name":"dataconnect"},"message":"E0211 14:05:11.086792    9376 watch.go:40] Failed to load config from \"c:\\\\Users\\\\USUARIO\\\\Documents\\\\tpAngularAPI\\\\dataconnect\": could not find dataconnect.yaml in `c:\\Users\\USUARIO\\Documents\\tpAngularAPI\\dataconnect`\n"}}
[debug] [2026-02-11T17:05:21.087Z] E0211 14:05:21.086825    9376 watch.go:116] watchAllDir unable to walk dir `c:\Users\USUARIO\Documents\tpAngularAPI\dataconnect`: CreateFile c:\Users\USUARIO\Documents\tpAngularAPI\dataconnect: The system cannot find the file specified.
 {"metadata":{"emulator":{"name":"dataconnect"},"message":"E0211 14:05:21.086825    9376 watch.go:116] watchAllDir unable to walk dir `c:\\Users\\USUARIO\\Documents\\tpAngularAPI\\dataconnect`: CreateFile c:\\Users\\USUARIO\\Documents\\tpAngularAPI\\dataconnect: The system cannot find the file specified.\n"}}
[debug] [2026-02-11T17:05:21.087Z] E0211 14:05:21.086825    9376 watch.go:40] Failed to load config from "c:\\Users\\USUARIO\\Documents\\tpAngularAPI\\dataconnect": could not find dataconnect.yaml in `c:\Users\USUARIO\Documents\tpAngularAPI\dataconnect`
 {"metadata":{"emulator":{"name":"dataconnect"},"message":"E0211 14:05:21.086825    9376 watch.go:40] Failed to load config from \"c:\\\\Users\\\\USUARIO\\\\Documents\\\\tpAngularAPI\\\\dataconnect\": could not find dataconnect.yaml in `c:\\Users\\USUARIO\\Documents\\tpAngularAPI\\dataconnect`\n"}}
[debug] [2026-02-11T17:05:31.087Z] E0211 14:05:31.086941    9376 watch.go:40] Failed to load config from "c:\\Users\\USUARIO\\Documents\\tpAngularAPI\\dataconnect": could not find dataconnect.yaml in `c:\Users\USUARIO\Documents\tpAngularAPI\dataconnect`
 {"metadata":{"emulator":{"name":"dataconnect"},"message":"E0211 14:05:31.086941    9376 watch.go:40] Failed to load config from \"c:\\\\Users\\\\USUARIO\\\\Documents\\\\tpAngularAPI\\\\dataconnect\": could not find dataconnect.yaml in `c:\\Users\\USUARIO\\Documents\\tpAngularAPI\\dataconnect`\n"}}
[debug] [2026-02-11T17:05:41.087Z] E0211 14:05:41.086791    9376 watch.go:40] Failed to load config from "c:\\Users\\USUARIO\\Documents\\tpAngularAPI\\dataconnect": could not find dataconnect.yaml in `c:\Users\USUARIO\Documents\tpAngularAPI\dataconnect`
 {"metadata":{"emulator":{"name":"dataconnect"},"message":"E0211 14:05:41.086791    9376 watch.go:40] Failed to load config from \"c:\\\\Users\\\\USUARIO\\\\Documents\\\\tpAngularAPI\\\\dataconnect\": could not find dataconnect.yaml in `c:\\Users\\USUARIO\\Documents\\tpAngularAPI\\dataconnect`\n"}}
[debug] [2026-02-11T17:05:51.087Z] E0211 14:05:51.086724    9376 watch.go:40] Failed to load config from "c:\\Users\\USUARIO\\Documents\\tpAngularAPI\\dataconnect": could not find dataconnect.yaml in `c:\Users\USUARIO\Documents\tpAngularAPI\dataconnect`
 {"metadata":{"emulator":{"name":"dataconnect"},"message":"E0211 14:05:51.086724    9376 watch.go:40] Failed to load config from \"c:\\\\Users\\\\USUARIO\\\\Documents\\\\tpAngularAPI\\\\dataconnect\": could not find dataconnect.yaml in `c:\\Users\\USUARIO\\Documents\\tpAngularAPI\\dataconnect`\n"}}
[debug] [2026-02-11T17:06:01.088Z] E0211 14:06:01.088209    9376 watch.go:40] Failed to load config from "c:\\Users\\USUARIO\\Documents\\tpAngularAPI\\dataconnect": could not find dataconnect.yaml in `c:\Users\USUARIO\Documents\tpAngularAPI\dataconnect`
 {"metadata":{"emulator":{"name":"dataconnect"},"message":"E0211 14:06:01.088209    9376 watch.go:40] Failed to load config from \"c:\\\\Users\\\\USUARIO\\\\Documents\\\\tpAngularAPI\\\\dataconnect\": could not find dataconnect.yaml in `c:\\Users\\USUARIO\\Documents\\tpAngularAPI\\dataconnect`\n"}}
[debug] [2026-02-11T17:06:11.087Z] E0211 14:06:11.086825    9376 watch.go:40] Failed to load config from "c:\\Users\\USUARIO\\Documents\\tpAngularAPI\\dataconnect": could not find dataconnect.yaml in `c:\Users\USUARIO\Documents\tpAngularAPI\dataconnect`
 {"metadata":{"emulator":{"name":"dataconnect"},"message":"E0211 14:06:11.086825    9376 watch.go:40] Failed to load config from \"c:\\\\Users\\\\USUARIO\\\\Documents\\\\tpAngularAPI\\\\dataconnect\": could not find dataconnect.yaml in `c:\\Users\\USUARIO\\Documents\\tpAngularAPI\\dataconnect`\n"}}
[debug] [2026-02-11T17:06:21.086Z] E0211 14:06:21.086591    9376 watch.go:116] watchAllDir unable to walk dir `c:\Users\USUARIO\Documents\tpAngularAPI\dataconnect`: CreateFile c:\Users\USUARIO\Documents\tpAngularAPI\dataconnect: The system cannot find the file specified.
 {"metadata":{"emulator":{"name":"dataconnect"},"message":"E0211 14:06:21.086591    9376 watch.go:116] watchAllDir unable to walk dir `c:\\Users\\USUARIO\\Documents\\tpAngularAPI\\dataconnect`: CreateFile c:\\Users\\USUARIO\\Documents\\tpAngularAPI\\dataconnect: The system cannot find the file specified.\n"}}
[debug] [2026-02-11T17:06:21.087Z] E0211 14:06:21.086591    9376 watch.go:40] Failed to load config from "c:\\Users\\USUARIO\\Documents\\tpAngularAPI\\dataconnect": could not find dataconnect.yaml in `c:\Users\USUARIO\Documents\tpAngularAPI\dataconnect`
 {"metadata":{"emulator":{"name":"dataconnect"},"message":"E0211 14:06:21.086591    9376 watch.go:40] Failed to load config from \"c:\\\\Users\\\\USUARIO\\\\Documents\\\\tpAngularAPI\\\\dataconnect\": could not find dataconnect.yaml in `c:\\Users\\USUARIO\\Documents\\tpAngularAPI\\dataconnect`\n"}}
[debug] [2026-02-11T17:06:31.087Z] E0211 14:06:31.086859    9376 watch.go:40] Failed to load config from "c:\\Users\\USUARIO\\Documents\\tpAngularAPI\\dataconnect": could not find dataconnect.yaml in `c:\Users\USUARIO\Documents\tpAngularAPI\dataconnect`
 {"metadata":{"emulator":{"name":"dataconnect"},"message":"E0211 14:06:31.086859    9376 watch.go:40] Failed to load config from \"c:\\\\Users\\\\USUARIO\\\\Documents\\\\tpAngularAPI\\\\dataconnect\": could not find dataconnect.yaml in `c:\\Users\\USUARIO\\Documents\\tpAngularAPI\\dataconnect`\n"}}
[debug] [2026-02-11T17:06:41.087Z] E0211 14:06:41.086896    9376 watch.go:40] Failed to load config from "c:\\Users\\USUARIO\\Documents\\tpAngularAPI\\dataconnect": could not find dataconnect.yaml in `c:\Users\USUARIO\Documents\tpAngularAPI\dataconnect`
 {"metadata":{"emulator":{"name":"dataconnect"},"message":"E0211 14:06:41.086896    9376 watch.go:40] Failed to load config from \"c:\\\\Users\\\\USUARIO\\\\Documents\\\\tpAngularAPI\\\\dataconnect\": could not find dataconnect.yaml in `c:\\Users\\USUARIO\\Documents\\tpAngularAPI\\dataconnect`\n"}}
[debug] [2026-02-11T17:06:51.087Z] E0211 14:06:51.086669    9376 watch.go:40] Failed to load config from "c:\\Users\\USUARIO\\Documents\\tpAngularAPI\\dataconnect": could not find dataconnect.yaml in `c:\Users\USUARIO\Documents\tpAngularAPI\dataconnect`
 {"metadata":{"emulator":{"name":"dataconnect"},"message":"E0211 14:06:51.086669    9376 watch.go:40] Failed to load config from \"c:\\\\Users\\\\USUARIO\\\\Documents\\\\tpAngularAPI\\\\dataconnect\": could not find dataconnect.yaml in `c:\\Users\\USUARIO\\Documents\\tpAngularAPI\\dataconnect`\n"}}
[debug] [2026-02-11T17:07:01.086Z] E0211 14:07:01.086785    9376 watch.go:40] Failed to load config from "c:\\Users\\USUARIO\\Documents\\tpAngularAPI\\dataconnect": could not find dataconnect.yaml in `c:\Users\USUARIO\Documents\tpAngularAPI\dataconnect`
 {"metadata":{"emulator":{"name":"dataconnect"},"message":"E0211 14:07:01.086785    9376 watch.go:40] Failed to load config from \"c:\\\\Users\\\\USUARIO\\\\Documents\\\\tpAngularAPI\\\\dataconnect\": could not find dataconnect.yaml in `c:\\Users\\USUARIO\\Documents\\tpAngularAPI\\dataconnect`\n"}}
[debug] [2026-02-11T17:07:11.086Z] E0211 14:07:11.086595    9376 watch.go:40] Failed to load config from "c:\\Users\\USUARIO\\Documents\\tpAngularAPI\\dataconnect": could not find dataconnect.yaml in `c:\Users\USUARIO\Documents\tpAngularAPI\dataconnect`
 {"metadata":{"emulator":{"name":"dataconnect"},"message":"E0211 14:07:11.086595    9376 watch.go:40] Failed to load config from \"c:\\\\Users\\\\USUARIO\\\\Documents\\\\tpAngularAPI\\\\dataconnect\": could not find dataconnect.yaml in `c:\\Users\\USUARIO\\Documents\\tpAngularAPI\\dataconnect`\n"}}
[debug] [2026-02-11T17:07:21.086Z] E0211 14:07:21.086819    9376 watch.go:116] watchAllDir unable to walk dir `c:\Users\USUARIO\Documents\tpAngularAPI\dataconnect`: CreateFile c:\Users\USUARIO\Documents\tpAngularAPI\dataconnect: The system cannot find the file specified.
 {"metadata":{"emulator":{"name":"dataconnect"},"message":"E0211 14:07:21.086819    9376 watch.go:116] watchAllDir unable to walk dir `c:\\Users\\USUARIO\\Documents\\tpAngularAPI\\dataconnect`: CreateFile c:\\Users\\USUARIO\\Documents\\tpAngularAPI\\dataconnect: The system cannot find the file specified.\n"}}
[debug] [2026-02-11T17:07:21.087Z] E0211 14:07:21.086819    9376 watch.go:40] Failed to load config from "c:\\Users\\USUARIO\\Documents\\tpAngularAPI\\dataconnect": could not find dataconnect.yaml in `c:\Users\USUARIO\Documents\tpAngularAPI\dataconnect`
 {"metadata":{"emulator":{"name":"dataconnect"},"message":"E0211 14:07:21.086819    9376 watch.go:40] Failed to load config from \"c:\\\\Users\\\\USUARIO\\\\Documents\\\\tpAngularAPI\\\\dataconnect\": could not find dataconnect.yaml in `c:\\Users\\USUARIO\\Documents\\tpAngularAPI\\dataconnect`\n"}}
[debug] [2026-02-11T17:07:31.086Z] E0211 14:07:31.086711    9376 watch.go:40] Failed to load config from "c:\\Users\\USUARIO\\Documents\\tpAngularAPI\\dataconnect": could not find dataconnect.yaml in `c:\Users\USUARIO\Documents\tpAngularAPI\dataconnect`
 {"metadata":{"emulator":{"name":"dataconnect"},"message":"E0211 14:07:31.086711    9376 watch.go:40] Failed to load config from \"c:\\\\Users\\\\USUARIO\\\\Documents\\\\tpAngularAPI\\\\dataconnect\": could not find dataconnect.yaml in `c:\\Users\\USUARIO\\Documents\\tpAngularAPI\\dataconnect`\n"}}
[debug] [2026-02-11T17:07:41.086Z] E0211 14:07:41.086566    9376 watch.go:40] Failed to load config from "c:\\Users\\USUARIO\\Documents\\tpAngularAPI\\dataconnect": could not find dataconnect.yaml in `c:\Users\USUARIO\Documents\tpAngularAPI\dataconnect`
 {"metadata":{"emulator":{"name":"dataconnect"},"message":"E0211 14:07:41.086566    9376 watch.go:40] Failed to load config from \"c:\\\\Users\\\\USUARIO\\\\Documents\\\\tpAngularAPI\\\\dataconnect\": could not find dataconnect.yaml in `c:\\Users\\USUARIO\\Documents\\tpAngularAPI\\dataconnect`\n"}}
[debug] [2026-02-11T17:07:51.086Z] E0211 14:07:51.086809    9376 watch.go:40] Failed to load config from "c:\\Users\\USUARIO\\Documents\\tpAngularAPI\\dataconnect": could not find dataconnect.yaml in `c:\Users\USUARIO\Documents\tpAngularAPI\dataconnect`
 {"metadata":{"emulator":{"name":"dataconnect"},"message":"E0211 14:07:51.086809    9376 watch.go:40] Failed to load config from \"c:\\\\Users\\\\USUARIO\\\\Documents\\\\tpAngularAPI\\\\dataconnect\": could not find dataconnect.yaml in `c:\\Users\\USUARIO\\Documents\\tpAngularAPI\\dataconnect`\n"}}
[debug] [2026-02-11T17:08:01.086Z] E0211 14:08:01.086636    9376 watch.go:40] Failed to load config from "c:\\Users\\USUARIO\\Documents\\tpAngularAPI\\dataconnect": could not find dataconnect.yaml in `c:\Users\USUARIO\Documents\tpAngularAPI\dataconnect`
 {"metadata":{"emulator":{"name":"dataconnect"},"message":"E0211 14:08:01.086636    9376 watch.go:40] Failed to load config from \"c:\\\\Users\\\\USUARIO\\\\Documents\\\\tpAngularAPI\\\\dataconnect\": could not find dataconnect.yaml in `c:\\Users\\USUARIO\\Documents\\tpAngularAPI\\dataconnect`\n"}}
[debug] [2026-02-11T17:08:11.088Z] E0211 14:08:11.088555    9376 watch.go:40] Failed to load config from "c:\\Users\\USUARIO\\Documents\\tpAngularAPI\\dataconnect": could not find dataconnect.yaml in `c:\Users\USUARIO\Documents\tpAngularAPI\dataconnect`
 {"metadata":{"emulator":{"name":"dataconnect"},"message":"E0211 14:08:11.088555    9376 watch.go:40] Failed to load config from \"c:\\\\Users\\\\USUARIO\\\\Documents\\\\tpAngularAPI\\\\dataconnect\": could not find dataconnect.yaml in `c:\\Users\\USUARIO\\Documents\\tpAngularAPI\\dataconnect`\n"}}
[debug] [2026-02-11T17:08:21.087Z] E0211 14:08:21.086811    9376 watch.go:116] watchAllDir unable to walk dir `c:\Users\USUARIO\Documents\tpAngularAPI\dataconnect`: CreateFile c:\Users\USUARIO\Documents\tpAngularAPI\dataconnect: The system cannot find the file specified.
 {"metadata":{"emulator":{"name":"dataconnect"},"message":"E0211 14:08:21.086811    9376 watch.go:116] watchAllDir unable to walk dir `c:\\Users\\USUARIO\\Documents\\tpAngularAPI\\dataconnect`: CreateFile c:\\Users\\USUARIO\\Documents\\tpAngularAPI\\dataconnect: The system cannot find the file specified.\n"}}
[debug] [2026-02-11T17:08:21.087Z] E0211 14:08:21.086811    9376 watch.go:40] Failed to load config from "c:\\Users\\USUARIO\\Documents\\tpAngularAPI\\dataconnect": could not find dataconnect.yaml in `c:\Users\USUARIO\Documents\tpAngularAPI\dataconnect`
 {"metadata":{"emulator":{"name":"dataconnect"},"message":"E0211 14:08:21.086811    9376 watch.go:40] Failed to load config from \"c:\\\\Users\\\\USUARIO\\\\Documents\\\\tpAngularAPI\\\\dataconnect\": could not find dataconnect.yaml in `c:\\Users\\USUARIO\\Documents\\tpAngularAPI\\dataconnect`\n"}}
[debug] [2026-02-11T17:08:31.087Z] E0211 14:08:31.086950    9376 watch.go:40] Failed to load config from "c:\\Users\\USUARIO\\Documents\\tpAngularAPI\\dataconnect": could not find dataconnect.yaml in `c:\Users\USUARIO\Documents\tpAngularAPI\dataconnect`
 {"metadata":{"emulator":{"name":"dataconnect"},"message":"E0211 14:08:31.086950    9376 watch.go:40] Failed to load config from \"c:\\\\Users\\\\USUARIO\\\\Documents\\\\tpAngularAPI\\\\dataconnect\": could not find dataconnect.yaml in `c:\\Users\\USUARIO\\Documents\\tpAngularAPI\\dataconnect`\n"}}
[debug] [2026-02-11T17:08:41.087Z] E0211 14:08:41.086826    9376 watch.go:40] Failed to load config from "c:\\Users\\USUARIO\\Documents\\tpAngularAPI\\dataconnect": could not find dataconnect.yaml in `c:\Users\USUARIO\Documents\tpAngularAPI\dataconnect`
 {"metadata":{"emulator":{"name":"dataconnect"},"message":"E0211 14:08:41.086826    9376 watch.go:40] Failed to load config from \"c:\\\\Users\\\\USUARIO\\\\Documents\\\\tpAngularAPI\\\\dataconnect\": could not find dataconnect.yaml in `c:\\Users\\USUARIO\\Documents\\tpAngularAPI\\dataconnect`\n"}}
[debug] [2026-02-11T17:08:51.087Z] E0211 14:08:51.086901    9376 watch.go:40] Failed to load config from "c:\\Users\\USUARIO\\Documents\\tpAngularAPI\\dataconnect": could not find dataconnect.yaml in `c:\Users\USUARIO\Documents\tpAngularAPI\dataconnect`
 {"metadata":{"emulator":{"name":"dataconnect"},"message":"E0211 14:08:51.086901    9376 watch.go:40] Failed to load config from \"c:\\\\Users\\\\USUARIO\\\\Documents\\\\tpAngularAPI\\\\dataconnect\": could not find dataconnect.yaml in `c:\\Users\\USUARIO\\Documents\\tpAngularAPI\\dataconnect`\n"}}
[debug] [2026-02-11T17:09:01.087Z] E0211 14:09:01.086825    9376 watch.go:40] Failed to load config from "c:\\Users\\USUARIO\\Documents\\tpAngularAPI\\dataconnect": could not find dataconnect.yaml in `c:\Users\USUARIO\Documents\tpAngularAPI\dataconnect`
 {"metadata":{"emulator":{"name":"dataconnect"},"message":"E0211 14:09:01.086825    9376 watch.go:40] Failed to load config from \"c:\\\\Users\\\\USUARIO\\\\Documents\\\\tpAngularAPI\\\\dataconnect\": could not find dataconnect.yaml in `c:\\Users\\USUARIO\\Documents\\tpAngularAPI\\dataconnect`\n"}}
[debug] [2026-02-11T17:09:11.087Z] E0211 14:09:11.086825    9376 watch.go:40] Failed to load config from "c:\\Users\\USUARIO\\Documents\\tpAngularAPI\\dataconnect": could not find dataconnect.yaml in `c:\Users\USUARIO\Documents\tpAngularAPI\dataconnect`
 {"metadata":{"emulator":{"name":"dataconnect"},"message":"E0211 14:09:11.086825    9376 watch.go:40] Failed to load config from \"c:\\\\Users\\\\USUARIO\\\\Documents\\\\tpAngularAPI\\\\dataconnect\": could not find dataconnect.yaml in `c:\\Users\\USUARIO\\Documents\\tpAngularAPI\\dataconnect`\n"}}
[debug] [2026-02-11T17:09:21.087Z] E0211 14:09:21.087101    9376 watch.go:116] watchAllDir unable to walk dir `c:\Users\USUARIO\Documents\tpAngularAPI\dataconnect`: CreateFile c:\Users\USUARIO\Documents\tpAngularAPI\dataconnect: The system cannot find the file specified.
 {"metadata":{"emulator":{"name":"dataconnect"},"message":"E0211 14:09:21.087101    9376 watch.go:116] watchAllDir unable to walk dir `c:\\Users\\USUARIO\\Documents\\tpAngularAPI\\dataconnect`: CreateFile c:\\Users\\USUARIO\\Documents\\tpAngularAPI\\dataconnect: The system cannot find the file specified.\n"}}
[debug] [2026-02-11T17:09:21.088Z] E0211 14:09:21.087101    9376 watch.go:40] Failed to load config from "c:\\Users\\USUARIO\\Documents\\tpAngularAPI\\dataconnect": could not find dataconnect.yaml in `c:\Users\USUARIO\Documents\tpAngularAPI\dataconnect`
 {"metadata":{"emulator":{"name":"dataconnect"},"message":"E0211 14:09:21.087101    9376 watch.go:40] Failed to load config from \"c:\\\\Users\\\\USUARIO\\\\Documents\\\\tpAngularAPI\\\\dataconnect\": could not find dataconnect.yaml in `c:\\Users\\USUARIO\\Documents\\tpAngularAPI\\dataconnect`\n"}}
[debug] [2026-02-11T17:09:31.087Z] E0211 14:09:31.086936    9376 watch.go:40] Failed to load config from "c:\\Users\\USUARIO\\Documents\\tpAngularAPI\\dataconnect": could not find dataconnect.yaml in `c:\Users\USUARIO\Documents\tpAngularAPI\dataconnect`
 {"metadata":{"emulator":{"name":"dataconnect"},"message":"E0211 14:09:31.086936    9376 watch.go:40] Failed to load config from \"c:\\\\Users\\\\USUARIO\\\\Documents\\\\tpAngularAPI\\\\dataconnect\": could not find dataconnect.yaml in `c:\\Users\\USUARIO\\Documents\\tpAngularAPI\\dataconnect`\n"}}
[debug] [2026-02-11T17:09:41.087Z] E0211 14:09:41.087093    9376 watch.go:40] Failed to load config from "c:\\Users\\USUARIO\\Documents\\tpAngularAPI\\dataconnect": could not find dataconnect.yaml in `c:\Users\USUARIO\Documents\tpAngularAPI\dataconnect`
 {"metadata":{"emulator":{"name":"dataconnect"},"message":"E0211 14:09:41.087093    9376 watch.go:40] Failed to load config from \"c:\\\\Users\\\\USUARIO\\\\Documents\\\\tpAngularAPI\\\\dataconnect\": could not find dataconnect.yaml in `c:\\Users\\USUARIO\\Documents\\tpAngularAPI\\dataconnect`\n"}}
[debug] [2026-02-11T17:09:51.087Z] E0211 14:09:51.086823    9376 watch.go:40] Failed to load config from "c:\\Users\\USUARIO\\Documents\\tpAngularAPI\\dataconnect": could not find dataconnect.yaml in `c:\Users\USUARIO\Documents\tpAngularAPI\dataconnect`
 {"metadata":{"emulator":{"name":"dataconnect"},"message":"E0211 14:09:51.086823    9376 watch.go:40] Failed to load config from \"c:\\\\Users\\\\USUARIO\\\\Documents\\\\tpAngularAPI\\\\dataconnect\": could not find dataconnect.yaml in `c:\\Users\\USUARIO\\Documents\\tpAngularAPI\\dataconnect`\n"}}
[debug] [2026-02-11T17:10:01.087Z] E0211 14:10:01.086828    9376 watch.go:40] Failed to load config from "c:\\Users\\USUARIO\\Documents\\tpAngularAPI\\dataconnect": could not find dataconnect.yaml in `c:\Users\USUARIO\Documents\tpAngularAPI\dataconnect`
 {"metadata":{"emulator":{"name":"dataconnect"},"message":"E0211 14:10:01.086828    9376 watch.go:40] Failed to load config from \"c:\\\\Users\\\\USUARIO\\\\Documents\\\\tpAngularAPI\\\\dataconnect\": could not find dataconnect.yaml in `c:\\Users\\USUARIO\\Documents\\tpAngularAPI\\dataconnect`\n"}}
[debug] [2026-02-11T17:10:11.087Z] E0211 14:10:11.087128    9376 watch.go:40] Failed to load config from "c:\\Users\\USUARIO\\Documents\\tpAngularAPI\\dataconnect": could not find dataconnect.yaml in `c:\Users\USUARIO\Documents\tpAngularAPI\dataconnect`
 {"metadata":{"emulator":{"name":"dataconnect"},"message":"E0211 14:10:11.087128    9376 watch.go:40] Failed to load config from \"c:\\\\Users\\\\USUARIO\\\\Documents\\\\tpAngularAPI\\\\dataconnect\": could not find dataconnect.yaml in `c:\\Users\\USUARIO\\Documents\\tpAngularAPI\\dataconnect`\n"}}
[debug] [2026-02-11T17:10:21.087Z] E0211 14:10:21.086829    9376 watch.go:116] watchAllDir unable to walk dir `c:\Users\USUARIO\Documents\tpAngularAPI\dataconnect`: CreateFile c:\Users\USUARIO\Documents\tpAngularAPI\dataconnect: The system cannot find the file specified.
 {"metadata":{"emulator":{"name":"dataconnect"},"message":"E0211 14:10:21.086829    9376 watch.go:116] watchAllDir unable to walk dir `c:\\Users\\USUARIO\\Documents\\tpAngularAPI\\dataconnect`: CreateFile c:\\Users\\USUARIO\\Documents\\tpAngularAPI\\dataconnect: The system cannot find the file specified.\n"}}
[debug] [2026-02-11T17:10:21.088Z] E0211 14:10:21.086829    9376 watch.go:40] Failed to load config from "c:\\Users\\USUARIO\\Documents\\tpAngularAPI\\dataconnect": could not find dataconnect.yaml in `c:\Users\USUARIO\Documents\tpAngularAPI\dataconnect`
 {"metadata":{"emulator":{"name":"dataconnect"},"message":"E0211 14:10:21.086829    9376 watch.go:40] Failed to load config from \"c:\\\\Users\\\\USUARIO\\\\Documents\\\\tpAngularAPI\\\\dataconnect\": could not find dataconnect.yaml in `c:\\Users\\USUARIO\\Documents\\tpAngularAPI\\dataconnect`\n"}}
[debug] [2026-02-11T17:10:31.087Z] E0211 14:10:31.086739    9376 watch.go:40] Failed to load config from "c:\\Users\\USUARIO\\Documents\\tpAngularAPI\\dataconnect": could not find dataconnect.yaml in `c:\Users\USUARIO\Documents\tpAngularAPI\dataconnect`
 {"metadata":{"emulator":{"name":"dataconnect"},"message":"E0211 14:10:31.086739    9376 watch.go:40] Failed to load config from \"c:\\\\Users\\\\USUARIO\\\\Documents\\\\tpAngularAPI\\\\dataconnect\": could not find dataconnect.yaml in `c:\\Users\\USUARIO\\Documents\\tpAngularAPI\\dataconnect`\n"}}
[debug] [2026-02-11T17:10:41.087Z] E0211 14:10:41.086797    9376 watch.go:40] Failed to load config from "c:\\Users\\USUARIO\\Documents\\tpAngularAPI\\dataconnect": could not find dataconnect.yaml in `c:\Users\USUARIO\Documents\tpAngularAPI\dataconnect`
 {"metadata":{"emulator":{"name":"dataconnect"},"message":"E0211 14:10:41.086797    9376 watch.go:40] Failed to load config from \"c:\\\\Users\\\\USUARIO\\\\Documents\\\\tpAngularAPI\\\\dataconnect\": could not find dataconnect.yaml in `c:\\Users\\USUARIO\\Documents\\tpAngularAPI\\dataconnect`\n"}}
[debug] [2026-02-11T17:10:51.087Z] E0211 14:10:51.086864    9376 watch.go:40] Failed to load config from "c:\\Users\\USUARIO\\Documents\\tpAngularAPI\\dataconnect": could not find dataconnect.yaml in `c:\Users\USUARIO\Documents\tpAngularAPI\dataconnect`
 {"metadata":{"emulator":{"name":"dataconnect"},"message":"E0211 14:10:51.086864    9376 watch.go:40] Failed to load config from \"c:\\\\Users\\\\USUARIO\\\\Documents\\\\tpAngularAPI\\\\dataconnect\": could not find dataconnect.yaml in `c:\\Users\\USUARIO\\Documents\\tpAngularAPI\\dataconnect`\n"}}
[debug] [2026-02-11T17:11:01.087Z] E0211 14:11:01.086897    9376 watch.go:40] Failed to load config from "c:\\Users\\USUARIO\\Documents\\tpAngularAPI\\dataconnect": could not find dataconnect.yaml in `c:\Users\USUARIO\Documents\tpAngularAPI\dataconnect`
 {"metadata":{"emulator":{"name":"dataconnect"},"message":"E0211 14:11:01.086897    9376 watch.go:40] Failed to load config from \"c:\\\\Users\\\\USUARIO\\\\Documents\\\\tpAngularAPI\\\\dataconnect\": could not find dataconnect.yaml in `c:\\Users\\USUARIO\\Documents\\tpAngularAPI\\dataconnect`\n"}}
[debug] [2026-02-11T17:11:11.087Z] E0211 14:11:11.086826    9376 watch.go:40] Failed to load config from "c:\\Users\\USUARIO\\Documents\\tpAngularAPI\\dataconnect": could not find dataconnect.yaml in `c:\Users\USUARIO\Documents\tpAngularAPI\dataconnect`
 {"metadata":{"emulator":{"name":"dataconnect"},"message":"E0211 14:11:11.086826    9376 watch.go:40] Failed to load config from \"c:\\\\Users\\\\USUARIO\\\\Documents\\\\tpAngularAPI\\\\dataconnect\": could not find dataconnect.yaml in `c:\\Users\\USUARIO\\Documents\\tpAngularAPI\\dataconnect`\n"}}
[debug] [2026-02-11T17:11:21.087Z] E0211 14:11:21.086827    9376 watch.go:116] watchAllDir unable to walk dir `c:\Users\USUARIO\Documents\tpAngularAPI\dataconnect`: CreateFile c:\Users\USUARIO\Documents\tpAngularAPI\dataconnect: The system cannot find the file specified.
 {"metadata":{"emulator":{"name":"dataconnect"},"message":"E0211 14:11:21.086827    9376 watch.go:116] watchAllDir unable to walk dir `c:\\Users\\USUARIO\\Documents\\tpAngularAPI\\dataconnect`: CreateFile c:\\Users\\USUARIO\\Documents\\tpAngularAPI\\dataconnect: The system cannot find the file specified.\n"}}
[debug] [2026-02-11T17:11:21.087Z] E0211 14:11:21.086827    9376 watch.go:40] Failed to load config from "c:\\Users\\USUARIO\\Documents\\tpAngularAPI\\dataconnect": could not find dataconnect.yaml in `c:\Users\USUARIO\Documents\tpAngularAPI\dataconnect`
 {"metadata":{"emulator":{"name":"dataconnect"},"message":"E0211 14:11:21.086827    9376 watch.go:40] Failed to load config from \"c:\\\\Users\\\\USUARIO\\\\Documents\\\\tpAngularAPI\\\\dataconnect\": could not find dataconnect.yaml in `c:\\Users\\USUARIO\\Documents\\tpAngularAPI\\dataconnect`\n"}}
[debug] [2026-02-11T17:11:31.087Z] E0211 14:11:31.087354    9376 watch.go:40] Failed to load config from "c:\\Users\\USUARIO\\Documents\\tpAngularAPI\\dataconnect": could not find dataconnect.yaml in `c:\Users\USUARIO\Documents\tpAngularAPI\dataconnect`
 {"metadata":{"emulator":{"name":"dataconnect"},"message":"E0211 14:11:31.087354    9376 watch.go:40] Failed to load config from \"c:\\\\Users\\\\USUARIO\\\\Documents\\\\tpAngularAPI\\\\dataconnect\": could not find dataconnect.yaml in `c:\\Users\\USUARIO\\Documents\\tpAngularAPI\\dataconnect`\n"}}
[debug] [2026-02-11T17:11:41.087Z] E0211 14:11:41.086829    9376 watch.go:40] Failed to load config from "c:\\Users\\USUARIO\\Documents\\tpAngularAPI\\dataconnect": could not find dataconnect.yaml in `c:\Users\USUARIO\Documents\tpAngularAPI\dataconnect`
 {"metadata":{"emulator":{"name":"dataconnect"},"message":"E0211 14:11:41.086829    9376 watch.go:40] Failed to load config from \"c:\\\\Users\\\\USUARIO\\\\Documents\\\\tpAngularAPI\\\\dataconnect\": could not find dataconnect.yaml in `c:\\Users\\USUARIO\\Documents\\tpAngularAPI\\dataconnect`\n"}}
[debug] [2026-02-11T17:11:51.087Z] E0211 14:11:51.087152    9376 watch.go:40] Failed to load config from "c:\\Users\\USUARIO\\Documents\\tpAngularAPI\\dataconnect": could not find dataconnect.yaml in `c:\Users\USUARIO\Documents\tpAngularAPI\dataconnect`
 {"metadata":{"emulator":{"name":"dataconnect"},"message":"E0211 14:11:51.087152    9376 watch.go:40] Failed to load config from \"c:\\\\Users\\\\USUARIO\\\\Documents\\\\tpAngularAPI\\\\dataconnect\": could not find dataconnect.yaml in `c:\\Users\\USUARIO\\Documents\\tpAngularAPI\\dataconnect`\n"}}
[debug] [2026-02-11T17:12:01.087Z] E0211 14:12:01.087002    9376 watch.go:40] Failed to load config from "c:\\Users\\USUARIO\\Documents\\tpAngularAPI\\dataconnect": could not find dataconnect.yaml in `c:\Users\USUARIO\Documents\tpAngularAPI\dataconnect`
 {"metadata":{"emulator":{"name":"dataconnect"},"message":"E0211 14:12:01.087002    9376 watch.go:40] Failed to load config from \"c:\\\\Users\\\\USUARIO\\\\Documents\\\\tpAngularAPI\\\\dataconnect\": could not find dataconnect.yaml in `c:\\Users\\USUARIO\\Documents\\tpAngularAPI\\dataconnect`\n"}}
[debug] [2026-02-11T17:12:11.087Z] E0211 14:12:11.086804    9376 watch.go:40] Failed to load config from "c:\\Users\\USUARIO\\Documents\\tpAngularAPI\\dataconnect": could not find dataconnect.yaml in `c:\Users\USUARIO\Documents\tpAngularAPI\dataconnect`
 {"metadata":{"emulator":{"name":"dataconnect"},"message":"E0211 14:12:11.086804    9376 watch.go:40] Failed to load config from \"c:\\\\Users\\\\USUARIO\\\\Documents\\\\tpAngularAPI\\\\dataconnect\": could not find dataconnect.yaml in `c:\\Users\\USUARIO\\Documents\\tpAngularAPI\\dataconnect`\n"}}
[debug] [2026-02-11T17:12:21.088Z] E0211 14:12:21.087858    9376 watch.go:40] Failed to load config from "c:\\Users\\USUARIO\\Documents\\tpAngularAPI\\dataconnect": could not find dataconnect.yaml in `c:\Users\USUARIO\Documents\tpAngularAPI\dataconnect`
 {"metadata":{"emulator":{"name":"dataconnect"},"message":"E0211 14:12:21.087858    9376 watch.go:40] Failed to load config from \"c:\\\\Users\\\\USUARIO\\\\Documents\\\\tpAngularAPI\\\\dataconnect\": could not find dataconnect.yaml in `c:\\Users\\USUARIO\\Documents\\tpAngularAPI\\dataconnect`\n"}}
[debug] [2026-02-11T17:12:21.089Z] E0211 14:12:21.088361    9376 watch.go:116] watchAllDir unable to walk dir `c:\Users\USUARIO\Documents\tpAngularAPI\dataconnect`: CreateFile c:\Users\USUARIO\Documents\tpAngularAPI\dataconnect: The system cannot find the file specified.
 {"metadata":{"emulator":{"name":"dataconnect"},"message":"E0211 14:12:21.088361    9376 watch.go:116] watchAllDir unable to walk dir `c:\\Users\\USUARIO\\Documents\\tpAngularAPI\\dataconnect`: CreateFile c:\\Users\\USUARIO\\Documents\\tpAngularAPI\\dataconnect: The system cannot find the file specified.\n"}}
[debug] [2026-02-11T17:12:31.087Z] E0211 14:12:31.086988    9376 watch.go:40] Failed to load config from "c:\\Users\\USUARIO\\Documents\\tpAngularAPI\\dataconnect": could not find dataconnect.yaml in `c:\Users\USUARIO\Documents\tpAngularAPI\dataconnect`
 {"metadata":{"emulator":{"name":"dataconnect"},"message":"E0211 14:12:31.086988    9376 watch.go:40] Failed to load config from \"c:\\\\Users\\\\USUARIO\\\\Documents\\\\tpAngularAPI\\\\dataconnect\": could not find dataconnect.yaml in `c:\\Users\\USUARIO\\Documents\\tpAngularAPI\\dataconnect`\n"}}
[debug] [2026-02-11T17:12:41.087Z] E0211 14:12:41.086826    9376 watch.go:40] Failed to load config from "c:\\Users\\USUARIO\\Documents\\tpAngularAPI\\dataconnect": could not find dataconnect.yaml in `c:\Users\USUARIO\Documents\tpAngularAPI\dataconnect`
 {"metadata":{"emulator":{"name":"dataconnect"},"message":"E0211 14:12:41.086826    9376 watch.go:40] Failed to load config from \"c:\\\\Users\\\\USUARIO\\\\Documents\\\\tpAngularAPI\\\\dataconnect\": could not find dataconnect.yaml in `c:\\Users\\USUARIO\\Documents\\tpAngularAPI\\dataconnect`\n"}}
[debug] [2026-02-11T17:12:51.087Z] E0211 14:12:51.087128    9376 watch.go:40] Failed to load config from "c:\\Users\\USUARIO\\Documents\\tpAngularAPI\\dataconnect": could not find dataconnect.yaml in `c:\Users\USUARIO\Documents\tpAngularAPI\dataconnect`
 {"metadata":{"emulator":{"name":"dataconnect"},"message":"E0211 14:12:51.087128    9376 watch.go:40] Failed to load config from \"c:\\\\Users\\\\USUARIO\\\\Documents\\\\tpAngularAPI\\\\dataconnect\": could not find dataconnect.yaml in `c:\\Users\\USUARIO\\Documents\\tpAngularAPI\\dataconnect`\n"}}
[debug] [2026-02-11T17:13:01.087Z] E0211 14:13:01.087117    9376 watch.go:40] Failed to load config from "c:\\Users\\USUARIO\\Documents\\tpAngularAPI\\dataconnect": could not find dataconnect.yaml in `c:\Users\USUARIO\Documents\tpAngularAPI\dataconnect`
 {"metadata":{"emulator":{"name":"dataconnect"},"message":"E0211 14:13:01.087117    9376 watch.go:40] Failed to load config from \"c:\\\\Users\\\\USUARIO\\\\Documents\\\\tpAngularAPI\\\\dataconnect\": could not find dataconnect.yaml in `c:\\Users\\USUARIO\\Documents\\tpAngularAPI\\dataconnect`\n"}}
[debug] [2026-02-11T17:13:11.087Z] E0211 14:13:11.086895    9376 watch.go:40] Failed to load config from "c:\\Users\\USUARIO\\Documents\\tpAngularAPI\\dataconnect": could not find dataconnect.yaml in `c:\Users\USUARIO\Documents\tpAngularAPI\dataconnect`
 {"metadata":{"emulator":{"name":"dataconnect"},"message":"E0211 14:13:11.086895    9376 watch.go:40] Failed to load config from \"c:\\\\Users\\\\USUARIO\\\\Documents\\\\tpAngularAPI\\\\dataconnect\": could not find dataconnect.yaml in `c:\\Users\\USUARIO\\Documents\\tpAngularAPI\\dataconnect`\n"}}
[debug] [2026-02-11T17:13:21.087Z] E0211 14:13:21.086650    9376 watch.go:116] watchAllDir unable to walk dir `c:\Users\USUARIO\Documents\tpAngularAPI\dataconnect`: CreateFile c:\Users\USUARIO\Documents\tpAngularAPI\dataconnect: The system cannot find the file specified.
 {"metadata":{"emulator":{"name":"dataconnect"},"message":"E0211 14:13:21.086650    9376 watch.go:116] watchAllDir unable to walk dir `c:\\Users\\USUARIO\\Documents\\tpAngularAPI\\dataconnect`: CreateFile c:\\Users\\USUARIO\\Documents\\tpAngularAPI\\dataconnect: The system cannot find the file specified.\n"}}
[debug] [2026-02-11T17:13:21.087Z] E0211 14:13:21.086650    9376 watch.go:40] Failed to load config from "c:\\Users\\USUARIO\\Documents\\tpAngularAPI\\dataconnect": could not find dataconnect.yaml in `c:\Users\USUARIO\Documents\tpAngularAPI\dataconnect`
 {"metadata":{"emulator":{"name":"dataconnect"},"message":"E0211 14:13:21.086650    9376 watch.go:40] Failed to load config from \"c:\\\\Users\\\\USUARIO\\\\Documents\\\\tpAngularAPI\\\\dataconnect\": could not find dataconnect.yaml in `c:\\Users\\USUARIO\\Documents\\tpAngularAPI\\dataconnect`\n"}}
[debug] [2026-02-11T17:13:31.087Z] E0211 14:13:31.086919    9376 watch.go:40] Failed to load config from "c:\\Users\\USUARIO\\Documents\\tpAngularAPI\\dataconnect": could not find dataconnect.yaml in `c:\Users\USUARIO\Documents\tpAngularAPI\dataconnect`
 {"metadata":{"emulator":{"name":"dataconnect"},"message":"E0211 14:13:31.086919    9376 watch.go:40] Failed to load config from \"c:\\\\Users\\\\USUARIO\\\\Documents\\\\tpAngularAPI\\\\dataconnect\": could not find dataconnect.yaml in `c:\\Users\\USUARIO\\Documents\\tpAngularAPI\\dataconnect`\n"}}
[debug] [2026-02-11T17:13:41.087Z] E0211 14:13:41.086823    9376 watch.go:40] Failed to load config from "c:\\Users\\USUARIO\\Documents\\tpAngularAPI\\dataconnect": could not find dataconnect.yaml in `c:\Users\USUARIO\Documents\tpAngularAPI\dataconnect`
 {"metadata":{"emulator":{"name":"dataconnect"},"message":"E0211 14:13:41.086823    9376 watch.go:40] Failed to load config from \"c:\\\\Users\\\\USUARIO\\\\Documents\\\\tpAngularAPI\\\\dataconnect\": could not find dataconnect.yaml in `c:\\Users\\USUARIO\\Documents\\tpAngularAPI\\dataconnect`\n"}}
[debug] [2026-02-11T17:13:51.087Z] E0211 14:13:51.086827    9376 watch.go:40] Failed to load config from "c:\\Users\\USUARIO\\Documents\\tpAngularAPI\\dataconnect": could not find dataconnect.yaml in `c:\Users\USUARIO\Documents\tpAngularAPI\dataconnect`
 {"metadata":{"emulator":{"name":"dataconnect"},"message":"E0211 14:13:51.086827    9376 watch.go:40] Failed to load config from \"c:\\\\Users\\\\USUARIO\\\\Documents\\\\tpAngularAPI\\\\dataconnect\": could not find dataconnect.yaml in `c:\\Users\\USUARIO\\Documents\\tpAngularAPI\\dataconnect`\n"}}
[debug] [2026-02-11T17:14:01.087Z] E0211 14:14:01.086823    9376 watch.go:40] Failed to load config from "c:\\Users\\USUARIO\\Documents\\tpAngularAPI\\dataconnect": could not find dataconnect.yaml in `c:\Users\USUARIO\Documents\tpAngularAPI\dataconnect`
 {"metadata":{"emulator":{"name":"dataconnect"},"message":"E0211 14:14:01.086823    9376 watch.go:40] Failed to load config from \"c:\\\\Users\\\\USUARIO\\\\Documents\\\\tpAngularAPI\\\\dataconnect\": could not find dataconnect.yaml in `c:\\Users\\USUARIO\\Documents\\tpAngularAPI\\dataconnect`\n"}}
[debug] [2026-02-11T17:14:11.087Z] E0211 14:14:11.087097    9376 watch.go:40] Failed to load config from "c:\\Users\\USUARIO\\Documents\\tpAngularAPI\\dataconnect": could not find dataconnect.yaml in `c:\Users\USUARIO\Documents\tpAngularAPI\dataconnect`
 {"metadata":{"emulator":{"name":"dataconnect"},"message":"E0211 14:14:11.087097    9376 watch.go:40] Failed to load config from \"c:\\\\Users\\\\USUARIO\\\\Documents\\\\tpAngularAPI\\\\dataconnect\": could not find dataconnect.yaml in `c:\\Users\\USUARIO\\Documents\\tpAngularAPI\\dataconnect`\n"}}
[debug] [2026-02-11T17:14:21.086Z] E0211 14:14:21.086847    9376 watch.go:116] watchAllDir unable to walk dir `c:\Users\USUARIO\Documents\tpAngularAPI\dataconnect`: CreateFile c:\Users\USUARIO\Documents\tpAngularAPI\dataconnect: The system cannot find the file specified.
 {"metadata":{"emulator":{"name":"dataconnect"},"message":"E0211 14:14:21.086847    9376 watch.go:116] watchAllDir unable to walk dir `c:\\Users\\USUARIO\\Documents\\tpAngularAPI\\dataconnect`: CreateFile c:\\Users\\USUARIO\\Documents\\tpAngularAPI\\dataconnect: The system cannot find the file specified.\n"}}
[debug] [2026-02-11T17:14:21.087Z] E0211 14:14:21.086847    9376 watch.go:40] Failed to load config from "c:\\Users\\USUARIO\\Documents\\tpAngularAPI\\dataconnect": could not find dataconnect.yaml in `c:\Users\USUARIO\Documents\tpAngularAPI\dataconnect`
 {"metadata":{"emulator":{"name":"dataconnect"},"message":"E0211 14:14:21.086847    9376 watch.go:40] Failed to load config from \"c:\\\\Users\\\\USUARIO\\\\Documents\\\\tpAngularAPI\\\\dataconnect\": could not find dataconnect.yaml in `c:\\Users\\USUARIO\\Documents\\tpAngularAPI\\dataconnect`\n"}}
[debug] [2026-02-11T17:14:31.087Z] E0211 14:14:31.087750    9376 watch.go:40] Failed to load config from "c:\\Users\\USUARIO\\Documents\\tpAngularAPI\\dataconnect": could not find dataconnect.yaml in `c:\Users\USUARIO\Documents\tpAngularAPI\dataconnect`
 {"metadata":{"emulator":{"name":"dataconnect"},"message":"E0211 14:14:31.087750    9376 watch.go:40] Failed to load config from \"c:\\\\Users\\\\USUARIO\\\\Documents\\\\tpAngularAPI\\\\dataconnect\": could not find dataconnect.yaml in `c:\\Users\\USUARIO\\Documents\\tpAngularAPI\\dataconnect`\n"}}
[debug] [2026-02-11T17:14:41.086Z] E0211 14:14:41.086870    9376 watch.go:40] Failed to load config from "c:\\Users\\USUARIO\\Documents\\tpAngularAPI\\dataconnect": could not find dataconnect.yaml in `c:\Users\USUARIO\Documents\tpAngularAPI\dataconnect`
 {"metadata":{"emulator":{"name":"dataconnect"},"message":"E0211 14:14:41.086870    9376 watch.go:40] Failed to load config from \"c:\\\\Users\\\\USUARIO\\\\Documents\\\\tpAngularAPI\\\\dataconnect\": could not find dataconnect.yaml in `c:\\Users\\USUARIO\\Documents\\tpAngularAPI\\dataconnect`\n"}}
[debug] [2026-02-11T17:14:51.086Z] E0211 14:14:51.086792    9376 watch.go:40] Failed to load config from "c:\\Users\\USUARIO\\Documents\\tpAngularAPI\\dataconnect": could not find dataconnect.yaml in `c:\Users\USUARIO\Documents\tpAngularAPI\dataconnect`
 {"metadata":{"emulator":{"name":"dataconnect"},"message":"E0211 14:14:51.086792    9376 watch.go:40] Failed to load config from \"c:\\\\Users\\\\USUARIO\\\\Documents\\\\tpAngularAPI\\\\dataconnect\": could not find dataconnect.yaml in `c:\\Users\\USUARIO\\Documents\\tpAngularAPI\\dataconnect`\n"}}
[debug] [2026-02-11T17:15:01.086Z] E0211 14:15:01.086827    9376 watch.go:40] Failed to load config from "c:\\Users\\USUARIO\\Documents\\tpAngularAPI\\dataconnect": could not find dataconnect.yaml in `c:\Users\USUARIO\Documents\tpAngularAPI\dataconnect`
 {"metadata":{"emulator":{"name":"dataconnect"},"message":"E0211 14:15:01.086827    9376 watch.go:40] Failed to load config from \"c:\\\\Users\\\\USUARIO\\\\Documents\\\\tpAngularAPI\\\\dataconnect\": could not find dataconnect.yaml in `c:\\Users\\USUARIO\\Documents\\tpAngularAPI\\dataconnect`\n"}}
[debug] [2026-02-11T17:15:11.086Z] E0211 14:15:11.086822    9376 watch.go:40] Failed to load config from "c:\\Users\\USUARIO\\Documents\\tpAngularAPI\\dataconnect": could not find dataconnect.yaml in `c:\Users\USUARIO\Documents\tpAngularAPI\dataconnect`
 {"metadata":{"emulator":{"name":"dataconnect"},"message":"E0211 14:15:11.086822    9376 watch.go:40] Failed to load config from \"c:\\\\Users\\\\USUARIO\\\\Documents\\\\tpAngularAPI\\\\dataconnect\": could not find dataconnect.yaml in `c:\\Users\\USUARIO\\Documents\\tpAngularAPI\\dataconnect`\n"}}
[debug] [2026-02-11T17:15:21.086Z] E0211 14:15:21.086574    9376 watch.go:116] watchAllDir unable to walk dir `c:\Users\USUARIO\Documents\tpAngularAPI\dataconnect`: CreateFile c:\Users\USUARIO\Documents\tpAngularAPI\dataconnect: The system cannot find the file specified.
 {"metadata":{"emulator":{"name":"dataconnect"},"message":"E0211 14:15:21.086574    9376 watch.go:116] watchAllDir unable to walk dir `c:\\Users\\USUARIO\\Documents\\tpAngularAPI\\dataconnect`: CreateFile c:\\Users\\USUARIO\\Documents\\tpAngularAPI\\dataconnect: The system cannot find the file specified.\n"}}
[debug] [2026-02-11T17:15:21.086Z] E0211 14:15:21.086574    9376 watch.go:40] Failed to load config from "c:\\Users\\USUARIO\\Documents\\tpAngularAPI\\dataconnect": could not find dataconnect.yaml in `c:\Users\USUARIO\Documents\tpAngularAPI\dataconnect`
 {"metadata":{"emulator":{"name":"dataconnect"},"message":"E0211 14:15:21.086574    9376 watch.go:40] Failed to load config from \"c:\\\\Users\\\\USUARIO\\\\Documents\\\\tpAngularAPI\\\\dataconnect\": could not find dataconnect.yaml in `c:\\Users\\USUARIO\\Documents\\tpAngularAPI\\dataconnect`\n"}}
[debug] [2026-02-11T17:15:31.087Z] E0211 14:15:31.087326    9376 watch.go:40] Failed to load config from "c:\\Users\\USUARIO\\Documents\\tpAngularAPI\\dataconnect": could not find dataconnect.yaml in `c:\Users\USUARIO\Documents\tpAngularAPI\dataconnect`
 {"metadata":{"emulator":{"name":"dataconnect"},"message":"E0211 14:15:31.087326    9376 watch.go:40] Failed to load config from \"c:\\\\Users\\\\USUARIO\\\\Documents\\\\tpAngularAPI\\\\dataconnect\": could not find dataconnect.yaml in `c:\\Users\\USUARIO\\Documents\\tpAngularAPI\\dataconnect`\n"}}
[debug] [2026-02-11T17:15:41.086Z] E0211 14:15:41.086913    9376 watch.go:40] Failed to load config from "c:\\Users\\USUARIO\\Documents\\tpAngularAPI\\dataconnect": could not find dataconnect.yaml in `c:\Users\USUARIO\Documents\tpAngularAPI\dataconnect`
 {"metadata":{"emulator":{"name":"dataconnect"},"message":"E0211 14:15:41.086913    9376 watch.go:40] Failed to load config from \"c:\\\\Users\\\\USUARIO\\\\Documents\\\\tpAngularAPI\\\\dataconnect\": could not find dataconnect.yaml in `c:\\Users\\USUARIO\\Documents\\tpAngularAPI\\dataconnect`\n"}}
[debug] [2026-02-11T17:15:51.086Z] E0211 14:15:51.086808    9376 watch.go:40] Failed to load config from "c:\\Users\\USUARIO\\Documents\\tpAngularAPI\\dataconnect": could not find dataconnect.yaml in `c:\Users\USUARIO\Documents\tpAngularAPI\dataconnect`
 {"metadata":{"emulator":{"name":"dataconnect"},"message":"E0211 14:15:51.086808    9376 watch.go:40] Failed to load config from \"c:\\\\Users\\\\USUARIO\\\\Documents\\\\tpAngularAPI\\\\dataconnect\": could not find dataconnect.yaml in `c:\\Users\\USUARIO\\Documents\\tpAngularAPI\\dataconnect`\n"}}
[debug] [2026-02-11T17:16:01.086Z] E0211 14:16:01.086813    9376 watch.go:40] Failed to load config from "c:\\Users\\USUARIO\\Documents\\tpAngularAPI\\dataconnect": could not find dataconnect.yaml in `c:\Users\USUARIO\Documents\tpAngularAPI\dataconnect`
 {"metadata":{"emulator":{"name":"dataconnect"},"message":"E0211 14:16:01.086813    9376 watch.go:40] Failed to load config from \"c:\\\\Users\\\\USUARIO\\\\Documents\\\\tpAngularAPI\\\\dataconnect\": could not find dataconnect.yaml in `c:\\Users\\USUARIO\\Documents\\tpAngularAPI\\dataconnect`\n"}}
[debug] [2026-02-11T17:16:11.087Z] E0211 14:16:11.086610    9376 watch.go:40] Failed to load config from "c:\\Users\\USUARIO\\Documents\\tpAngularAPI\\dataconnect": could not find dataconnect.yaml in `c:\Users\USUARIO\Documents\tpAngularAPI\dataconnect`
 {"metadata":{"emulator":{"name":"dataconnect"},"message":"E0211 14:16:11.086610    9376 watch.go:40] Failed to load config from \"c:\\\\Users\\\\USUARIO\\\\Documents\\\\tpAngularAPI\\\\dataconnect\": could not find dataconnect.yaml in `c:\\Users\\USUARIO\\Documents\\tpAngularAPI\\dataconnect`\n"}}
[debug] [2026-02-11T17:16:21.088Z] E0211 14:16:21.087561    9376 watch.go:116] watchAllDir unable to walk dir `c:\Users\USUARIO\Documents\tpAngularAPI\dataconnect`: CreateFile c:\Users\USUARIO\Documents\tpAngularAPI\dataconnect: The system cannot find the file specified.
 {"metadata":{"emulator":{"name":"dataconnect"},"message":"E0211 14:16:21.087561    9376 watch.go:116] watchAllDir unable to walk dir `c:\\Users\\USUARIO\\Documents\\tpAngularAPI\\dataconnect`: CreateFile c:\\Users\\USUARIO\\Documents\\tpAngularAPI\\dataconnect: The system cannot find the file specified.\n"}}
[debug] [2026-02-11T17:16:21.088Z] E0211 14:16:21.087561    9376 watch.go:40] Failed to load config from "c:\\Users\\USUARIO\\Documents\\tpAngularAPI\\dataconnect": could not find dataconnect.yaml in `c:\Users\USUARIO\Documents\tpAngularAPI\dataconnect`
 {"metadata":{"emulator":{"name":"dataconnect"},"message":"E0211 14:16:21.087561    9376 watch.go:40] Failed to load config from \"c:\\\\Users\\\\USUARIO\\\\Documents\\\\tpAngularAPI\\\\dataconnect\": could not find dataconnect.yaml in `c:\\Users\\USUARIO\\Documents\\tpAngularAPI\\dataconnect`\n"}}
[debug] [2026-02-11T17:16:31.087Z] E0211 14:16:31.087126    9376 watch.go:40] Failed to load config from "c:\\Users\\USUARIO\\Documents\\tpAngularAPI\\dataconnect": could not find dataconnect.yaml in `c:\Users\USUARIO\Documents\tpAngularAPI\dataconnect`
 {"metadata":{"emulator":{"name":"dataconnect"},"message":"E0211 14:16:31.087126    9376 watch.go:40] Failed to load config from \"c:\\\\Users\\\\USUARIO\\\\Documents\\\\tpAngularAPI\\\\dataconnect\": could not find dataconnect.yaml in `c:\\Users\\USUARIO\\Documents\\tpAngularAPI\\dataconnect`\n"}}
[debug] [2026-02-11T17:16:41.087Z] E0211 14:16:41.087441    9376 watch.go:40] Failed to load config from "c:\\Users\\USUARIO\\Documents\\tpAngularAPI\\dataconnect": could not find dataconnect.yaml in `c:\Users\USUARIO\Documents\tpAngularAPI\dataconnect`
 {"metadata":{"emulator":{"name":"dataconnect"},"message":"E0211 14:16:41.087441    9376 watch.go:40] Failed to load config from \"c:\\\\Users\\\\USUARIO\\\\Documents\\\\tpAngularAPI\\\\dataconnect\": could not find dataconnect.yaml in `c:\\Users\\USUARIO\\Documents\\tpAngularAPI\\dataconnect`\n"}}
[debug] [2026-02-11T17:16:51.087Z] E0211 14:16:51.086555    9376 watch.go:40] Failed to load config from "c:\\Users\\USUARIO\\Documents\\tpAngularAPI\\dataconnect": could not find dataconnect.yaml in `c:\Users\USUARIO\Documents\tpAngularAPI\dataconnect`
 {"metadata":{"emulator":{"name":"dataconnect"},"message":"E0211 14:16:51.086555    9376 watch.go:40] Failed to load config from \"c:\\\\Users\\\\USUARIO\\\\Documents\\\\tpAngularAPI\\\\dataconnect\": could not find dataconnect.yaml in `c:\\Users\\USUARIO\\Documents\\tpAngularAPI\\dataconnect`\n"}}
[debug] [2026-02-11T17:17:01.087Z] E0211 14:17:01.086779    9376 watch.go:40] Failed to load config from "c:\\Users\\USUARIO\\Documents\\tpAngularAPI\\dataconnect": could not find dataconnect.yaml in `c:\Users\USUARIO\Documents\tpAngularAPI\dataconnect`
 {"metadata":{"emulator":{"name":"dataconnect"},"message":"E0211 14:17:01.086779    9376 watch.go:40] Failed to load config from \"c:\\\\Users\\\\USUARIO\\\\Documents\\\\tpAngularAPI\\\\dataconnect\": could not find dataconnect.yaml in `c:\\Users\\USUARIO\\Documents\\tpAngularAPI\\dataconnect`\n"}}
[debug] [2026-02-11T17:17:11.087Z] E0211 14:17:11.086596    9376 watch.go:40] Failed to load config from "c:\\Users\\USUARIO\\Documents\\tpAngularAPI\\dataconnect": could not find dataconnect.yaml in `c:\Users\USUARIO\Documents\tpAngularAPI\dataconnect`
 {"metadata":{"emulator":{"name":"dataconnect"},"message":"E0211 14:17:11.086596    9376 watch.go:40] Failed to load config from \"c:\\\\Users\\\\USUARIO\\\\Documents\\\\tpAngularAPI\\\\dataconnect\": could not find dataconnect.yaml in `c:\\Users\\USUARIO\\Documents\\tpAngularAPI\\dataconnect`\n"}}
[debug] [2026-02-11T17:17:21.087Z] E0211 14:17:21.086791    9376 watch.go:116] watchAllDir unable to walk dir `c:\Users\USUARIO\Documents\tpAngularAPI\dataconnect`: CreateFile c:\Users\USUARIO\Documents\tpAngularAPI\dataconnect: The system cannot find the file specified.
 {"metadata":{"emulator":{"name":"dataconnect"},"message":"E0211 14:17:21.086791    9376 watch.go:116] watchAllDir unable to walk dir `c:\\Users\\USUARIO\\Documents\\tpAngularAPI\\dataconnect`: CreateFile c:\\Users\\USUARIO\\Documents\\tpAngularAPI\\dataconnect: The system cannot find the file specified.\n"}}
[debug] [2026-02-11T17:17:21.087Z] E0211 14:17:21.086791    9376 watch.go:40] Failed to load config from "c:\\Users\\USUARIO\\Documents\\tpAngularAPI\\dataconnect": could not find dataconnect.yaml in `c:\Users\USUARIO\Documents\tpAngularAPI\dataconnect`
 {"metadata":{"emulator":{"name":"dataconnect"},"message":"E0211 14:17:21.086791    9376 watch.go:40] Failed to load config from \"c:\\\\Users\\\\USUARIO\\\\Documents\\\\tpAngularAPI\\\\dataconnect\": could not find dataconnect.yaml in `c:\\Users\\USUARIO\\Documents\\tpAngularAPI\\dataconnect`\n"}}
[debug] [2026-02-11T17:17:31.087Z] E0211 14:17:31.087493    9376 watch.go:40] Failed to load config from "c:\\Users\\USUARIO\\Documents\\tpAngularAPI\\dataconnect": could not find dataconnect.yaml in `c:\Users\USUARIO\Documents\tpAngularAPI\dataconnect`
 {"metadata":{"emulator":{"name":"dataconnect"},"message":"E0211 14:17:31.087493    9376 watch.go:40] Failed to load config from \"c:\\\\Users\\\\USUARIO\\\\Documents\\\\tpAngularAPI\\\\dataconnect\": could not find dataconnect.yaml in `c:\\Users\\USUARIO\\Documents\\tpAngularAPI\\dataconnect`\n"}}
[debug] [2026-02-11T17:17:41.087Z] E0211 14:17:41.086859    9376 watch.go:40] Failed to load config from "c:\\Users\\USUARIO\\Documents\\tpAngularAPI\\dataconnect": could not find dataconnect.yaml in `c:\Users\USUARIO\Documents\tpAngularAPI\dataconnect`
 {"metadata":{"emulator":{"name":"dataconnect"},"message":"E0211 14:17:41.086859    9376 watch.go:40] Failed to load config from \"c:\\\\Users\\\\USUARIO\\\\Documents\\\\tpAngularAPI\\\\dataconnect\": could not find dataconnect.yaml in `c:\\Users\\USUARIO\\Documents\\tpAngularAPI\\dataconnect`\n"}}
[debug] [2026-02-11T17:17:51.087Z] E0211 14:17:51.086641    9376 watch.go:40] Failed to load config from "c:\\Users\\USUARIO\\Documents\\tpAngularAPI\\dataconnect": could not find dataconnect.yaml in `c:\Users\USUARIO\Documents\tpAngularAPI\dataconnect`
 {"metadata":{"emulator":{"name":"dataconnect"},"message":"E0211 14:17:51.086641    9376 watch.go:40] Failed to load config from \"c:\\\\Users\\\\USUARIO\\\\Documents\\\\tpAngularAPI\\\\dataconnect\": could not find dataconnect.yaml in `c:\\Users\\USUARIO\\Documents\\tpAngularAPI\\dataconnect`\n"}}
[debug] [2026-02-11T17:18:01.087Z] E0211 14:18:01.086796    9376 watch.go:40] Failed to load config from "c:\\Users\\USUARIO\\Documents\\tpAngularAPI\\dataconnect": could not find dataconnect.yaml in `c:\Users\USUARIO\Documents\tpAngularAPI\dataconnect`
 {"metadata":{"emulator":{"name":"dataconnect"},"message":"E0211 14:18:01.086796    9376 watch.go:40] Failed to load config from \"c:\\\\Users\\\\USUARIO\\\\Documents\\\\tpAngularAPI\\\\dataconnect\": could not find dataconnect.yaml in `c:\\Users\\USUARIO\\Documents\\tpAngularAPI\\dataconnect`\n"}}
[debug] [2026-02-11T17:18:11.087Z] E0211 14:18:11.086823    9376 watch.go:40] Failed to load config from "c:\\Users\\USUARIO\\Documents\\tpAngularAPI\\dataconnect": could not find dataconnect.yaml in `c:\Users\USUARIO\Documents\tpAngularAPI\dataconnect`
 {"metadata":{"emulator":{"name":"dataconnect"},"message":"E0211 14:18:11.086823    9376 watch.go:40] Failed to load config from \"c:\\\\Users\\\\USUARIO\\\\Documents\\\\tpAngularAPI\\\\dataconnect\": could not find dataconnect.yaml in `c:\\Users\\USUARIO\\Documents\\tpAngularAPI\\dataconnect`\n"}}
[debug] [2026-02-11T17:18:21.087Z] E0211 14:18:21.086798    9376 watch.go:116] watchAllDir unable to walk dir `c:\Users\USUARIO\Documents\tpAngularAPI\dataconnect`: CreateFile c:\Users\USUARIO\Documents\tpAngularAPI\dataconnect: The system cannot find the file specified.
 {"metadata":{"emulator":{"name":"dataconnect"},"message":"E0211 14:18:21.086798    9376 watch.go:116] watchAllDir unable to walk dir `c:\\Users\\USUARIO\\Documents\\tpAngularAPI\\dataconnect`: CreateFile c:\\Users\\USUARIO\\Documents\\tpAngularAPI\\dataconnect: The system cannot find the file specified.\n"}}
[debug] [2026-02-11T17:18:21.087Z] E0211 14:18:21.086798    9376 watch.go:40] Failed to load config from "c:\\Users\\USUARIO\\Documents\\tpAngularAPI\\dataconnect": could not find dataconnect.yaml in `c:\Users\USUARIO\Documents\tpAngularAPI\dataconnect`
 {"metadata":{"emulator":{"name":"dataconnect"},"message":"E0211 14:18:21.086798    9376 watch.go:40] Failed to load config from \"c:\\\\Users\\\\USUARIO\\\\Documents\\\\tpAngularAPI\\\\dataconnect\": could not find dataconnect.yaml in `c:\\Users\\USUARIO\\Documents\\tpAngularAPI\\dataconnect`\n"}}
[debug] [2026-02-11T17:18:31.087Z] E0211 14:18:31.087128    9376 watch.go:40] Failed to load config from "c:\\Users\\USUARIO\\Documents\\tpAngularAPI\\dataconnect": could not find dataconnect.yaml in `c:\Users\USUARIO\Documents\tpAngularAPI\dataconnect`
 {"metadata":{"emulator":{"name":"dataconnect"},"message":"E0211 14:18:31.087128    9376 watch.go:40] Failed to load config from \"c:\\\\Users\\\\USUARIO\\\\Documents\\\\tpAngularAPI\\\\dataconnect\": could not find dataconnect.yaml in `c:\\Users\\USUARIO\\Documents\\tpAngularAPI\\dataconnect`\n"}}
[debug] [2026-02-11T17:18:41.087Z] E0211 14:18:41.086811    9376 watch.go:40] Failed to load config from "c:\\Users\\USUARIO\\Documents\\tpAngularAPI\\dataconnect": could not find dataconnect.yaml in `c:\Users\USUARIO\Documents\tpAngularAPI\dataconnect`
 {"metadata":{"emulator":{"name":"dataconnect"},"message":"E0211 14:18:41.086811    9376 watch.go:40] Failed to load config from \"c:\\\\Users\\\\USUARIO\\\\Documents\\\\tpAngularAPI\\\\dataconnect\": could not find dataconnect.yaml in `c:\\Users\\USUARIO\\Documents\\tpAngularAPI\\dataconnect`\n"}}
[debug] [2026-02-11T17:18:51.087Z] E0211 14:18:51.086796    9376 watch.go:40] Failed to load config from "c:\\Users\\USUARIO\\Documents\\tpAngularAPI\\dataconnect": could not find dataconnect.yaml in `c:\Users\USUARIO\Documents\tpAngularAPI\dataconnect`
 {"metadata":{"emulator":{"name":"dataconnect"},"message":"E0211 14:18:51.086796    9376 watch.go:40] Failed to load config from \"c:\\\\Users\\\\USUARIO\\\\Documents\\\\tpAngularAPI\\\\dataconnect\": could not find dataconnect.yaml in `c:\\Users\\USUARIO\\Documents\\tpAngularAPI\\dataconnect`\n"}}
[debug] [2026-02-11T17:19:01.087Z] E0211 14:19:01.086759    9376 watch.go:40] Failed to load config from "c:\\Users\\USUARIO\\Documents\\tpAngularAPI\\dataconnect": could not find dataconnect.yaml in `c:\Users\USUARIO\Documents\tpAngularAPI\dataconnect`
 {"metadata":{"emulator":{"name":"dataconnect"},"message":"E0211 14:19:01.086759    9376 watch.go:40] Failed to load config from \"c:\\\\Users\\\\USUARIO\\\\Documents\\\\tpAngularAPI\\\\dataconnect\": could not find dataconnect.yaml in `c:\\Users\\USUARIO\\Documents\\tpAngularAPI\\dataconnect`\n"}}
[debug] [2026-02-11T17:19:11.087Z] E0211 14:19:11.086793    9376 watch.go:40] Failed to load config from "c:\\Users\\USUARIO\\Documents\\tpAngularAPI\\dataconnect": could not find dataconnect.yaml in `c:\Users\USUARIO\Documents\tpAngularAPI\dataconnect`
 {"metadata":{"emulator":{"name":"dataconnect"},"message":"E0211 14:19:11.086793    9376 watch.go:40] Failed to load config from \"c:\\\\Users\\\\USUARIO\\\\Documents\\\\tpAngularAPI\\\\dataconnect\": could not find dataconnect.yaml in `c:\\Users\\USUARIO\\Documents\\tpAngularAPI\\dataconnect`\n"}}
[debug] [2026-02-11T17:19:21.087Z] E0211 14:19:21.087311    9376 watch.go:40] Failed to load config from "c:\\Users\\USUARIO\\Documents\\tpAngularAPI\\dataconnect": could not find dataconnect.yaml in `c:\Users\USUARIO\Documents\tpAngularAPI\dataconnect`
 {"metadata":{"emulator":{"name":"dataconnect"},"message":"E0211 14:19:21.087311    9376 watch.go:40] Failed to load config from \"c:\\\\Users\\\\USUARIO\\\\Documents\\\\tpAngularAPI\\\\dataconnect\": could not find dataconnect.yaml in `c:\\Users\\USUARIO\\Documents\\tpAngularAPI\\dataconnect`\n"}}
[debug] [2026-02-11T17:19:21.089Z] E0211 14:19:21.087311    9376 watch.go:116] watchAllDir unable to walk dir `c:\Users\USUARIO\Documents\tpAngularAPI\dataconnect`: CreateFile c:\Users\USUARIO\Documents\tpAngularAPI\dataconnect: The system cannot find the file specified.
 {"metadata":{"emulator":{"name":"dataconnect"},"message":"E0211 14:19:21.087311    9376 watch.go:116] watchAllDir unable to walk dir `c:\\Users\\USUARIO\\Documents\\tpAngularAPI\\dataconnect`: CreateFile c:\\Users\\USUARIO\\Documents\\tpAngularAPI\\dataconnect: The system cannot find the file specified.\n"}}
[debug] [2026-02-11T17:19:31.087Z] E0211 14:19:31.086873    9376 watch.go:40] Failed to load config from "c:\\Users\\USUARIO\\Documents\\tpAngularAPI\\dataconnect": could not find dataconnect.yaml in `c:\Users\USUARIO\Documents\tpAngularAPI\dataconnect`
 {"metadata":{"emulator":{"name":"dataconnect"},"message":"E0211 14:19:31.086873    9376 watch.go:40] Failed to load config from \"c:\\\\Users\\\\USUARIO\\\\Documents\\\\tpAngularAPI\\\\dataconnect\": could not find dataconnect.yaml in `c:\\Users\\USUARIO\\Documents\\tpAngularAPI\\dataconnect`\n"}}
[debug] [2026-02-11T17:19:41.087Z] E0211 14:19:41.086894    9376 watch.go:40] Failed to load config from "c:\\Users\\USUARIO\\Documents\\tpAngularAPI\\dataconnect": could not find dataconnect.yaml in `c:\Users\USUARIO\Documents\tpAngularAPI\dataconnect`
 {"metadata":{"emulator":{"name":"dataconnect"},"message":"E0211 14:19:41.086894    9376 watch.go:40] Failed to load config from \"c:\\\\Users\\\\USUARIO\\\\Documents\\\\tpAngularAPI\\\\dataconnect\": could not find dataconnect.yaml in `c:\\Users\\USUARIO\\Documents\\tpAngularAPI\\dataconnect`\n"}}
[debug] [2026-02-11T17:19:51.086Z] E0211 14:19:51.086595    9376 watch.go:40] Failed to load config from "c:\\Users\\USUARIO\\Documents\\tpAngularAPI\\dataconnect": could not find dataconnect.yaml in `c:\Users\USUARIO\Documents\tpAngularAPI\dataconnect`
 {"metadata":{"emulator":{"name":"dataconnect"},"message":"E0211 14:19:51.086595    9376 watch.go:40] Failed to load config from \"c:\\\\Users\\\\USUARIO\\\\Documents\\\\tpAngularAPI\\\\dataconnect\": could not find dataconnect.yaml in `c:\\Users\\USUARIO\\Documents\\tpAngularAPI\\dataconnect`\n"}}
[debug] [2026-02-11T17:20:01.087Z] E0211 14:20:01.086798    9376 watch.go:40] Failed to load config from "c:\\Users\\USUARIO\\Documents\\tpAngularAPI\\dataconnect": could not find dataconnect.yaml in `c:\Users\USUARIO\Documents\tpAngularAPI\dataconnect`
 {"metadata":{"emulator":{"name":"dataconnect"},"message":"E0211 14:20:01.086798    9376 watch.go:40] Failed to load config from \"c:\\\\Users\\\\USUARIO\\\\Documents\\\\tpAngularAPI\\\\dataconnect\": could not find dataconnect.yaml in `c:\\Users\\USUARIO\\Documents\\tpAngularAPI\\dataconnect`\n"}}
[debug] [2026-02-11T17:20:11.086Z] E0211 14:20:11.086596    9376 watch.go:40] Failed to load config from "c:\\Users\\USUARIO\\Documents\\tpAngularAPI\\dataconnect": could not find dataconnect.yaml in `c:\Users\USUARIO\Documents\tpAngularAPI\dataconnect`
 {"metadata":{"emulator":{"name":"dataconnect"},"message":"E0211 14:20:11.086596    9376 watch.go:40] Failed to load config from \"c:\\\\Users\\\\USUARIO\\\\Documents\\\\tpAngularAPI\\\\dataconnect\": could not find dataconnect.yaml in `c:\\Users\\USUARIO\\Documents\\tpAngularAPI\\dataconnect`\n"}}
[debug] [2026-02-11T17:20:21.086Z] E0211 14:20:21.087043    9376 watch.go:116] watchAllDir unable to walk dir `c:\Users\USUARIO\Documents\tpAngularAPI\dataconnect`: CreateFile c:\Users\USUARIO\Documents\tpAngularAPI\dataconnect: The system cannot find the file specified.
 {"metadata":{"emulator":{"name":"dataconnect"},"message":"E0211 14:20:21.087043    9376 watch.go:116] watchAllDir unable to walk dir `c:\\Users\\USUARIO\\Documents\\tpAngularAPI\\dataconnect`: CreateFile c:\\Users\\USUARIO\\Documents\\tpAngularAPI\\dataconnect: The system cannot find the file specified.\n"}}
[debug] [2026-02-11T17:20:21.087Z] E0211 14:20:21.087043    9376 watch.go:40] Failed to load config from "c:\\Users\\USUARIO\\Documents\\tpAngularAPI\\dataconnect": could not find dataconnect.yaml in `c:\Users\USUARIO\Documents\tpAngularAPI\dataconnect`
 {"metadata":{"emulator":{"name":"dataconnect"},"message":"E0211 14:20:21.087043    9376 watch.go:40] Failed to load config from \"c:\\\\Users\\\\USUARIO\\\\Documents\\\\tpAngularAPI\\\\dataconnect\": could not find dataconnect.yaml in `c:\\Users\\USUARIO\\Documents\\tpAngularAPI\\dataconnect`\n"}}
[debug] [2026-02-11T17:20:31.086Z] E0211 14:20:31.086812    9376 watch.go:40] Failed to load config from "c:\\Users\\USUARIO\\Documents\\tpAngularAPI\\dataconnect": could not find dataconnect.yaml in `c:\Users\USUARIO\Documents\tpAngularAPI\dataconnect`
 {"metadata":{"emulator":{"name":"dataconnect"},"message":"E0211 14:20:31.086812    9376 watch.go:40] Failed to load config from \"c:\\\\Users\\\\USUARIO\\\\Documents\\\\tpAngularAPI\\\\dataconnect\": could not find dataconnect.yaml in `c:\\Users\\USUARIO\\Documents\\tpAngularAPI\\dataconnect`\n"}}
[debug] [2026-02-11T17:20:41.086Z] E0211 14:20:41.086611    9376 watch.go:40] Failed to load config from "c:\\Users\\USUARIO\\Documents\\tpAngularAPI\\dataconnect": could not find dataconnect.yaml in `c:\Users\USUARIO\Documents\tpAngularAPI\dataconnect`
 {"metadata":{"emulator":{"name":"dataconnect"},"message":"E0211 14:20:41.086611    9376 watch.go:40] Failed to load config from \"c:\\\\Users\\\\USUARIO\\\\Documents\\\\tpAngularAPI\\\\dataconnect\": could not find dataconnect.yaml in `c:\\Users\\USUARIO\\Documents\\tpAngularAPI\\dataconnect`\n"}}
[debug] [2026-02-11T17:20:51.088Z] E0211 14:20:51.088645    9376 watch.go:40] Failed to load config from "c:\\Users\\USUARIO\\Documents\\tpAngularAPI\\dataconnect": could not find dataconnect.yaml in `c:\Users\USUARIO\Documents\tpAngularAPI\dataconnect`
 {"metadata":{"emulator":{"name":"dataconnect"},"message":"E0211 14:20:51.088645    9376 watch.go:40] Failed to load config from \"c:\\\\Users\\\\USUARIO\\\\Documents\\\\tpAngularAPI\\\\dataconnect\": could not find dataconnect.yaml in `c:\\Users\\USUARIO\\Documents\\tpAngularAPI\\dataconnect`\n"}}
[debug] [2026-02-11T17:21:01.086Z] E0211 14:21:01.086915    9376 watch.go:40] Failed to load config from "c:\\Users\\USUARIO\\Documents\\tpAngularAPI\\dataconnect": could not find dataconnect.yaml in `c:\Users\USUARIO\Documents\tpAngularAPI\dataconnect`
 {"metadata":{"emulator":{"name":"dataconnect"},"message":"E0211 14:21:01.086915    9376 watch.go:40] Failed to load config from \"c:\\\\Users\\\\USUARIO\\\\Documents\\\\tpAngularAPI\\\\dataconnect\": could not find dataconnect.yaml in `c:\\Users\\USUARIO\\Documents\\tpAngularAPI\\dataconnect`\n"}}
[debug] [2026-02-11T17:21:11.086Z] E0211 14:21:11.086814    9376 watch.go:40] Failed to load config from "c:\\Users\\USUARIO\\Documents\\tpAngularAPI\\dataconnect": could not find dataconnect.yaml in `c:\Users\USUARIO\Documents\tpAngularAPI\dataconnect`
 {"metadata":{"emulator":{"name":"dataconnect"},"message":"E0211 14:21:11.086814    9376 watch.go:40] Failed to load config from \"c:\\\\Users\\\\USUARIO\\\\Documents\\\\tpAngularAPI\\\\dataconnect\": could not find dataconnect.yaml in `c:\\Users\\USUARIO\\Documents\\tpAngularAPI\\dataconnect`\n"}}
[debug] [2026-02-11T17:21:21.087Z] E0211 14:21:21.086812    9376 watch.go:116] watchAllDir unable to walk dir `c:\Users\USUARIO\Documents\tpAngularAPI\dataconnect`: CreateFile c:\Users\USUARIO\Documents\tpAngularAPI\dataconnect: The system cannot find the file specified.
 {"metadata":{"emulator":{"name":"dataconnect"},"message":"E0211 14:21:21.086812    9376 watch.go:116] watchAllDir unable to walk dir `c:\\Users\\USUARIO\\Documents\\tpAngularAPI\\dataconnect`: CreateFile c:\\Users\\USUARIO\\Documents\\tpAngularAPI\\dataconnect: The system cannot find the file specified.\n"}}
[debug] [2026-02-11T17:21:21.087Z] E0211 14:21:21.086812    9376 watch.go:40] Failed to load config from "c:\\Users\\USUARIO\\Documents\\tpAngularAPI\\dataconnect": could not find dataconnect.yaml in `c:\Users\USUARIO\Documents\tpAngularAPI\dataconnect`
 {"metadata":{"emulator":{"name":"dataconnect"},"message":"E0211 14:21:21.086812    9376 watch.go:40] Failed to load config from \"c:\\\\Users\\\\USUARIO\\\\Documents\\\\tpAngularAPI\\\\dataconnect\": could not find dataconnect.yaml in `c:\\Users\\USUARIO\\Documents\\tpAngularAPI\\dataconnect`\n"}}
[debug] [2026-02-11T17:21:31.087Z] E0211 14:21:31.086987    9376 watch.go:40] Failed to load config from "c:\\Users\\USUARIO\\Documents\\tpAngularAPI\\dataconnect": could not find dataconnect.yaml in `c:\Users\USUARIO\Documents\tpAngularAPI\dataconnect`
 {"metadata":{"emulator":{"name":"dataconnect"},"message":"E0211 14:21:31.086987    9376 watch.go:40] Failed to load config from \"c:\\\\Users\\\\USUARIO\\\\Documents\\\\tpAngularAPI\\\\dataconnect\": could not find dataconnect.yaml in `c:\\Users\\USUARIO\\Documents\\tpAngularAPI\\dataconnect`\n"}}
[debug] [2026-02-11T17:21:41.087Z] E0211 14:21:41.086566    9376 watch.go:40] Failed to load config from "c:\\Users\\USUARIO\\Documents\\tpAngularAPI\\dataconnect": could not find dataconnect.yaml in `c:\Users\USUARIO\Documents\tpAngularAPI\dataconnect`
 {"metadata":{"emulator":{"name":"dataconnect"},"message":"E0211 14:21:41.086566    9376 watch.go:40] Failed to load config from \"c:\\\\Users\\\\USUARIO\\\\Documents\\\\tpAngularAPI\\\\dataconnect\": could not find dataconnect.yaml in `c:\\Users\\USUARIO\\Documents\\tpAngularAPI\\dataconnect`\n"}}
[debug] [2026-02-11T17:21:51.087Z] E0211 14:21:51.087334    9376 watch.go:40] Failed to load config from "c:\\Users\\USUARIO\\Documents\\tpAngularAPI\\dataconnect": could not find dataconnect.yaml in `c:\Users\USUARIO\Documents\tpAngularAPI\dataconnect`
 {"metadata":{"emulator":{"name":"dataconnect"},"message":"E0211 14:21:51.087334    9376 watch.go:40] Failed to load config from \"c:\\\\Users\\\\USUARIO\\\\Documents\\\\tpAngularAPI\\\\dataconnect\": could not find dataconnect.yaml in `c:\\Users\\USUARIO\\Documents\\tpAngularAPI\\dataconnect`\n"}}
[debug] [2026-02-11T17:22:01.087Z] E0211 14:22:01.086931    9376 watch.go:40] Failed to load config from "c:\\Users\\USUARIO\\Documents\\tpAngularAPI\\dataconnect": could not find dataconnect.yaml in `c:\Users\USUARIO\Documents\tpAngularAPI\dataconnect`
 {"metadata":{"emulator":{"name":"dataconnect"},"message":"E0211 14:22:01.086931    9376 watch.go:40] Failed to load config from \"c:\\\\Users\\\\USUARIO\\\\Documents\\\\tpAngularAPI\\\\dataconnect\": could not find dataconnect.yaml in `c:\\Users\\USUARIO\\Documents\\tpAngularAPI\\dataconnect`\n"}}
[debug] [2026-02-11T17:22:11.087Z] E0211 14:22:11.086809    9376 watch.go:40] Failed to load config from "c:\\Users\\USUARIO\\Documents\\tpAngularAPI\\dataconnect": could not find dataconnect.yaml in `c:\Users\USUARIO\Documents\tpAngularAPI\dataconnect`
 {"metadata":{"emulator":{"name":"dataconnect"},"message":"E0211 14:22:11.086809    9376 watch.go:40] Failed to load config from \"c:\\\\Users\\\\USUARIO\\\\Documents\\\\tpAngularAPI\\\\dataconnect\": could not find dataconnect.yaml in `c:\\Users\\USUARIO\\Documents\\tpAngularAPI\\dataconnect`\n"}}
[debug] [2026-02-11T17:22:21.086Z] E0211 14:22:21.086792    9376 watch.go:116] watchAllDir unable to walk dir `c:\Users\USUARIO\Documents\tpAngularAPI\dataconnect`: CreateFile c:\Users\USUARIO\Documents\tpAngularAPI\dataconnect: The system cannot find the file specified.
 {"metadata":{"emulator":{"name":"dataconnect"},"message":"E0211 14:22:21.086792    9376 watch.go:116] watchAllDir unable to walk dir `c:\\Users\\USUARIO\\Documents\\tpAngularAPI\\dataconnect`: CreateFile c:\\Users\\USUARIO\\Documents\\tpAngularAPI\\dataconnect: The system cannot find the file specified.\n"}}
[debug] [2026-02-11T17:22:21.087Z] E0211 14:22:21.086792    9376 watch.go:40] Failed to load config from "c:\\Users\\USUARIO\\Documents\\tpAngularAPI\\dataconnect": could not find dataconnect.yaml in `c:\Users\USUARIO\Documents\tpAngularAPI\dataconnect`
 {"metadata":{"emulator":{"name":"dataconnect"},"message":"E0211 14:22:21.086792    9376 watch.go:40] Failed to load config from \"c:\\\\Users\\\\USUARIO\\\\Documents\\\\tpAngularAPI\\\\dataconnect\": could not find dataconnect.yaml in `c:\\Users\\USUARIO\\Documents\\tpAngularAPI\\dataconnect`\n"}}
[debug] [2026-02-11T17:22:31.088Z] E0211 14:22:31.088036    9376 watch.go:40] Failed to load config from "c:\\Users\\USUARIO\\Documents\\tpAngularAPI\\dataconnect": could not find dataconnect.yaml in `c:\Users\USUARIO\Documents\tpAngularAPI\dataconnect`
 {"metadata":{"emulator":{"name":"dataconnect"},"message":"E0211 14:22:31.088036    9376 watch.go:40] Failed to load config from \"c:\\\\Users\\\\USUARIO\\\\Documents\\\\tpAngularAPI\\\\dataconnect\": could not find dataconnect.yaml in `c:\\Users\\USUARIO\\Documents\\tpAngularAPI\\dataconnect`\n"}}
[debug] [2026-02-11T17:22:41.087Z] E0211 14:22:41.086958    9376 watch.go:40] Failed to load config from "c:\\Users\\USUARIO\\Documents\\tpAngularAPI\\dataconnect": could not find dataconnect.yaml in `c:\Users\USUARIO\Documents\tpAngularAPI\dataconnect`
 {"metadata":{"emulator":{"name":"dataconnect"},"message":"E0211 14:22:41.086958    9376 watch.go:40] Failed to load config from \"c:\\\\Users\\\\USUARIO\\\\Documents\\\\tpAngularAPI\\\\dataconnect\": could not find dataconnect.yaml in `c:\\Users\\USUARIO\\Documents\\tpAngularAPI\\dataconnect`\n"}}
[debug] [2026-02-11T17:22:51.086Z] E0211 14:22:51.086819    9376 watch.go:40] Failed to load config from "c:\\Users\\USUARIO\\Documents\\tpAngularAPI\\dataconnect": could not find dataconnect.yaml in `c:\Users\USUARIO\Documents\tpAngularAPI\dataconnect`
 {"metadata":{"emulator":{"name":"dataconnect"},"message":"E0211 14:22:51.086819    9376 watch.go:40] Failed to load config from \"c:\\\\Users\\\\USUARIO\\\\Documents\\\\tpAngularAPI\\\\dataconnect\": could not find dataconnect.yaml in `c:\\Users\\USUARIO\\Documents\\tpAngularAPI\\dataconnect`\n"}}
[debug] [2026-02-11T17:23:01.088Z] E0211 14:23:01.088429    9376 watch.go:40] Failed to load config from "c:\\Users\\USUARIO\\Documents\\tpAngularAPI\\dataconnect": could not find dataconnect.yaml in `c:\Users\USUARIO\Documents\tpAngularAPI\dataconnect`
 {"metadata":{"emulator":{"name":"dataconnect"},"message":"E0211 14:23:01.088429    9376 watch.go:40] Failed to load config from \"c:\\\\Users\\\\USUARIO\\\\Documents\\\\tpAngularAPI\\\\dataconnect\": could not find dataconnect.yaml in `c:\\Users\\USUARIO\\Documents\\tpAngularAPI\\dataconnect`\n"}}
[debug] [2026-02-11T17:23:11.086Z] E0211 14:23:11.086791    9376 watch.go:40] Failed to load config from "c:\\Users\\USUARIO\\Documents\\tpAngularAPI\\dataconnect": could not find dataconnect.yaml in `c:\Users\USUARIO\Documents\tpAngularAPI\dataconnect`
 {"metadata":{"emulator":{"name":"dataconnect"},"message":"E0211 14:23:11.086791    9376 watch.go:40] Failed to load config from \"c:\\\\Users\\\\USUARIO\\\\Documents\\\\tpAngularAPI\\\\dataconnect\": could not find dataconnect.yaml in `c:\\Users\\USUARIO\\Documents\\tpAngularAPI\\dataconnect`\n"}}
[debug] [2026-02-11T17:23:21.086Z] E0211 14:23:21.086794    9376 watch.go:116] watchAllDir unable to walk dir `c:\Users\USUARIO\Documents\tpAngularAPI\dataconnect`: CreateFile c:\Users\USUARIO\Documents\tpAngularAPI\dataconnect: The system cannot find the file specified.
 {"metadata":{"emulator":{"name":"dataconnect"},"message":"E0211 14:23:21.086794    9376 watch.go:116] watchAllDir unable to walk dir `c:\\Users\\USUARIO\\Documents\\tpAngularAPI\\dataconnect`: CreateFile c:\\Users\\USUARIO\\Documents\\tpAngularAPI\\dataconnect: The system cannot find the file specified.\n"}}
[debug] [2026-02-11T17:23:21.087Z] E0211 14:23:21.086794    9376 watch.go:40] Failed to load config from "c:\\Users\\USUARIO\\Documents\\tpAngularAPI\\dataconnect": could not find dataconnect.yaml in `c:\Users\USUARIO\Documents\tpAngularAPI\dataconnect`
 {"metadata":{"emulator":{"name":"dataconnect"},"message":"E0211 14:23:21.086794    9376 watch.go:40] Failed to load config from \"c:\\\\Users\\\\USUARIO\\\\Documents\\\\tpAngularAPI\\\\dataconnect\": could not find dataconnect.yaml in `c:\\Users\\USUARIO\\Documents\\tpAngularAPI\\dataconnect`\n"}}
[debug] [2026-02-11T17:23:31.087Z] E0211 14:23:31.087118    9376 watch.go:40] Failed to load config from "c:\\Users\\USUARIO\\Documents\\tpAngularAPI\\dataconnect": could not find dataconnect.yaml in `c:\Users\USUARIO\Documents\tpAngularAPI\dataconnect`
 {"metadata":{"emulator":{"name":"dataconnect"},"message":"E0211 14:23:31.087118    9376 watch.go:40] Failed to load config from \"c:\\\\Users\\\\USUARIO\\\\Documents\\\\tpAngularAPI\\\\dataconnect\": could not find dataconnect.yaml in `c:\\Users\\USUARIO\\Documents\\tpAngularAPI\\dataconnect`\n"}}
[debug] [2026-02-11T17:23:41.086Z] E0211 14:23:41.086568    9376 watch.go:40] Failed to load config from "c:\\Users\\USUARIO\\Documents\\tpAngularAPI\\dataconnect": could not find dataconnect.yaml in `c:\Users\USUARIO\Documents\tpAngularAPI\dataconnect`
 {"metadata":{"emulator":{"name":"dataconnect"},"message":"E0211 14:23:41.086568    9376 watch.go:40] Failed to load config from \"c:\\\\Users\\\\USUARIO\\\\Documents\\\\tpAngularAPI\\\\dataconnect\": could not find dataconnect.yaml in `c:\\Users\\USUARIO\\Documents\\tpAngularAPI\\dataconnect`\n"}}
[debug] [2026-02-11T17:23:51.086Z] E0211 14:23:51.086786    9376 watch.go:40] Failed to load config from "c:\\Users\\USUARIO\\Documents\\tpAngularAPI\\dataconnect": could not find dataconnect.yaml in `c:\Users\USUARIO\Documents\tpAngularAPI\dataconnect`
 {"metadata":{"emulator":{"name":"dataconnect"},"message":"E0211 14:23:51.086786    9376 watch.go:40] Failed to load config from \"c:\\\\Users\\\\USUARIO\\\\Documents\\\\tpAngularAPI\\\\dataconnect\": could not find dataconnect.yaml in `c:\\Users\\USUARIO\\Documents\\tpAngularAPI\\dataconnect`\n"}}
[debug] [2026-02-11T17:24:01.086Z] E0211 14:24:01.086595    9376 watch.go:40] Failed to load config from "c:\\Users\\USUARIO\\Documents\\tpAngularAPI\\dataconnect": could not find dataconnect.yaml in `c:\Users\USUARIO\Documents\tpAngularAPI\dataconnect`
 {"metadata":{"emulator":{"name":"dataconnect"},"message":"E0211 14:24:01.086595    9376 watch.go:40] Failed to load config from \"c:\\\\Users\\\\USUARIO\\\\Documents\\\\tpAngularAPI\\\\dataconnect\": could not find dataconnect.yaml in `c:\\Users\\USUARIO\\Documents\\tpAngularAPI\\dataconnect`\n"}}
[debug] [2026-02-11T17:24:11.086Z] E0211 14:24:11.086573    9376 watch.go:40] Failed to load config from "c:\\Users\\USUARIO\\Documents\\tpAngularAPI\\dataconnect": could not find dataconnect.yaml in `c:\Users\USUARIO\Documents\tpAngularAPI\dataconnect`
 {"metadata":{"emulator":{"name":"dataconnect"},"message":"E0211 14:24:11.086573    9376 watch.go:40] Failed to load config from \"c:\\\\Users\\\\USUARIO\\\\Documents\\\\tpAngularAPI\\\\dataconnect\": could not find dataconnect.yaml in `c:\\Users\\USUARIO\\Documents\\tpAngularAPI\\dataconnect`\n"}}
[debug] [2026-02-11T17:24:21.086Z] E0211 14:24:21.086819    9376 watch.go:116] watchAllDir unable to walk dir `c:\Users\USUARIO\Documents\tpAngularAPI\dataconnect`: CreateFile c:\Users\USUARIO\Documents\tpAngularAPI\dataconnect: The system cannot find the file specified.
 {"metadata":{"emulator":{"name":"dataconnect"},"message":"E0211 14:24:21.086819    9376 watch.go:116] watchAllDir unable to walk dir `c:\\Users\\USUARIO\\Documents\\tpAngularAPI\\dataconnect`: CreateFile c:\\Users\\USUARIO\\Documents\\tpAngularAPI\\dataconnect: The system cannot find the file specified.\n"}}
[debug] [2026-02-11T17:24:21.087Z] E0211 14:24:21.086819    9376 watch.go:40] Failed to load config from "c:\\Users\\USUARIO\\Documents\\tpAngularAPI\\dataconnect": could not find dataconnect.yaml in `c:\Users\USUARIO\Documents\tpAngularAPI\dataconnect`
 {"metadata":{"emulator":{"name":"dataconnect"},"message":"E0211 14:24:21.086819    9376 watch.go:40] Failed to load config from \"c:\\\\Users\\\\USUARIO\\\\Documents\\\\tpAngularAPI\\\\dataconnect\": could not find dataconnect.yaml in `c:\\Users\\USUARIO\\Documents\\tpAngularAPI\\dataconnect`\n"}}
[debug] [2026-02-11T17:24:31.087Z] E0211 14:24:31.086953    9376 watch.go:40] Failed to load config from "c:\\Users\\USUARIO\\Documents\\tpAngularAPI\\dataconnect": could not find dataconnect.yaml in `c:\Users\USUARIO\Documents\tpAngularAPI\dataconnect`
 {"metadata":{"emulator":{"name":"dataconnect"},"message":"E0211 14:24:31.086953    9376 watch.go:40] Failed to load config from \"c:\\\\Users\\\\USUARIO\\\\Documents\\\\tpAngularAPI\\\\dataconnect\": could not find dataconnect.yaml in `c:\\Users\\USUARIO\\Documents\\tpAngularAPI\\dataconnect`\n"}}
[debug] [2026-02-11T17:24:41.086Z] E0211 14:24:41.086823    9376 watch.go:40] Failed to load config from "c:\\Users\\USUARIO\\Documents\\tpAngularAPI\\dataconnect": could not find dataconnect.yaml in `c:\Users\USUARIO\Documents\tpAngularAPI\dataconnect`
 {"metadata":{"emulator":{"name":"dataconnect"},"message":"E0211 14:24:41.086823    9376 watch.go:40] Failed to load config from \"c:\\\\Users\\\\USUARIO\\\\Documents\\\\tpAngularAPI\\\\dataconnect\": could not find dataconnect.yaml in `c:\\Users\\USUARIO\\Documents\\tpAngularAPI\\dataconnect`\n"}}
[debug] [2026-02-11T17:24:51.086Z] E0211 14:24:51.086585    9376 watch.go:40] Failed to load config from "c:\\Users\\USUARIO\\Documents\\tpAngularAPI\\dataconnect": could not find dataconnect.yaml in `c:\Users\USUARIO\Documents\tpAngularAPI\dataconnect`
 {"metadata":{"emulator":{"name":"dataconnect"},"message":"E0211 14:24:51.086585    9376 watch.go:40] Failed to load config from \"c:\\\\Users\\\\USUARIO\\\\Documents\\\\tpAngularAPI\\\\dataconnect\": could not find dataconnect.yaml in `c:\\Users\\USUARIO\\Documents\\tpAngularAPI\\dataconnect`\n"}}
[debug] [2026-02-11T17:25:01.086Z] E0211 14:25:01.086810    9376 watch.go:40] Failed to load config from "c:\\Users\\USUARIO\\Documents\\tpAngularAPI\\dataconnect": could not find dataconnect.yaml in `c:\Users\USUARIO\Documents\tpAngularAPI\dataconnect`
 {"metadata":{"emulator":{"name":"dataconnect"},"message":"E0211 14:25:01.086810    9376 watch.go:40] Failed to load config from \"c:\\\\Users\\\\USUARIO\\\\Documents\\\\tpAngularAPI\\\\dataconnect\": could not find dataconnect.yaml in `c:\\Users\\USUARIO\\Documents\\tpAngularAPI\\dataconnect`\n"}}
[debug] [2026-02-11T17:25:11.087Z] E0211 14:25:11.087427    9376 watch.go:40] Failed to load config from "c:\\Users\\USUARIO\\Documents\\tpAngularAPI\\dataconnect": could not find dataconnect.yaml in `c:\Users\USUARIO\Documents\tpAngularAPI\dataconnect`
 {"metadata":{"emulator":{"name":"dataconnect"},"message":"E0211 14:25:11.087427    9376 watch.go:40] Failed to load config from \"c:\\\\Users\\\\USUARIO\\\\Documents\\\\tpAngularAPI\\\\dataconnect\": could not find dataconnect.yaml in `c:\\Users\\USUARIO\\Documents\\tpAngularAPI\\dataconnect`\n"}}
[debug] [2026-02-11T17:25:21.087Z] E0211 14:25:21.087123    9376 watch.go:116] watchAllDir unable to walk dir `c:\Users\USUARIO\Documents\tpAngularAPI\dataconnect`: CreateFile c:\Users\USUARIO\Documents\tpAngularAPI\dataconnect: The system cannot find the file specified.
 {"metadata":{"emulator":{"name":"dataconnect"},"message":"E0211 14:25:21.087123    9376 watch.go:116] watchAllDir unable to walk dir `c:\\Users\\USUARIO\\Documents\\tpAngularAPI\\dataconnect`: CreateFile c:\\Users\\USUARIO\\Documents\\tpAngularAPI\\dataconnect: The system cannot find the file specified.\n"}}
[debug] [2026-02-11T17:25:21.087Z] E0211 14:25:21.087123    9376 watch.go:40] Failed to load config from "c:\\Users\\USUARIO\\Documents\\tpAngularAPI\\dataconnect": could not find dataconnect.yaml in `c:\Users\USUARIO\Documents\tpAngularAPI\dataconnect`
 {"metadata":{"emulator":{"name":"dataconnect"},"message":"E0211 14:25:21.087123    9376 watch.go:40] Failed to load config from \"c:\\\\Users\\\\USUARIO\\\\Documents\\\\tpAngularAPI\\\\dataconnect\": could not find dataconnect.yaml in `c:\\Users\\USUARIO\\Documents\\tpAngularAPI\\dataconnect`\n"}}
[debug] [2026-02-11T17:25:31.086Z] E0211 14:25:31.086770    9376 watch.go:40] Failed to load config from "c:\\Users\\USUARIO\\Documents\\tpAngularAPI\\dataconnect": could not find dataconnect.yaml in `c:\Users\USUARIO\Documents\tpAngularAPI\dataconnect`
 {"metadata":{"emulator":{"name":"dataconnect"},"message":"E0211 14:25:31.086770    9376 watch.go:40] Failed to load config from \"c:\\\\Users\\\\USUARIO\\\\Documents\\\\tpAngularAPI\\\\dataconnect\": could not find dataconnect.yaml in `c:\\Users\\USUARIO\\Documents\\tpAngularAPI\\dataconnect`\n"}}
[debug] [2026-02-11T17:25:41.086Z] E0211 14:25:41.086596    9376 watch.go:40] Failed to load config from "c:\\Users\\USUARIO\\Documents\\tpAngularAPI\\dataconnect": could not find dataconnect.yaml in `c:\Users\USUARIO\Documents\tpAngularAPI\dataconnect`
 {"metadata":{"emulator":{"name":"dataconnect"},"message":"E0211 14:25:41.086596    9376 watch.go:40] Failed to load config from \"c:\\\\Users\\\\USUARIO\\\\Documents\\\\tpAngularAPI\\\\dataconnect\": could not find dataconnect.yaml in `c:\\Users\\USUARIO\\Documents\\tpAngularAPI\\dataconnect`\n"}}
[debug] [2026-02-11T17:25:51.086Z] E0211 14:25:51.086674    9376 watch.go:40] Failed to load config from "c:\\Users\\USUARIO\\Documents\\tpAngularAPI\\dataconnect": could not find dataconnect.yaml in `c:\Users\USUARIO\Documents\tpAngularAPI\dataconnect`
 {"metadata":{"emulator":{"name":"dataconnect"},"message":"E0211 14:25:51.086674    9376 watch.go:40] Failed to load config from \"c:\\\\Users\\\\USUARIO\\\\Documents\\\\tpAngularAPI\\\\dataconnect\": could not find dataconnect.yaml in `c:\\Users\\USUARIO\\Documents\\tpAngularAPI\\dataconnect`\n"}}
[debug] [2026-02-11T17:26:01.087Z] E0211 14:26:01.087074    9376 watch.go:40] Failed to load config from "c:\\Users\\USUARIO\\Documents\\tpAngularAPI\\dataconnect": could not find dataconnect.yaml in `c:\Users\USUARIO\Documents\tpAngularAPI\dataconnect`
 {"metadata":{"emulator":{"name":"dataconnect"},"message":"E0211 14:26:01.087074    9376 watch.go:40] Failed to load config from \"c:\\\\Users\\\\USUARIO\\\\Documents\\\\tpAngularAPI\\\\dataconnect\": could not find dataconnect.yaml in `c:\\Users\\USUARIO\\Documents\\tpAngularAPI\\dataconnect`\n"}}
[debug] [2026-02-11T17:26:11.087Z] E0211 14:26:11.086894    9376 watch.go:40] Failed to load config from "c:\\Users\\USUARIO\\Documents\\tpAngularAPI\\dataconnect": could not find dataconnect.yaml in `c:\Users\USUARIO\Documents\tpAngularAPI\dataconnect`
 {"metadata":{"emulator":{"name":"dataconnect"},"message":"E0211 14:26:11.086894    9376 watch.go:40] Failed to load config from \"c:\\\\Users\\\\USUARIO\\\\Documents\\\\tpAngularAPI\\\\dataconnect\": could not find dataconnect.yaml in `c:\\Users\\USUARIO\\Documents\\tpAngularAPI\\dataconnect`\n"}}
[debug] [2026-02-11T17:26:21.086Z] E0211 14:26:21.086804    9376 watch.go:116] watchAllDir unable to walk dir `c:\Users\USUARIO\Documents\tpAngularAPI\dataconnect`: CreateFile c:\Users\USUARIO\Documents\tpAngularAPI\dataconnect: The system cannot find the file specified.
 {"metadata":{"emulator":{"name":"dataconnect"},"message":"E0211 14:26:21.086804    9376 watch.go:116] watchAllDir unable to walk dir `c:\\Users\\USUARIO\\Documents\\tpAngularAPI\\dataconnect`: CreateFile c:\\Users\\USUARIO\\Documents\\tpAngularAPI\\dataconnect: The system cannot find the file specified.\n"}}
[debug] [2026-02-11T17:26:21.087Z] E0211 14:26:21.086804    9376 watch.go:40] Failed to load config from "c:\\Users\\USUARIO\\Documents\\tpAngularAPI\\dataconnect": could not find dataconnect.yaml in `c:\Users\USUARIO\Documents\tpAngularAPI\dataconnect`
 {"metadata":{"emulator":{"name":"dataconnect"},"message":"E0211 14:26:21.086804    9376 watch.go:40] Failed to load config from \"c:\\\\Users\\\\USUARIO\\\\Documents\\\\tpAngularAPI\\\\dataconnect\": could not find dataconnect.yaml in `c:\\Users\\USUARIO\\Documents\\tpAngularAPI\\dataconnect`\n"}}
[debug] [2026-02-11T17:26:31.086Z] E0211 14:26:31.086531    9376 watch.go:40] Failed to load config from "c:\\Users\\USUARIO\\Documents\\tpAngularAPI\\dataconnect": could not find dataconnect.yaml in `c:\Users\USUARIO\Documents\tpAngularAPI\dataconnect`
 {"metadata":{"emulator":{"name":"dataconnect"},"message":"E0211 14:26:31.086531    9376 watch.go:40] Failed to load config from \"c:\\\\Users\\\\USUARIO\\\\Documents\\\\tpAngularAPI\\\\dataconnect\": could not find dataconnect.yaml in `c:\\Users\\USUARIO\\Documents\\tpAngularAPI\\dataconnect`\n"}}
[debug] [2026-02-11T17:26:41.086Z] E0211 14:26:41.086573    9376 watch.go:40] Failed to load config from "c:\\Users\\USUARIO\\Documents\\tpAngularAPI\\dataconnect": could not find dataconnect.yaml in `c:\Users\USUARIO\Documents\tpAngularAPI\dataconnect`
 {"metadata":{"emulator":{"name":"dataconnect"},"message":"E0211 14:26:41.086573    9376 watch.go:40] Failed to load config from \"c:\\\\Users\\\\USUARIO\\\\Documents\\\\tpAngularAPI\\\\dataconnect\": could not find dataconnect.yaml in `c:\\Users\\USUARIO\\Documents\\tpAngularAPI\\dataconnect`\n"}}
[debug] [2026-02-11T17:26:51.086Z] E0211 14:26:51.086792    9376 watch.go:40] Failed to load config from "c:\\Users\\USUARIO\\Documents\\tpAngularAPI\\dataconnect": could not find dataconnect.yaml in `c:\Users\USUARIO\Documents\tpAngularAPI\dataconnect`
 {"metadata":{"emulator":{"name":"dataconnect"},"message":"E0211 14:26:51.086792    9376 watch.go:40] Failed to load config from \"c:\\\\Users\\\\USUARIO\\\\Documents\\\\tpAngularAPI\\\\dataconnect\": could not find dataconnect.yaml in `c:\\Users\\USUARIO\\Documents\\tpAngularAPI\\dataconnect`\n"}}
[debug] [2026-02-11T17:27:01.086Z] E0211 14:27:01.086823    9376 watch.go:40] Failed to load config from "c:\\Users\\USUARIO\\Documents\\tpAngularAPI\\dataconnect": could not find dataconnect.yaml in `c:\Users\USUARIO\Documents\tpAngularAPI\dataconnect`
 {"metadata":{"emulator":{"name":"dataconnect"},"message":"E0211 14:27:01.086823    9376 watch.go:40] Failed to load config from \"c:\\\\Users\\\\USUARIO\\\\Documents\\\\tpAngularAPI\\\\dataconnect\": could not find dataconnect.yaml in `c:\\Users\\USUARIO\\Documents\\tpAngularAPI\\dataconnect`\n"}}
[debug] [2026-02-11T17:27:11.086Z] E0211 14:27:11.086612    9376 watch.go:40] Failed to load config from "c:\\Users\\USUARIO\\Documents\\tpAngularAPI\\dataconnect": could not find dataconnect.yaml in `c:\Users\USUARIO\Documents\tpAngularAPI\dataconnect`
 {"metadata":{"emulator":{"name":"dataconnect"},"message":"E0211 14:27:11.086612    9376 watch.go:40] Failed to load config from \"c:\\\\Users\\\\USUARIO\\\\Documents\\\\tpAngularAPI\\\\dataconnect\": could not find dataconnect.yaml in `c:\\Users\\USUARIO\\Documents\\tpAngularAPI\\dataconnect`\n"}}
[debug] [2026-02-11T17:27:21.086Z] E0211 14:27:21.086559    9376 watch.go:116] watchAllDir unable to walk dir `c:\Users\USUARIO\Documents\tpAngularAPI\dataconnect`: CreateFile c:\Users\USUARIO\Documents\tpAngularAPI\dataconnect: The system cannot find the file specified.
 {"metadata":{"emulator":{"name":"dataconnect"},"message":"E0211 14:27:21.086559    9376 watch.go:116] watchAllDir unable to walk dir `c:\\Users\\USUARIO\\Documents\\tpAngularAPI\\dataconnect`: CreateFile c:\\Users\\USUARIO\\Documents\\tpAngularAPI\\dataconnect: The system cannot find the file specified.\n"}}
[debug] [2026-02-11T17:27:21.087Z] E0211 14:27:21.086559    9376 watch.go:40] Failed to load config from "c:\\Users\\USUARIO\\Documents\\tpAngularAPI\\dataconnect": could not find dataconnect.yaml in `c:\Users\USUARIO\Documents\tpAngularAPI\dataconnect`
 {"metadata":{"emulator":{"name":"dataconnect"},"message":"E0211 14:27:21.086559    9376 watch.go:40] Failed to load config from \"c:\\\\Users\\\\USUARIO\\\\Documents\\\\tpAngularAPI\\\\dataconnect\": could not find dataconnect.yaml in `c:\\Users\\USUARIO\\Documents\\tpAngularAPI\\dataconnect`\n"}}
[debug] [2026-02-11T17:27:31.086Z] E0211 14:27:31.086927    9376 watch.go:40] Failed to load config from "c:\\Users\\USUARIO\\Documents\\tpAngularAPI\\dataconnect": could not find dataconnect.yaml in `c:\Users\USUARIO\Documents\tpAngularAPI\dataconnect`
 {"metadata":{"emulator":{"name":"dataconnect"},"message":"E0211 14:27:31.086927    9376 watch.go:40] Failed to load config from \"c:\\\\Users\\\\USUARIO\\\\Documents\\\\tpAngularAPI\\\\dataconnect\": could not find dataconnect.yaml in `c:\\Users\\USUARIO\\Documents\\tpAngularAPI\\dataconnect`\n"}}
[debug] [2026-02-11T17:27:41.086Z] E0211 14:27:41.087529    9376 watch.go:40] Failed to load config from "c:\\Users\\USUARIO\\Documents\\tpAngularAPI\\dataconnect": could not find dataconnect.yaml in `c:\Users\USUARIO\Documents\tpAngularAPI\dataconnect`
 {"metadata":{"emulator":{"name":"dataconnect"},"message":"E0211 14:27:41.087529    9376 watch.go:40] Failed to load config from \"c:\\\\Users\\\\USUARIO\\\\Documents\\\\tpAngularAPI\\\\dataconnect\": could not find dataconnect.yaml in `c:\\Users\\USUARIO\\Documents\\tpAngularAPI\\dataconnect`\n"}}
[debug] [2026-02-11T17:27:51.086Z] E0211 14:27:51.086588    9376 watch.go:40] Failed to load config from "c:\\Users\\USUARIO\\Documents\\tpAngularAPI\\dataconnect": could not find dataconnect.yaml in `c:\Users\USUARIO\Documents\tpAngularAPI\dataconnect`
 {"metadata":{"emulator":{"name":"dataconnect"},"message":"E0211 14:27:51.086588    9376 watch.go:40] Failed to load config from \"c:\\\\Users\\\\USUARIO\\\\Documents\\\\tpAngularAPI\\\\dataconnect\": could not find dataconnect.yaml in `c:\\Users\\USUARIO\\Documents\\tpAngularAPI\\dataconnect`\n"}}
[debug] [2026-02-11T17:28:01.086Z] E0211 14:28:01.086811    9376 watch.go:40] Failed to load config from "c:\\Users\\USUARIO\\Documents\\tpAngularAPI\\dataconnect": could not find dataconnect.yaml in `c:\Users\USUARIO\Documents\tpAngularAPI\dataconnect`
 {"metadata":{"emulator":{"name":"dataconnect"},"message":"E0211 14:28:01.086811    9376 watch.go:40] Failed to load config from \"c:\\\\Users\\\\USUARIO\\\\Documents\\\\tpAngularAPI\\\\dataconnect\": could not find dataconnect.yaml in `c:\\Users\\USUARIO\\Documents\\tpAngularAPI\\dataconnect`\n"}}
[debug] [2026-02-11T17:28:11.086Z] E0211 14:28:11.086824    9376 watch.go:40] Failed to load config from "c:\\Users\\USUARIO\\Documents\\tpAngularAPI\\dataconnect": could not find dataconnect.yaml in `c:\Users\USUARIO\Documents\tpAngularAPI\dataconnect`
 {"metadata":{"emulator":{"name":"dataconnect"},"message":"E0211 14:28:11.086824    9376 watch.go:40] Failed to load config from \"c:\\\\Users\\\\USUARIO\\\\Documents\\\\tpAngularAPI\\\\dataconnect\": could not find dataconnect.yaml in `c:\\Users\\USUARIO\\Documents\\tpAngularAPI\\dataconnect`\n"}}
[debug] [2026-02-11T17:28:21.086Z] E0211 14:28:21.086894    9376 watch.go:116] watchAllDir unable to walk dir `c:\Users\USUARIO\Documents\tpAngularAPI\dataconnect`: CreateFile c:\Users\USUARIO\Documents\tpAngularAPI\dataconnect: The system cannot find the file specified.
 {"metadata":{"emulator":{"name":"dataconnect"},"message":"E0211 14:28:21.086894    9376 watch.go:116] watchAllDir unable to walk dir `c:\\Users\\USUARIO\\Documents\\tpAngularAPI\\dataconnect`: CreateFile c:\\Users\\USUARIO\\Documents\\tpAngularAPI\\dataconnect: The system cannot find the file specified.\n"}}
[debug] [2026-02-11T17:28:21.087Z] E0211 14:28:21.086894    9376 watch.go:40] Failed to load config from "c:\\Users\\USUARIO\\Documents\\tpAngularAPI\\dataconnect": could not find dataconnect.yaml in `c:\Users\USUARIO\Documents\tpAngularAPI\dataconnect`
 {"metadata":{"emulator":{"name":"dataconnect"},"message":"E0211 14:28:21.086894    9376 watch.go:40] Failed to load config from \"c:\\\\Users\\\\USUARIO\\\\Documents\\\\tpAngularAPI\\\\dataconnect\": could not find dataconnect.yaml in `c:\\Users\\USUARIO\\Documents\\tpAngularAPI\\dataconnect`\n"}}
[debug] [2026-02-11T17:28:31.087Z] E0211 14:28:31.087131    9376 watch.go:40] Failed to load config from "c:\\Users\\USUARIO\\Documents\\tpAngularAPI\\dataconnect": could not find dataconnect.yaml in `c:\Users\USUARIO\Documents\tpAngularAPI\dataconnect`
 {"metadata":{"emulator":{"name":"dataconnect"},"message":"E0211 14:28:31.087131    9376 watch.go:40] Failed to load config from \"c:\\\\Users\\\\USUARIO\\\\Documents\\\\tpAngularAPI\\\\dataconnect\": could not find dataconnect.yaml in `c:\\Users\\USUARIO\\Documents\\tpAngularAPI\\dataconnect`\n"}}
[debug] [2026-02-11T17:28:41.087Z] E0211 14:28:41.087085    9376 watch.go:40] Failed to load config from "c:\\Users\\USUARIO\\Documents\\tpAngularAPI\\dataconnect": could not find dataconnect.yaml in `c:\Users\USUARIO\Documents\tpAngularAPI\dataconnect`
 {"metadata":{"emulator":{"name":"dataconnect"},"message":"E0211 14:28:41.087085    9376 watch.go:40] Failed to load config from \"c:\\\\Users\\\\USUARIO\\\\Documents\\\\tpAngularAPI\\\\dataconnect\": could not find dataconnect.yaml in `c:\\Users\\USUARIO\\Documents\\tpAngularAPI\\dataconnect`\n"}}
[debug] [2026-02-11T17:28:51.087Z] E0211 14:28:51.087000    9376 watch.go:40] Failed to load config from "c:\\Users\\USUARIO\\Documents\\tpAngularAPI\\dataconnect": could not find dataconnect.yaml in `c:\Users\USUARIO\Documents\tpAngularAPI\dataconnect`
 {"metadata":{"emulator":{"name":"dataconnect"},"message":"E0211 14:28:51.087000    9376 watch.go:40] Failed to load config from \"c:\\\\Users\\\\USUARIO\\\\Documents\\\\tpAngularAPI\\\\dataconnect\": could not find dataconnect.yaml in `c:\\Users\\USUARIO\\Documents\\tpAngularAPI\\dataconnect`\n"}}
[debug] [2026-02-11T17:29:01.087Z] E0211 14:29:01.086918    9376 watch.go:40] Failed to load config from "c:\\Users\\USUARIO\\Documents\\tpAngularAPI\\dataconnect": could not find dataconnect.yaml in `c:\Users\USUARIO\Documents\tpAngularAPI\dataconnect`
 {"metadata":{"emulator":{"name":"dataconnect"},"message":"E0211 14:29:01.086918    9376 watch.go:40] Failed to load config from \"c:\\\\Users\\\\USUARIO\\\\Documents\\\\tpAngularAPI\\\\dataconnect\": could not find dataconnect.yaml in `c:\\Users\\USUARIO\\Documents\\tpAngularAPI\\dataconnect`\n"}}
[debug] [2026-02-11T17:29:11.086Z] E0211 14:29:11.086817    9376 watch.go:40] Failed to load config from "c:\\Users\\USUARIO\\Documents\\tpAngularAPI\\dataconnect": could not find dataconnect.yaml in `c:\Users\USUARIO\Documents\tpAngularAPI\dataconnect`
 {"metadata":{"emulator":{"name":"dataconnect"},"message":"E0211 14:29:11.086817    9376 watch.go:40] Failed to load config from \"c:\\\\Users\\\\USUARIO\\\\Documents\\\\tpAngularAPI\\\\dataconnect\": could not find dataconnect.yaml in `c:\\Users\\USUARIO\\Documents\\tpAngularAPI\\dataconnect`\n"}}
[debug] [2026-02-11T17:29:21.086Z] E0211 14:29:21.086568    9376 watch.go:116] watchAllDir unable to walk dir `c:\Users\USUARIO\Documents\tpAngularAPI\dataconnect`: CreateFile c:\Users\USUARIO\Documents\tpAngularAPI\dataconnect: The system cannot find the file specified.
 {"metadata":{"emulator":{"name":"dataconnect"},"message":"E0211 14:29:21.086568    9376 watch.go:116] watchAllDir unable to walk dir `c:\\Users\\USUARIO\\Documents\\tpAngularAPI\\dataconnect`: CreateFile c:\\Users\\USUARIO\\Documents\\tpAngularAPI\\dataconnect: The system cannot find the file specified.\n"}}
[debug] [2026-02-11T17:29:21.089Z] E0211 14:29:21.089075    9376 watch.go:40] Failed to load config from "c:\\Users\\USUARIO\\Documents\\tpAngularAPI\\dataconnect": could not find dataconnect.yaml in `c:\Users\USUARIO\Documents\tpAngularAPI\dataconnect`
 {"metadata":{"emulator":{"name":"dataconnect"},"message":"E0211 14:29:21.089075    9376 watch.go:40] Failed to load config from \"c:\\\\Users\\\\USUARIO\\\\Documents\\\\tpAngularAPI\\\\dataconnect\": could not find dataconnect.yaml in `c:\\Users\\USUARIO\\Documents\\tpAngularAPI\\dataconnect`\n"}}
[debug] [2026-02-11T17:29:31.087Z] E0211 14:29:31.087010    9376 watch.go:40] Failed to load config from "c:\\Users\\USUARIO\\Documents\\tpAngularAPI\\dataconnect": could not find dataconnect.yaml in `c:\Users\USUARIO\Documents\tpAngularAPI\dataconnect`
 {"metadata":{"emulator":{"name":"dataconnect"},"message":"E0211 14:29:31.087010    9376 watch.go:40] Failed to load config from \"c:\\\\Users\\\\USUARIO\\\\Documents\\\\tpAngularAPI\\\\dataconnect\": could not find dataconnect.yaml in `c:\\Users\\USUARIO\\Documents\\tpAngularAPI\\dataconnect`\n"}}
[debug] [2026-02-11T17:29:41.087Z] E0211 14:29:41.087176    9376 watch.go:40] Failed to load config from "c:\\Users\\USUARIO\\Documents\\tpAngularAPI\\dataconnect": could not find dataconnect.yaml in `c:\Users\USUARIO\Documents\tpAngularAPI\dataconnect`
 {"metadata":{"emulator":{"name":"dataconnect"},"message":"E0211 14:29:41.087176    9376 watch.go:40] Failed to load config from \"c:\\\\Users\\\\USUARIO\\\\Documents\\\\tpAngularAPI\\\\dataconnect\": could not find dataconnect.yaml in `c:\\Users\\USUARIO\\Documents\\tpAngularAPI\\dataconnect`\n"}}
[debug] [2026-02-11T17:29:51.087Z] E0211 14:29:51.086795    9376 watch.go:40] Failed to load config from "c:\\Users\\USUARIO\\Documents\\tpAngularAPI\\dataconnect": could not find dataconnect.yaml in `c:\Users\USUARIO\Documents\tpAngularAPI\dataconnect`
 {"metadata":{"emulator":{"name":"dataconnect"},"message":"E0211 14:29:51.086795    9376 watch.go:40] Failed to load config from \"c:\\\\Users\\\\USUARIO\\\\Documents\\\\tpAngularAPI\\\\dataconnect\": could not find dataconnect.yaml in `c:\\Users\\USUARIO\\Documents\\tpAngularAPI\\dataconnect`\n"}}
[debug] [2026-02-11T17:30:01.087Z] E0211 14:30:01.086823    9376 watch.go:40] Failed to load config from "c:\\Users\\USUARIO\\Documents\\tpAngularAPI\\dataconnect": could not find dataconnect.yaml in `c:\Users\USUARIO\Documents\tpAngularAPI\dataconnect`
 {"metadata":{"emulator":{"name":"dataconnect"},"message":"E0211 14:30:01.086823    9376 watch.go:40] Failed to load config from \"c:\\\\Users\\\\USUARIO\\\\Documents\\\\tpAngularAPI\\\\dataconnect\": could not find dataconnect.yaml in `c:\\Users\\USUARIO\\Documents\\tpAngularAPI\\dataconnect`\n"}}
[debug] [2026-02-11T17:30:11.087Z] E0211 14:30:11.086839    9376 watch.go:40] Failed to load config from "c:\\Users\\USUARIO\\Documents\\tpAngularAPI\\dataconnect": could not find dataconnect.yaml in `c:\Users\USUARIO\Documents\tpAngularAPI\dataconnect`
 {"metadata":{"emulator":{"name":"dataconnect"},"message":"E0211 14:30:11.086839    9376 watch.go:40] Failed to load config from \"c:\\\\Users\\\\USUARIO\\\\Documents\\\\tpAngularAPI\\\\dataconnect\": could not find dataconnect.yaml in `c:\\Users\\USUARIO\\Documents\\tpAngularAPI\\dataconnect`\n"}}
[debug] [2026-02-11T17:30:21.087Z] E0211 14:30:21.086793    9376 watch.go:116] watchAllDir unable to walk dir `c:\Users\USUARIO\Documents\tpAngularAPI\dataconnect`: CreateFile c:\Users\USUARIO\Documents\tpAngularAPI\dataconnect: The system cannot find the file specified.
 {"metadata":{"emulator":{"name":"dataconnect"},"message":"E0211 14:30:21.086793    9376 watch.go:116] watchAllDir unable to walk dir `c:\\Users\\USUARIO\\Documents\\tpAngularAPI\\dataconnect`: CreateFile c:\\Users\\USUARIO\\Documents\\tpAngularAPI\\dataconnect: The system cannot find the file specified.\n"}}
[debug] [2026-02-11T17:30:21.087Z] E0211 14:30:21.086793    9376 watch.go:40] Failed to load config from "c:\\Users\\USUARIO\\Documents\\tpAngularAPI\\dataconnect": could not find dataconnect.yaml in `c:\Users\USUARIO\Documents\tpAngularAPI\dataconnect`
 {"metadata":{"emulator":{"name":"dataconnect"},"message":"E0211 14:30:21.086793    9376 watch.go:40] Failed to load config from \"c:\\\\Users\\\\USUARIO\\\\Documents\\\\tpAngularAPI\\\\dataconnect\": could not find dataconnect.yaml in `c:\\Users\\USUARIO\\Documents\\tpAngularAPI\\dataconnect`\n"}}
[debug] [2026-02-11T17:30:31.087Z] E0211 14:30:31.086949    9376 watch.go:40] Failed to load config from "c:\\Users\\USUARIO\\Documents\\tpAngularAPI\\dataconnect": could not find dataconnect.yaml in `c:\Users\USUARIO\Documents\tpAngularAPI\dataconnect`
 {"metadata":{"emulator":{"name":"dataconnect"},"message":"E0211 14:30:31.086949    9376 watch.go:40] Failed to load config from \"c:\\\\Users\\\\USUARIO\\\\Documents\\\\tpAngularAPI\\\\dataconnect\": could not find dataconnect.yaml in `c:\\Users\\USUARIO\\Documents\\tpAngularAPI\\dataconnect`\n"}}
[debug] [2026-02-11T17:30:41.087Z] E0211 14:30:41.086594    9376 watch.go:40] Failed to load config from "c:\\Users\\USUARIO\\Documents\\tpAngularAPI\\dataconnect": could not find dataconnect.yaml in `c:\Users\USUARIO\Documents\tpAngularAPI\dataconnect`
 {"metadata":{"emulator":{"name":"dataconnect"},"message":"E0211 14:30:41.086594    9376 watch.go:40] Failed to load config from \"c:\\\\Users\\\\USUARIO\\\\Documents\\\\tpAngularAPI\\\\dataconnect\": could not find dataconnect.yaml in `c:\\Users\\USUARIO\\Documents\\tpAngularAPI\\dataconnect`\n"}}
[debug] [2026-02-11T17:30:51.087Z] E0211 14:30:51.086817    9376 watch.go:40] Failed to load config from "c:\\Users\\USUARIO\\Documents\\tpAngularAPI\\dataconnect": could not find dataconnect.yaml in `c:\Users\USUARIO\Documents\tpAngularAPI\dataconnect`
 {"metadata":{"emulator":{"name":"dataconnect"},"message":"E0211 14:30:51.086817    9376 watch.go:40] Failed to load config from \"c:\\\\Users\\\\USUARIO\\\\Documents\\\\tpAngularAPI\\\\dataconnect\": could not find dataconnect.yaml in `c:\\Users\\USUARIO\\Documents\\tpAngularAPI\\dataconnect`\n"}}
[debug] [2026-02-11T17:31:01.087Z] E0211 14:31:01.087175    9376 watch.go:40] Failed to load config from "c:\\Users\\USUARIO\\Documents\\tpAngularAPI\\dataconnect": could not find dataconnect.yaml in `c:\Users\USUARIO\Documents\tpAngularAPI\dataconnect`
 {"metadata":{"emulator":{"name":"dataconnect"},"message":"E0211 14:31:01.087175    9376 watch.go:40] Failed to load config from \"c:\\\\Users\\\\USUARIO\\\\Documents\\\\tpAngularAPI\\\\dataconnect\": could not find dataconnect.yaml in `c:\\Users\\USUARIO\\Documents\\tpAngularAPI\\dataconnect`\n"}}
[debug] [2026-02-11T17:31:11.087Z] E0211 14:31:11.086816    9376 watch.go:40] Failed to load config from "c:\\Users\\USUARIO\\Documents\\tpAngularAPI\\dataconnect": could not find dataconnect.yaml in `c:\Users\USUARIO\Documents\tpAngularAPI\dataconnect`
 {"metadata":{"emulator":{"name":"dataconnect"},"message":"E0211 14:31:11.086816    9376 watch.go:40] Failed to load config from \"c:\\\\Users\\\\USUARIO\\\\Documents\\\\tpAngularAPI\\\\dataconnect\": could not find dataconnect.yaml in `c:\\Users\\USUARIO\\Documents\\tpAngularAPI\\dataconnect`\n"}}
[debug] [2026-02-11T17:31:21.087Z] E0211 14:31:21.086942    9376 watch.go:116] watchAllDir unable to walk dir `c:\Users\USUARIO\Documents\tpAngularAPI\dataconnect`: CreateFile c:\Users\USUARIO\Documents\tpAngularAPI\dataconnect: The system cannot find the file specified.
 {"metadata":{"emulator":{"name":"dataconnect"},"message":"E0211 14:31:21.086942    9376 watch.go:116] watchAllDir unable to walk dir `c:\\Users\\USUARIO\\Documents\\tpAngularAPI\\dataconnect`: CreateFile c:\\Users\\USUARIO\\Documents\\tpAngularAPI\\dataconnect: The system cannot find the file specified.\n"}}
[debug] [2026-02-11T17:31:21.087Z] E0211 14:31:21.086942    9376 watch.go:40] Failed to load config from "c:\\Users\\USUARIO\\Documents\\tpAngularAPI\\dataconnect": could not find dataconnect.yaml in `c:\Users\USUARIO\Documents\tpAngularAPI\dataconnect`
 {"metadata":{"emulator":{"name":"dataconnect"},"message":"E0211 14:31:21.086942    9376 watch.go:40] Failed to load config from \"c:\\\\Users\\\\USUARIO\\\\Documents\\\\tpAngularAPI\\\\dataconnect\": could not find dataconnect.yaml in `c:\\Users\\USUARIO\\Documents\\tpAngularAPI\\dataconnect`\n"}}
[debug] [2026-02-11T17:31:31.087Z] E0211 14:31:31.087885    9376 watch.go:40] Failed to load config from "c:\\Users\\USUARIO\\Documents\\tpAngularAPI\\dataconnect": could not find dataconnect.yaml in `c:\Users\USUARIO\Documents\tpAngularAPI\dataconnect`
 {"metadata":{"emulator":{"name":"dataconnect"},"message":"E0211 14:31:31.087885    9376 watch.go:40] Failed to load config from \"c:\\\\Users\\\\USUARIO\\\\Documents\\\\tpAngularAPI\\\\dataconnect\": could not find dataconnect.yaml in `c:\\Users\\USUARIO\\Documents\\tpAngularAPI\\dataconnect`\n"}}
[debug] [2026-02-11T17:31:41.087Z] E0211 14:31:41.086823    9376 watch.go:40] Failed to load config from "c:\\Users\\USUARIO\\Documents\\tpAngularAPI\\dataconnect": could not find dataconnect.yaml in `c:\Users\USUARIO\Documents\tpAngularAPI\dataconnect`
 {"metadata":{"emulator":{"name":"dataconnect"},"message":"E0211 14:31:41.086823    9376 watch.go:40] Failed to load config from \"c:\\\\Users\\\\USUARIO\\\\Documents\\\\tpAngularAPI\\\\dataconnect\": could not find dataconnect.yaml in `c:\\Users\\USUARIO\\Documents\\tpAngularAPI\\dataconnect`\n"}}
[debug] [2026-02-11T17:31:51.087Z] E0211 14:31:51.086794    9376 watch.go:40] Failed to load config from "c:\\Users\\USUARIO\\Documents\\tpAngularAPI\\dataconnect": could not find dataconnect.yaml in `c:\Users\USUARIO\Documents\tpAngularAPI\dataconnect`
 {"metadata":{"emulator":{"name":"dataconnect"},"message":"E0211 14:31:51.086794    9376 watch.go:40] Failed to load config from \"c:\\\\Users\\\\USUARIO\\\\Documents\\\\tpAngularAPI\\\\dataconnect\": could not find dataconnect.yaml in `c:\\Users\\USUARIO\\Documents\\tpAngularAPI\\dataconnect`\n"}}
[debug] [2026-02-11T17:32:01.086Z] E0211 14:32:01.086594    9376 watch.go:40] Failed to load config from "c:\\Users\\USUARIO\\Documents\\tpAngularAPI\\dataconnect": could not find dataconnect.yaml in `c:\Users\USUARIO\Documents\tpAngularAPI\dataconnect`
 {"metadata":{"emulator":{"name":"dataconnect"},"message":"E0211 14:32:01.086594    9376 watch.go:40] Failed to load config from \"c:\\\\Users\\\\USUARIO\\\\Documents\\\\tpAngularAPI\\\\dataconnect\": could not find dataconnect.yaml in `c:\\Users\\USUARIO\\Documents\\tpAngularAPI\\dataconnect`\n"}}
[debug] [2026-02-11T17:32:11.087Z] E0211 14:32:11.086841    9376 watch.go:40] Failed to load config from "c:\\Users\\USUARIO\\Documents\\tpAngularAPI\\dataconnect": could not find dataconnect.yaml in `c:\Users\USUARIO\Documents\tpAngularAPI\dataconnect`
 {"metadata":{"emulator":{"name":"dataconnect"},"message":"E0211 14:32:11.086841    9376 watch.go:40] Failed to load config from \"c:\\\\Users\\\\USUARIO\\\\Documents\\\\tpAngularAPI\\\\dataconnect\": could not find dataconnect.yaml in `c:\\Users\\USUARIO\\Documents\\tpAngularAPI\\dataconnect`\n"}}
[debug] [2026-02-11T17:32:21.086Z] E0211 14:32:21.086796    9376 watch.go:116] watchAllDir unable to walk dir `c:\Users\USUARIO\Documents\tpAngularAPI\dataconnect`: CreateFile c:\Users\USUARIO\Documents\tpAngularAPI\dataconnect: The system cannot find the file specified.
 {"metadata":{"emulator":{"name":"dataconnect"},"message":"E0211 14:32:21.086796    9376 watch.go:116] watchAllDir unable to walk dir `c:\\Users\\USUARIO\\Documents\\tpAngularAPI\\dataconnect`: CreateFile c:\\Users\\USUARIO\\Documents\\tpAngularAPI\\dataconnect: The system cannot find the file specified.\n"}}
[debug] [2026-02-11T17:32:21.087Z] E0211 14:32:21.086796    9376 watch.go:40] Failed to load config from "c:\\Users\\USUARIO\\Documents\\tpAngularAPI\\dataconnect": could not find dataconnect.yaml in `c:\Users\USUARIO\Documents\tpAngularAPI\dataconnect`
 {"metadata":{"emulator":{"name":"dataconnect"},"message":"E0211 14:32:21.086796    9376 watch.go:40] Failed to load config from \"c:\\\\Users\\\\USUARIO\\\\Documents\\\\tpAngularAPI\\\\dataconnect\": could not find dataconnect.yaml in `c:\\Users\\USUARIO\\Documents\\tpAngularAPI\\dataconnect`\n"}}
[debug] [2026-02-11T17:32:31.087Z] E0211 14:32:31.087306    9376 watch.go:40] Failed to load config from "c:\\Users\\USUARIO\\Documents\\tpAngularAPI\\dataconnect": could not find dataconnect.yaml in `c:\Users\USUARIO\Documents\tpAngularAPI\dataconnect`
 {"metadata":{"emulator":{"name":"dataconnect"},"message":"E0211 14:32:31.087306    9376 watch.go:40] Failed to load config from \"c:\\\\Users\\\\USUARIO\\\\Documents\\\\tpAngularAPI\\\\dataconnect\": could not find dataconnect.yaml in `c:\\Users\\USUARIO\\Documents\\tpAngularAPI\\dataconnect`\n"}}
[debug] [2026-02-11T17:32:41.087Z] E0211 14:32:41.087013    9376 watch.go:40] Failed to load config from "c:\\Users\\USUARIO\\Documents\\tpAngularAPI\\dataconnect": could not find dataconnect.yaml in `c:\Users\USUARIO\Documents\tpAngularAPI\dataconnect`
 {"metadata":{"emulator":{"name":"dataconnect"},"message":"E0211 14:32:41.087013    9376 watch.go:40] Failed to load config from \"c:\\\\Users\\\\USUARIO\\\\Documents\\\\tpAngularAPI\\\\dataconnect\": could not find dataconnect.yaml in `c:\\Users\\USUARIO\\Documents\\tpAngularAPI\\dataconnect`\n"}}
[debug] [2026-02-11T17:32:51.087Z] E0211 14:32:51.086565    9376 watch.go:40] Failed to load config from "c:\\Users\\USUARIO\\Documents\\tpAngularAPI\\dataconnect": could not find dataconnect.yaml in `c:\Users\USUARIO\Documents\tpAngularAPI\dataconnect`
 {"metadata":{"emulator":{"name":"dataconnect"},"message":"E0211 14:32:51.086565    9376 watch.go:40] Failed to load config from \"c:\\\\Users\\\\USUARIO\\\\Documents\\\\tpAngularAPI\\\\dataconnect\": could not find dataconnect.yaml in `c:\\Users\\USUARIO\\Documents\\tpAngularAPI\\dataconnect`\n"}}
[debug] [2026-02-11T17:33:01.087Z] E0211 14:33:01.086567    9376 watch.go:40] Failed to load config from "c:\\Users\\USUARIO\\Documents\\tpAngularAPI\\dataconnect": could not find dataconnect.yaml in `c:\Users\USUARIO\Documents\tpAngularAPI\dataconnect`
 {"metadata":{"emulator":{"name":"dataconnect"},"message":"E0211 14:33:01.086567    9376 watch.go:40] Failed to load config from \"c:\\\\Users\\\\USUARIO\\\\Documents\\\\tpAngularAPI\\\\dataconnect\": could not find dataconnect.yaml in `c:\\Users\\USUARIO\\Documents\\tpAngularAPI\\dataconnect`\n"}}
[debug] [2026-02-11T17:33:11.087Z] E0211 14:33:11.086796    9376 watch.go:40] Failed to load config from "c:\\Users\\USUARIO\\Documents\\tpAngularAPI\\dataconnect": could not find dataconnect.yaml in `c:\Users\USUARIO\Documents\tpAngularAPI\dataconnect`
 {"metadata":{"emulator":{"name":"dataconnect"},"message":"E0211 14:33:11.086796    9376 watch.go:40] Failed to load config from \"c:\\\\Users\\\\USUARIO\\\\Documents\\\\tpAngularAPI\\\\dataconnect\": could not find dataconnect.yaml in `c:\\Users\\USUARIO\\Documents\\tpAngularAPI\\dataconnect`\n"}}
[debug] [2026-02-11T17:33:21.086Z] E0211 14:33:21.086571    9376 watch.go:116] watchAllDir unable to walk dir `c:\Users\USUARIO\Documents\tpAngularAPI\dataconnect`: CreateFile c:\Users\USUARIO\Documents\tpAngularAPI\dataconnect: The system cannot find the file specified.
 {"metadata":{"emulator":{"name":"dataconnect"},"message":"E0211 14:33:21.086571    9376 watch.go:116] watchAllDir unable to walk dir `c:\\Users\\USUARIO\\Documents\\tpAngularAPI\\dataconnect`: CreateFile c:\\Users\\USUARIO\\Documents\\tpAngularAPI\\dataconnect: The system cannot find the file specified.\n"}}
[debug] [2026-02-11T17:33:21.087Z] E0211 14:33:21.086571    9376 watch.go:40] Failed to load config from "c:\\Users\\USUARIO\\Documents\\tpAngularAPI\\dataconnect": could not find dataconnect.yaml in `c:\Users\USUARIO\Documents\tpAngularAPI\dataconnect`
 {"metadata":{"emulator":{"name":"dataconnect"},"message":"E0211 14:33:21.086571    9376 watch.go:40] Failed to load config from \"c:\\\\Users\\\\USUARIO\\\\Documents\\\\tpAngularAPI\\\\dataconnect\": could not find dataconnect.yaml in `c:\\Users\\USUARIO\\Documents\\tpAngularAPI\\dataconnect`\n"}}
[debug] [2026-02-11T17:33:31.087Z] E0211 14:33:31.087287    9376 watch.go:40] Failed to load config from "c:\\Users\\USUARIO\\Documents\\tpAngularAPI\\dataconnect": could not find dataconnect.yaml in `c:\Users\USUARIO\Documents\tpAngularAPI\dataconnect`
 {"metadata":{"emulator":{"name":"dataconnect"},"message":"E0211 14:33:31.087287    9376 watch.go:40] Failed to load config from \"c:\\\\Users\\\\USUARIO\\\\Documents\\\\tpAngularAPI\\\\dataconnect\": could not find dataconnect.yaml in `c:\\Users\\USUARIO\\Documents\\tpAngularAPI\\dataconnect`\n"}}
[debug] [2026-02-11T17:33:41.087Z] E0211 14:33:41.087428    9376 watch.go:40] Failed to load config from "c:\\Users\\USUARIO\\Documents\\tpAngularAPI\\dataconnect": could not find dataconnect.yaml in `c:\Users\USUARIO\Documents\tpAngularAPI\dataconnect`
 {"metadata":{"emulator":{"name":"dataconnect"},"message":"E0211 14:33:41.087428    9376 watch.go:40] Failed to load config from \"c:\\\\Users\\\\USUARIO\\\\Documents\\\\tpAngularAPI\\\\dataconnect\": could not find dataconnect.yaml in `c:\\Users\\USUARIO\\Documents\\tpAngularAPI\\dataconnect`\n"}}
[debug] [2026-02-11T17:33:51.087Z] E0211 14:33:51.086814    9376 watch.go:40] Failed to load config from "c:\\Users\\USUARIO\\Documents\\tpAngularAPI\\dataconnect": could not find dataconnect.yaml in `c:\Users\USUARIO\Documents\tpAngularAPI\dataconnect`
 {"metadata":{"emulator":{"name":"dataconnect"},"message":"E0211 14:33:51.086814    9376 watch.go:40] Failed to load config from \"c:\\\\Users\\\\USUARIO\\\\Documents\\\\tpAngularAPI\\\\dataconnect\": could not find dataconnect.yaml in `c:\\Users\\USUARIO\\Documents\\tpAngularAPI\\dataconnect`\n"}}
[debug] [2026-02-11T17:34:01.086Z] E0211 14:34:01.086625    9376 watch.go:40] Failed to load config from "c:\\Users\\USUARIO\\Documents\\tpAngularAPI\\dataconnect": could not find dataconnect.yaml in `c:\Users\USUARIO\Documents\tpAngularAPI\dataconnect`
 {"metadata":{"emulator":{"name":"dataconnect"},"message":"E0211 14:34:01.086625    9376 watch.go:40] Failed to load config from \"c:\\\\Users\\\\USUARIO\\\\Documents\\\\tpAngularAPI\\\\dataconnect\": could not find dataconnect.yaml in `c:\\Users\\USUARIO\\Documents\\tpAngularAPI\\dataconnect`\n"}}
[debug] [2026-02-11T17:34:11.087Z] E0211 14:34:11.086795    9376 watch.go:40] Failed to load config from "c:\\Users\\USUARIO\\Documents\\tpAngularAPI\\dataconnect": could not find dataconnect.yaml in `c:\Users\USUARIO\Documents\tpAngularAPI\dataconnect`
 {"metadata":{"emulator":{"name":"dataconnect"},"message":"E0211 14:34:11.086795    9376 watch.go:40] Failed to load config from \"c:\\\\Users\\\\USUARIO\\\\Documents\\\\tpAngularAPI\\\\dataconnect\": could not find dataconnect.yaml in `c:\\Users\\USUARIO\\Documents\\tpAngularAPI\\dataconnect`\n"}}
[debug] [2026-02-11T17:34:21.086Z] E0211 14:34:21.086724    9376 watch.go:116] watchAllDir unable to walk dir `c:\Users\USUARIO\Documents\tpAngularAPI\dataconnect`: CreateFile c:\Users\USUARIO\Documents\tpAngularAPI\dataconnect: The system cannot find the file specified.
 {"metadata":{"emulator":{"name":"dataconnect"},"message":"E0211 14:34:21.086724    9376 watch.go:116] watchAllDir unable to walk dir `c:\\Users\\USUARIO\\Documents\\tpAngularAPI\\dataconnect`: CreateFile c:\\Users\\USUARIO\\Documents\\tpAngularAPI\\dataconnect: The system cannot find the file specified.\n"}}
[debug] [2026-02-11T17:34:21.087Z] E0211 14:34:21.086724    9376 watch.go:40] Failed to load config from "c:\\Users\\USUARIO\\Documents\\tpAngularAPI\\dataconnect": could not find dataconnect.yaml in `c:\Users\USUARIO\Documents\tpAngularAPI\dataconnect`
 {"metadata":{"emulator":{"name":"dataconnect"},"message":"E0211 14:34:21.086724    9376 watch.go:40] Failed to load config from \"c:\\\\Users\\\\USUARIO\\\\Documents\\\\tpAngularAPI\\\\dataconnect\": could not find dataconnect.yaml in `c:\\Users\\USUARIO\\Documents\\tpAngularAPI\\dataconnect`\n"}}
[debug] [2026-02-11T17:34:31.087Z] E0211 14:34:31.086823    9376 watch.go:40] Failed to load config from "c:\\Users\\USUARIO\\Documents\\tpAngularAPI\\dataconnect": could not find dataconnect.yaml in `c:\Users\USUARIO\Documents\tpAngularAPI\dataconnect`
 {"metadata":{"emulator":{"name":"dataconnect"},"message":"E0211 14:34:31.086823    9376 watch.go:40] Failed to load config from \"c:\\\\Users\\\\USUARIO\\\\Documents\\\\tpAngularAPI\\\\dataconnect\": could not find dataconnect.yaml in `c:\\Users\\USUARIO\\Documents\\tpAngularAPI\\dataconnect`\n"}}
[debug] [2026-02-11T17:34:41.087Z] E0211 14:34:41.086823    9376 watch.go:40] Failed to load config from "c:\\Users\\USUARIO\\Documents\\tpAngularAPI\\dataconnect": could not find dataconnect.yaml in `c:\Users\USUARIO\Documents\tpAngularAPI\dataconnect`
 {"metadata":{"emulator":{"name":"dataconnect"},"message":"E0211 14:34:41.086823    9376 watch.go:40] Failed to load config from \"c:\\\\Users\\\\USUARIO\\\\Documents\\\\tpAngularAPI\\\\dataconnect\": could not find dataconnect.yaml in `c:\\Users\\USUARIO\\Documents\\tpAngularAPI\\dataconnect`\n"}}
[debug] [2026-02-11T17:34:51.087Z] E0211 14:34:51.086919    9376 watch.go:40] Failed to load config from "c:\\Users\\USUARIO\\Documents\\tpAngularAPI\\dataconnect": could not find dataconnect.yaml in `c:\Users\USUARIO\Documents\tpAngularAPI\dataconnect`
 {"metadata":{"emulator":{"name":"dataconnect"},"message":"E0211 14:34:51.086919    9376 watch.go:40] Failed to load config from \"c:\\\\Users\\\\USUARIO\\\\Documents\\\\tpAngularAPI\\\\dataconnect\": could not find dataconnect.yaml in `c:\\Users\\USUARIO\\Documents\\tpAngularAPI\\dataconnect`\n"}}
[debug] [2026-02-11T17:35:01.087Z] E0211 14:35:01.086659    9376 watch.go:40] Failed to load config from "c:\\Users\\USUARIO\\Documents\\tpAngularAPI\\dataconnect": could not find dataconnect.yaml in `c:\Users\USUARIO\Documents\tpAngularAPI\dataconnect`
 {"metadata":{"emulator":{"name":"dataconnect"},"message":"E0211 14:35:01.086659    9376 watch.go:40] Failed to load config from \"c:\\\\Users\\\\USUARIO\\\\Documents\\\\tpAngularAPI\\\\dataconnect\": could not find dataconnect.yaml in `c:\\Users\\USUARIO\\Documents\\tpAngularAPI\\dataconnect`\n"}}
[debug] [2026-02-11T17:35:11.087Z] E0211 14:35:11.087017    9376 watch.go:40] Failed to load config from "c:\\Users\\USUARIO\\Documents\\tpAngularAPI\\dataconnect": could not find dataconnect.yaml in `c:\Users\USUARIO\Documents\tpAngularAPI\dataconnect`
 {"metadata":{"emulator":{"name":"dataconnect"},"message":"E0211 14:35:11.087017    9376 watch.go:40] Failed to load config from \"c:\\\\Users\\\\USUARIO\\\\Documents\\\\tpAngularAPI\\\\dataconnect\": could not find dataconnect.yaml in `c:\\Users\\USUARIO\\Documents\\tpAngularAPI\\dataconnect`\n"}}
[debug] [2026-02-11T17:35:21.087Z] E0211 14:35:21.086842    9376 watch.go:116] watchAllDir unable to walk dir `c:\Users\USUARIO\Documents\tpAngularAPI\dataconnect`: CreateFile c:\Users\USUARIO\Documents\tpAngularAPI\dataconnect: The system cannot find the file specified.
 {"metadata":{"emulator":{"name":"dataconnect"},"message":"E0211 14:35:21.086842    9376 watch.go:116] watchAllDir unable to walk dir `c:\\Users\\USUARIO\\Documents\\tpAngularAPI\\dataconnect`: CreateFile c:\\Users\\USUARIO\\Documents\\tpAngularAPI\\dataconnect: The system cannot find the file specified.\n"}}
[debug] [2026-02-11T17:35:21.087Z] E0211 14:35:21.086842    9376 watch.go:40] Failed to load config from "c:\\Users\\USUARIO\\Documents\\tpAngularAPI\\dataconnect": could not find dataconnect.yaml in `c:\Users\USUARIO\Documents\tpAngularAPI\dataconnect`
 {"metadata":{"emulator":{"name":"dataconnect"},"message":"E0211 14:35:21.086842    9376 watch.go:40] Failed to load config from \"c:\\\\Users\\\\USUARIO\\\\Documents\\\\tpAngularAPI\\\\dataconnect\": could not find dataconnect.yaml in `c:\\Users\\USUARIO\\Documents\\tpAngularAPI\\dataconnect`\n"}}
[debug] [2026-02-11T17:35:31.087Z] E0211 14:35:31.086924    9376 watch.go:40] Failed to load config from "c:\\Users\\USUARIO\\Documents\\tpAngularAPI\\dataconnect": could not find dataconnect.yaml in `c:\Users\USUARIO\Documents\tpAngularAPI\dataconnect`
 {"metadata":{"emulator":{"name":"dataconnect"},"message":"E0211 14:35:31.086924    9376 watch.go:40] Failed to load config from \"c:\\\\Users\\\\USUARIO\\\\Documents\\\\tpAngularAPI\\\\dataconnect\": could not find dataconnect.yaml in `c:\\Users\\USUARIO\\Documents\\tpAngularAPI\\dataconnect`\n"}}
[debug] [2026-02-11T17:35:41.087Z] E0211 14:35:41.086594    9376 watch.go:40] Failed to load config from "c:\\Users\\USUARIO\\Documents\\tpAngularAPI\\dataconnect": could not find dataconnect.yaml in `c:\Users\USUARIO\Documents\tpAngularAPI\dataconnect`
 {"metadata":{"emulator":{"name":"dataconnect"},"message":"E0211 14:35:41.086594    9376 watch.go:40] Failed to load config from \"c:\\\\Users\\\\USUARIO\\\\Documents\\\\tpAngularAPI\\\\dataconnect\": could not find dataconnect.yaml in `c:\\Users\\USUARIO\\Documents\\tpAngularAPI\\dataconnect`\n"}}
[debug] [2026-02-11T17:35:51.087Z] E0211 14:35:51.086600    9376 watch.go:40] Failed to load config from "c:\\Users\\USUARIO\\Documents\\tpAngularAPI\\dataconnect": could not find dataconnect.yaml in `c:\Users\USUARIO\Documents\tpAngularAPI\dataconnect`
 {"metadata":{"emulator":{"name":"dataconnect"},"message":"E0211 14:35:51.086600    9376 watch.go:40] Failed to load config from \"c:\\\\Users\\\\USUARIO\\\\Documents\\\\tpAngularAPI\\\\dataconnect\": could not find dataconnect.yaml in `c:\\Users\\USUARIO\\Documents\\tpAngularAPI\\dataconnect`\n"}}
[debug] [2026-02-11T17:36:01.087Z] E0211 14:36:01.087096    9376 watch.go:40] Failed to load config from "c:\\Users\\USUARIO\\Documents\\tpAngularAPI\\dataconnect": could not find dataconnect.yaml in `c:\Users\USUARIO\Documents\tpAngularAPI\dataconnect`
 {"metadata":{"emulator":{"name":"dataconnect"},"message":"E0211 14:36:01.087096    9376 watch.go:40] Failed to load config from \"c:\\\\Users\\\\USUARIO\\\\Documents\\\\tpAngularAPI\\\\dataconnect\": could not find dataconnect.yaml in `c:\\Users\\USUARIO\\Documents\\tpAngularAPI\\dataconnect`\n"}}
[debug] [2026-02-11T17:36:11.088Z] E0211 14:36:11.087890    9376 watch.go:40] Failed to load config from "c:\\Users\\USUARIO\\Documents\\tpAngularAPI\\dataconnect": could not find dataconnect.yaml in `c:\Users\USUARIO\Documents\tpAngularAPI\dataconnect`
 {"metadata":{"emulator":{"name":"dataconnect"},"message":"E0211 14:36:11.087890    9376 watch.go:40] Failed to load config from \"c:\\\\Users\\\\USUARIO\\\\Documents\\\\tpAngularAPI\\\\dataconnect\": could not find dataconnect.yaml in `c:\\Users\\USUARIO\\Documents\\tpAngularAPI\\dataconnect`\n"}}
[debug] [2026-02-11T17:36:21.087Z] E0211 14:36:21.086792    9376 watch.go:116] watchAllDir unable to walk dir `c:\Users\USUARIO\Documents\tpAngularAPI\dataconnect`: CreateFile c:\Users\USUARIO\Documents\tpAngularAPI\dataconnect: The system cannot find the file specified.
 {"metadata":{"emulator":{"name":"dataconnect"},"message":"E0211 14:36:21.086792    9376 watch.go:116] watchAllDir unable to walk dir `c:\\Users\\USUARIO\\Documents\\tpAngularAPI\\dataconnect`: CreateFile c:\\Users\\USUARIO\\Documents\\tpAngularAPI\\dataconnect: The system cannot find the file specified.\n"}}
[debug] [2026-02-11T17:36:21.087Z] E0211 14:36:21.086792    9376 watch.go:40] Failed to load config from "c:\\Users\\USUARIO\\Documents\\tpAngularAPI\\dataconnect": could not find dataconnect.yaml in `c:\Users\USUARIO\Documents\tpAngularAPI\dataconnect`
 {"metadata":{"emulator":{"name":"dataconnect"},"message":"E0211 14:36:21.086792    9376 watch.go:40] Failed to load config from \"c:\\\\Users\\\\USUARIO\\\\Documents\\\\tpAngularAPI\\\\dataconnect\": could not find dataconnect.yaml in `c:\\Users\\USUARIO\\Documents\\tpAngularAPI\\dataconnect`\n"}}
[debug] [2026-02-11T17:36:31.088Z] E0211 14:36:31.087779    9376 watch.go:40] Failed to load config from "c:\\Users\\USUARIO\\Documents\\tpAngularAPI\\dataconnect": could not find dataconnect.yaml in `c:\Users\USUARIO\Documents\tpAngularAPI\dataconnect`
 {"metadata":{"emulator":{"name":"dataconnect"},"message":"E0211 14:36:31.087779    9376 watch.go:40] Failed to load config from \"c:\\\\Users\\\\USUARIO\\\\Documents\\\\tpAngularAPI\\\\dataconnect\": could not find dataconnect.yaml in `c:\\Users\\USUARIO\\Documents\\tpAngularAPI\\dataconnect`\n"}}
[debug] [2026-02-11T17:36:41.087Z] E0211 14:36:41.087198    9376 watch.go:40] Failed to load config from "c:\\Users\\USUARIO\\Documents\\tpAngularAPI\\dataconnect": could not find dataconnect.yaml in `c:\Users\USUARIO\Documents\tpAngularAPI\dataconnect`
 {"metadata":{"emulator":{"name":"dataconnect"},"message":"E0211 14:36:41.087198    9376 watch.go:40] Failed to load config from \"c:\\\\Users\\\\USUARIO\\\\Documents\\\\tpAngularAPI\\\\dataconnect\": could not find dataconnect.yaml in `c:\\Users\\USUARIO\\Documents\\tpAngularAPI\\dataconnect`\n"}}
[debug] [2026-02-11T17:36:51.087Z] E0211 14:36:51.086796    9376 watch.go:40] Failed to load config from "c:\\Users\\USUARIO\\Documents\\tpAngularAPI\\dataconnect": could not find dataconnect.yaml in `c:\Users\USUARIO\Documents\tpAngularAPI\dataconnect`
 {"metadata":{"emulator":{"name":"dataconnect"},"message":"E0211 14:36:51.086796    9376 watch.go:40] Failed to load config from \"c:\\\\Users\\\\USUARIO\\\\Documents\\\\tpAngularAPI\\\\dataconnect\": could not find dataconnect.yaml in `c:\\Users\\USUARIO\\Documents\\tpAngularAPI\\dataconnect`\n"}}
[debug] [2026-02-11T17:37:01.087Z] E0211 14:37:01.086886    9376 watch.go:40] Failed to load config from "c:\\Users\\USUARIO\\Documents\\tpAngularAPI\\dataconnect": could not find dataconnect.yaml in `c:\Users\USUARIO\Documents\tpAngularAPI\dataconnect`
 {"metadata":{"emulator":{"name":"dataconnect"},"message":"E0211 14:37:01.086886    9376 watch.go:40] Failed to load config from \"c:\\\\Users\\\\USUARIO\\\\Documents\\\\tpAngularAPI\\\\dataconnect\": could not find dataconnect.yaml in `c:\\Users\\USUARIO\\Documents\\tpAngularAPI\\dataconnect`\n"}}
[debug] [2026-02-11T17:37:11.087Z] E0211 14:37:11.086595    9376 watch.go:40] Failed to load config from "c:\\Users\\USUARIO\\Documents\\tpAngularAPI\\dataconnect": could not find dataconnect.yaml in `c:\Users\USUARIO\Documents\tpAngularAPI\dataconnect`
 {"metadata":{"emulator":{"name":"dataconnect"},"message":"E0211 14:37:11.086595    9376 watch.go:40] Failed to load config from \"c:\\\\Users\\\\USUARIO\\\\Documents\\\\tpAngularAPI\\\\dataconnect\": could not find dataconnect.yaml in `c:\\Users\\USUARIO\\Documents\\tpAngularAPI\\dataconnect`\n"}}
[debug] [2026-02-11T17:37:21.087Z] E0211 14:37:21.086816    9376 watch.go:116] watchAllDir unable to walk dir `c:\Users\USUARIO\Documents\tpAngularAPI\dataconnect`: CreateFile c:\Users\USUARIO\Documents\tpAngularAPI\dataconnect: The system cannot find the file specified.
 {"metadata":{"emulator":{"name":"dataconnect"},"message":"E0211 14:37:21.086816    9376 watch.go:116] watchAllDir unable to walk dir `c:\\Users\\USUARIO\\Documents\\tpAngularAPI\\dataconnect`: CreateFile c:\\Users\\USUARIO\\Documents\\tpAngularAPI\\dataconnect: The system cannot find the file specified.\n"}}
[debug] [2026-02-11T17:37:21.087Z] E0211 14:37:21.086816    9376 watch.go:40] Failed to load config from "c:\\Users\\USUARIO\\Documents\\tpAngularAPI\\dataconnect": could not find dataconnect.yaml in `c:\Users\USUARIO\Documents\tpAngularAPI\dataconnect`
 {"metadata":{"emulator":{"name":"dataconnect"},"message":"E0211 14:37:21.086816    9376 watch.go:40] Failed to load config from \"c:\\\\Users\\\\USUARIO\\\\Documents\\\\tpAngularAPI\\\\dataconnect\": could not find dataconnect.yaml in `c:\\Users\\USUARIO\\Documents\\tpAngularAPI\\dataconnect`\n"}}
[debug] [2026-02-11T17:37:31.087Z] E0211 14:37:31.087369    9376 watch.go:40] Failed to load config from "c:\\Users\\USUARIO\\Documents\\tpAngularAPI\\dataconnect": could not find dataconnect.yaml in `c:\Users\USUARIO\Documents\tpAngularAPI\dataconnect`
 {"metadata":{"emulator":{"name":"dataconnect"},"message":"E0211 14:37:31.087369    9376 watch.go:40] Failed to load config from \"c:\\\\Users\\\\USUARIO\\\\Documents\\\\tpAngularAPI\\\\dataconnect\": could not find dataconnect.yaml in `c:\\Users\\USUARIO\\Documents\\tpAngularAPI\\dataconnect`\n"}}
[debug] [2026-02-11T17:37:41.087Z] E0211 14:37:41.087053    9376 watch.go:40] Failed to load config from "c:\\Users\\USUARIO\\Documents\\tpAngularAPI\\dataconnect": could not find dataconnect.yaml in `c:\Users\USUARIO\Documents\tpAngularAPI\dataconnect`
 {"metadata":{"emulator":{"name":"dataconnect"},"message":"E0211 14:37:41.087053    9376 watch.go:40] Failed to load config from \"c:\\\\Users\\\\USUARIO\\\\Documents\\\\tpAngularAPI\\\\dataconnect\": could not find dataconnect.yaml in `c:\\Users\\USUARIO\\Documents\\tpAngularAPI\\dataconnect`\n"}}
[debug] [2026-02-11T17:37:51.088Z] E0211 14:37:51.088609    9376 watch.go:40] Failed to load config from "c:\\Users\\USUARIO\\Documents\\tpAngularAPI\\dataconnect": could not find dataconnect.yaml in `c:\Users\USUARIO\Documents\tpAngularAPI\dataconnect`
 {"metadata":{"emulator":{"name":"dataconnect"},"message":"E0211 14:37:51.088609    9376 watch.go:40] Failed to load config from \"c:\\\\Users\\\\USUARIO\\\\Documents\\\\tpAngularAPI\\\\dataconnect\": could not find dataconnect.yaml in `c:\\Users\\USUARIO\\Documents\\tpAngularAPI\\dataconnect`\n"}}
[debug] [2026-02-11T17:38:01.087Z] E0211 14:38:01.086831    9376 watch.go:40] Failed to load config from "c:\\Users\\USUARIO\\Documents\\tpAngularAPI\\dataconnect": could not find dataconnect.yaml in `c:\Users\USUARIO\Documents\tpAngularAPI\dataconnect`
 {"metadata":{"emulator":{"name":"dataconnect"},"message":"E0211 14:38:01.086831    9376 watch.go:40] Failed to load config from \"c:\\\\Users\\\\USUARIO\\\\Documents\\\\tpAngularAPI\\\\dataconnect\": could not find dataconnect.yaml in `c:\\Users\\USUARIO\\Documents\\tpAngularAPI\\dataconnect`\n"}}
[debug] [2026-02-11T17:38:11.086Z] E0211 14:38:11.086596    9376 watch.go:40] Failed to load config from "c:\\Users\\USUARIO\\Documents\\tpAngularAPI\\dataconnect": could not find dataconnect.yaml in `c:\Users\USUARIO\Documents\tpAngularAPI\dataconnect`
 {"metadata":{"emulator":{"name":"dataconnect"},"message":"E0211 14:38:11.086596    9376 watch.go:40] Failed to load config from \"c:\\\\Users\\\\USUARIO\\\\Documents\\\\tpAngularAPI\\\\dataconnect\": could not find dataconnect.yaml in `c:\\Users\\USUARIO\\Documents\\tpAngularAPI\\dataconnect`\n"}}
[debug] [2026-02-11T17:38:21.086Z] E0211 14:38:21.086796    9376 watch.go:116] watchAllDir unable to walk dir `c:\Users\USUARIO\Documents\tpAngularAPI\dataconnect`: CreateFile c:\Users\USUARIO\Documents\tpAngularAPI\dataconnect: The system cannot find the file specified.
 {"metadata":{"emulator":{"name":"dataconnect"},"message":"E0211 14:38:21.086796    9376 watch.go:116] watchAllDir unable to walk dir `c:\\Users\\USUARIO\\Documents\\tpAngularAPI\\dataconnect`: CreateFile c:\\Users\\USUARIO\\Documents\\tpAngularAPI\\dataconnect: The system cannot find the file specified.\n"}}
[debug] [2026-02-11T17:38:21.087Z] E0211 14:38:21.086796    9376 watch.go:40] Failed to load config from "c:\\Users\\USUARIO\\Documents\\tpAngularAPI\\dataconnect": could not find dataconnect.yaml in `c:\Users\USUARIO\Documents\tpAngularAPI\dataconnect`
 {"metadata":{"emulator":{"name":"dataconnect"},"message":"E0211 14:38:21.086796    9376 watch.go:40] Failed to load config from \"c:\\\\Users\\\\USUARIO\\\\Documents\\\\tpAngularAPI\\\\dataconnect\": could not find dataconnect.yaml in `c:\\Users\\USUARIO\\Documents\\tpAngularAPI\\dataconnect`\n"}}
[debug] [2026-02-11T17:38:31.087Z] E0211 14:38:31.087349    9376 watch.go:40] Failed to load config from "c:\\Users\\USUARIO\\Documents\\tpAngularAPI\\dataconnect": could not find dataconnect.yaml in `c:\Users\USUARIO\Documents\tpAngularAPI\dataconnect`
 {"metadata":{"emulator":{"name":"dataconnect"},"message":"E0211 14:38:31.087349    9376 watch.go:40] Failed to load config from \"c:\\\\Users\\\\USUARIO\\\\Documents\\\\tpAngularAPI\\\\dataconnect\": could not find dataconnect.yaml in `c:\\Users\\USUARIO\\Documents\\tpAngularAPI\\dataconnect`\n"}}
[debug] [2026-02-11T17:38:41.087Z] E0211 14:38:41.086821    9376 watch.go:40] Failed to load config from "c:\\Users\\USUARIO\\Documents\\tpAngularAPI\\dataconnect": could not find dataconnect.yaml in `c:\Users\USUARIO\Documents\tpAngularAPI\dataconnect`
 {"metadata":{"emulator":{"name":"dataconnect"},"message":"E0211 14:38:41.086821    9376 watch.go:40] Failed to load config from \"c:\\\\Users\\\\USUARIO\\\\Documents\\\\tpAngularAPI\\\\dataconnect\": could not find dataconnect.yaml in `c:\\Users\\USUARIO\\Documents\\tpAngularAPI\\dataconnect`\n"}}
[debug] [2026-02-11T17:38:51.087Z] E0211 14:38:51.086814    9376 watch.go:40] Failed to load config from "c:\\Users\\USUARIO\\Documents\\tpAngularAPI\\dataconnect": could not find dataconnect.yaml in `c:\Users\USUARIO\Documents\tpAngularAPI\dataconnect`
 {"metadata":{"emulator":{"name":"dataconnect"},"message":"E0211 14:38:51.086814    9376 watch.go:40] Failed to load config from \"c:\\\\Users\\\\USUARIO\\\\Documents\\\\tpAngularAPI\\\\dataconnect\": could not find dataconnect.yaml in `c:\\Users\\USUARIO\\Documents\\tpAngularAPI\\dataconnect`\n"}}
[debug] [2026-02-11T17:39:01.086Z] E0211 14:39:01.086593    9376 watch.go:40] Failed to load config from "c:\\Users\\USUARIO\\Documents\\tpAngularAPI\\dataconnect": could not find dataconnect.yaml in `c:\Users\USUARIO\Documents\tpAngularAPI\dataconnect`
 {"metadata":{"emulator":{"name":"dataconnect"},"message":"E0211 14:39:01.086593    9376 watch.go:40] Failed to load config from \"c:\\\\Users\\\\USUARIO\\\\Documents\\\\tpAngularAPI\\\\dataconnect\": could not find dataconnect.yaml in `c:\\Users\\USUARIO\\Documents\\tpAngularAPI\\dataconnect`\n"}}
[debug] [2026-02-11T17:39:11.086Z] E0211 14:39:11.086575    9376 watch.go:40] Failed to load config from "c:\\Users\\USUARIO\\Documents\\tpAngularAPI\\dataconnect": could not find dataconnect.yaml in `c:\Users\USUARIO\Documents\tpAngularAPI\dataconnect`
 {"metadata":{"emulator":{"name":"dataconnect"},"message":"E0211 14:39:11.086575    9376 watch.go:40] Failed to load config from \"c:\\\\Users\\\\USUARIO\\\\Documents\\\\tpAngularAPI\\\\dataconnect\": could not find dataconnect.yaml in `c:\\Users\\USUARIO\\Documents\\tpAngularAPI\\dataconnect`\n"}}
[debug] [2026-02-11T17:39:21.086Z] E0211 14:39:21.086803    9376 watch.go:116] watchAllDir unable to walk dir `c:\Users\USUARIO\Documents\tpAngularAPI\dataconnect`: CreateFile c:\Users\USUARIO\Documents\tpAngularAPI\dataconnect: The system cannot find the file specified.
 {"metadata":{"emulator":{"name":"dataconnect"},"message":"E0211 14:39:21.086803    9376 watch.go:116] watchAllDir unable to walk dir `c:\\Users\\USUARIO\\Documents\\tpAngularAPI\\dataconnect`: CreateFile c:\\Users\\USUARIO\\Documents\\tpAngularAPI\\dataconnect: The system cannot find the file specified.\n"}}
[debug] [2026-02-11T17:39:21.087Z] E0211 14:39:21.086803    9376 watch.go:40] Failed to load config from "c:\\Users\\USUARIO\\Documents\\tpAngularAPI\\dataconnect": could not find dataconnect.yaml in `c:\Users\USUARIO\Documents\tpAngularAPI\dataconnect`
 {"metadata":{"emulator":{"name":"dataconnect"},"message":"E0211 14:39:21.086803    9376 watch.go:40] Failed to load config from \"c:\\\\Users\\\\USUARIO\\\\Documents\\\\tpAngularAPI\\\\dataconnect\": could not find dataconnect.yaml in `c:\\Users\\USUARIO\\Documents\\tpAngularAPI\\dataconnect`\n"}}
[debug] [2026-02-11T17:39:31.087Z] E0211 14:39:31.087373    9376 watch.go:40] Failed to load config from "c:\\Users\\USUARIO\\Documents\\tpAngularAPI\\dataconnect": could not find dataconnect.yaml in `c:\Users\USUARIO\Documents\tpAngularAPI\dataconnect`
 {"metadata":{"emulator":{"name":"dataconnect"},"message":"E0211 14:39:31.087373    9376 watch.go:40] Failed to load config from \"c:\\\\Users\\\\USUARIO\\\\Documents\\\\tpAngularAPI\\\\dataconnect\": could not find dataconnect.yaml in `c:\\Users\\USUARIO\\Documents\\tpAngularAPI\\dataconnect`\n"}}
[debug] [2026-02-11T17:39:41.086Z] E0211 14:39:41.086595    9376 watch.go:40] Failed to load config from "c:\\Users\\USUARIO\\Documents\\tpAngularAPI\\dataconnect": could not find dataconnect.yaml in `c:\Users\USUARIO\Documents\tpAngularAPI\dataconnect`
 {"metadata":{"emulator":{"name":"dataconnect"},"message":"E0211 14:39:41.086595    9376 watch.go:40] Failed to load config from \"c:\\\\Users\\\\USUARIO\\\\Documents\\\\tpAngularAPI\\\\dataconnect\": could not find dataconnect.yaml in `c:\\Users\\USUARIO\\Documents\\tpAngularAPI\\dataconnect`\n"}}
[debug] [2026-02-11T17:39:51.086Z] E0211 14:39:51.086794    9376 watch.go:40] Failed to load config from "c:\\Users\\USUARIO\\Documents\\tpAngularAPI\\dataconnect": could not find dataconnect.yaml in `c:\Users\USUARIO\Documents\tpAngularAPI\dataconnect`
 {"metadata":{"emulator":{"name":"dataconnect"},"message":"E0211 14:39:51.086794    9376 watch.go:40] Failed to load config from \"c:\\\\Users\\\\USUARIO\\\\Documents\\\\tpAngularAPI\\\\dataconnect\": could not find dataconnect.yaml in `c:\\Users\\USUARIO\\Documents\\tpAngularAPI\\dataconnect`\n"}}
[debug] [2026-02-11T17:40:01.087Z] E0211 14:40:01.087420    9376 watch.go:40] Failed to load config from "c:\\Users\\USUARIO\\Documents\\tpAngularAPI\\dataconnect": could not find dataconnect.yaml in `c:\Users\USUARIO\Documents\tpAngularAPI\dataconnect`
 {"metadata":{"emulator":{"name":"dataconnect"},"message":"E0211 14:40:01.087420    9376 watch.go:40] Failed to load config from \"c:\\\\Users\\\\USUARIO\\\\Documents\\\\tpAngularAPI\\\\dataconnect\": could not find dataconnect.yaml in `c:\\Users\\USUARIO\\Documents\\tpAngularAPI\\dataconnect`\n"}}
[debug] [2026-02-11T17:40:11.087Z] E0211 14:40:11.086840    9376 watch.go:40] Failed to load config from "c:\\Users\\USUARIO\\Documents\\tpAngularAPI\\dataconnect": could not find dataconnect.yaml in `c:\Users\USUARIO\Documents\tpAngularAPI\dataconnect`
 {"metadata":{"emulator":{"name":"dataconnect"},"message":"E0211 14:40:11.086840    9376 watch.go:40] Failed to load config from \"c:\\\\Users\\\\USUARIO\\\\Documents\\\\tpAngularAPI\\\\dataconnect\": could not find dataconnect.yaml in `c:\\Users\\USUARIO\\Documents\\tpAngularAPI\\dataconnect`\n"}}
[debug] [2026-02-11T17:40:21.086Z] E0211 14:40:21.086590    9376 watch.go:116] watchAllDir unable to walk dir `c:\Users\USUARIO\Documents\tpAngularAPI\dataconnect`: CreateFile c:\Users\USUARIO\Documents\tpAngularAPI\dataconnect: The system cannot find the file specified.
 {"metadata":{"emulator":{"name":"dataconnect"},"message":"E0211 14:40:21.086590    9376 watch.go:116] watchAllDir unable to walk dir `c:\\Users\\USUARIO\\Documents\\tpAngularAPI\\dataconnect`: CreateFile c:\\Users\\USUARIO\\Documents\\tpAngularAPI\\dataconnect: The system cannot find the file specified.\n"}}
[debug] [2026-02-11T17:40:21.087Z] E0211 14:40:21.086590    9376 watch.go:40] Failed to load config from "c:\\Users\\USUARIO\\Documents\\tpAngularAPI\\dataconnect": could not find dataconnect.yaml in `c:\Users\USUARIO\Documents\tpAngularAPI\dataconnect`
 {"metadata":{"emulator":{"name":"dataconnect"},"message":"E0211 14:40:21.086590    9376 watch.go:40] Failed to load config from \"c:\\\\Users\\\\USUARIO\\\\Documents\\\\tpAngularAPI\\\\dataconnect\": could not find dataconnect.yaml in `c:\\Users\\USUARIO\\Documents\\tpAngularAPI\\dataconnect`\n"}}
[debug] [2026-02-11T17:40:31.087Z] E0211 14:40:31.087331    9376 watch.go:40] Failed to load config from "c:\\Users\\USUARIO\\Documents\\tpAngularAPI\\dataconnect": could not find dataconnect.yaml in `c:\Users\USUARIO\Documents\tpAngularAPI\dataconnect`
 {"metadata":{"emulator":{"name":"dataconnect"},"message":"E0211 14:40:31.087331    9376 watch.go:40] Failed to load config from \"c:\\\\Users\\\\USUARIO\\\\Documents\\\\tpAngularAPI\\\\dataconnect\": could not find dataconnect.yaml in `c:\\Users\\USUARIO\\Documents\\tpAngularAPI\\dataconnect`\n"}}
[debug] [2026-02-11T17:40:41.087Z] E0211 14:40:41.086833    9376 watch.go:40] Failed to load config from "c:\\Users\\USUARIO\\Documents\\tpAngularAPI\\dataconnect": could not find dataconnect.yaml in `c:\Users\USUARIO\Documents\tpAngularAPI\dataconnect`
 {"metadata":{"emulator":{"name":"dataconnect"},"message":"E0211 14:40:41.086833    9376 watch.go:40] Failed to load config from \"c:\\\\Users\\\\USUARIO\\\\Documents\\\\tpAngularAPI\\\\dataconnect\": could not find dataconnect.yaml in `c:\\Users\\USUARIO\\Documents\\tpAngularAPI\\dataconnect`\n"}}
[debug] [2026-02-11T17:40:51.087Z] E0211 14:40:51.087297    9376 watch.go:40] Failed to load config from "c:\\Users\\USUARIO\\Documents\\tpAngularAPI\\dataconnect": could not find dataconnect.yaml in `c:\Users\USUARIO\Documents\tpAngularAPI\dataconnect`
 {"metadata":{"emulator":{"name":"dataconnect"},"message":"E0211 14:40:51.087297    9376 watch.go:40] Failed to load config from \"c:\\\\Users\\\\USUARIO\\\\Documents\\\\tpAngularAPI\\\\dataconnect\": could not find dataconnect.yaml in `c:\\Users\\USUARIO\\Documents\\tpAngularAPI\\dataconnect`\n"}}
[debug] [2026-02-11T17:41:01.087Z] E0211 14:41:01.086825    9376 watch.go:40] Failed to load config from "c:\\Users\\USUARIO\\Documents\\tpAngularAPI\\dataconnect": could not find dataconnect.yaml in `c:\Users\USUARIO\Documents\tpAngularAPI\dataconnect`
 {"metadata":{"emulator":{"name":"dataconnect"},"message":"E0211 14:41:01.086825    9376 watch.go:40] Failed to load config from \"c:\\\\Users\\\\USUARIO\\\\Documents\\\\tpAngularAPI\\\\dataconnect\": could not find dataconnect.yaml in `c:\\Users\\USUARIO\\Documents\\tpAngularAPI\\dataconnect`\n"}}
[debug] [2026-02-11T17:41:11.086Z] E0211 14:41:11.086823    9376 watch.go:40] Failed to load config from "c:\\Users\\USUARIO\\Documents\\tpAngularAPI\\dataconnect": could not find dataconnect.yaml in `c:\Users\USUARIO\Documents\tpAngularAPI\dataconnect`
 {"metadata":{"emulator":{"name":"dataconnect"},"message":"E0211 14:41:11.086823    9376 watch.go:40] Failed to load config from \"c:\\\\Users\\\\USUARIO\\\\Documents\\\\tpAngularAPI\\\\dataconnect\": could not find dataconnect.yaml in `c:\\Users\\USUARIO\\Documents\\tpAngularAPI\\dataconnect`\n"}}
[debug] [2026-02-11T17:41:21.086Z] E0211 14:41:21.086920    9376 watch.go:116] watchAllDir unable to walk dir `c:\Users\USUARIO\Documents\tpAngularAPI\dataconnect`: CreateFile c:\Users\USUARIO\Documents\tpAngularAPI\dataconnect: The system cannot find the file specified.
 {"metadata":{"emulator":{"name":"dataconnect"},"message":"E0211 14:41:21.086920    9376 watch.go:116] watchAllDir unable to walk dir `c:\\Users\\USUARIO\\Documents\\tpAngularAPI\\dataconnect`: CreateFile c:\\Users\\USUARIO\\Documents\\tpAngularAPI\\dataconnect: The system cannot find the file specified.\n"}}
[debug] [2026-02-11T17:41:21.088Z] E0211 14:41:21.088923    9376 watch.go:40] Failed to load config from "c:\\Users\\USUARIO\\Documents\\tpAngularAPI\\dataconnect": could not find dataconnect.yaml in `c:\Users\USUARIO\Documents\tpAngularAPI\dataconnect`
 {"metadata":{"emulator":{"name":"dataconnect"},"message":"E0211 14:41:21.088923    9376 watch.go:40] Failed to load config from \"c:\\\\Users\\\\USUARIO\\\\Documents\\\\tpAngularAPI\\\\dataconnect\": could not find dataconnect.yaml in `c:\\Users\\USUARIO\\Documents\\tpAngularAPI\\dataconnect`\n"}}
[debug] [2026-02-11T17:41:31.086Z] E0211 14:41:31.086918    9376 watch.go:40] Failed to load config from "c:\\Users\\USUARIO\\Documents\\tpAngularAPI\\dataconnect": could not find dataconnect.yaml in `c:\Users\USUARIO\Documents\tpAngularAPI\dataconnect`
 {"metadata":{"emulator":{"name":"dataconnect"},"message":"E0211 14:41:31.086918    9376 watch.go:40] Failed to load config from \"c:\\\\Users\\\\USUARIO\\\\Documents\\\\tpAngularAPI\\\\dataconnect\": could not find dataconnect.yaml in `c:\\Users\\USUARIO\\Documents\\tpAngularAPI\\dataconnect`\n"}}
[debug] [2026-02-11T17:41:41.086Z] E0211 14:41:41.086823    9376 watch.go:40] Failed to load config from "c:\\Users\\USUARIO\\Documents\\tpAngularAPI\\dataconnect": could not find dataconnect.yaml in `c:\Users\USUARIO\Documents\tpAngularAPI\dataconnect`
 {"metadata":{"emulator":{"name":"dataconnect"},"message":"E0211 14:41:41.086823    9376 watch.go:40] Failed to load config from \"c:\\\\Users\\\\USUARIO\\\\Documents\\\\tpAngularAPI\\\\dataconnect\": could not find dataconnect.yaml in `c:\\Users\\USUARIO\\Documents\\tpAngularAPI\\dataconnect`\n"}}
[debug] [2026-02-11T17:41:51.086Z] E0211 14:41:51.086804    9376 watch.go:40] Failed to load config from "c:\\Users\\USUARIO\\Documents\\tpAngularAPI\\dataconnect": could not find dataconnect.yaml in `c:\Users\USUARIO\Documents\tpAngularAPI\dataconnect`
 {"metadata":{"emulator":{"name":"dataconnect"},"message":"E0211 14:41:51.086804    9376 watch.go:40] Failed to load config from \"c:\\\\Users\\\\USUARIO\\\\Documents\\\\tpAngularAPI\\\\dataconnect\": could not find dataconnect.yaml in `c:\\Users\\USUARIO\\Documents\\tpAngularAPI\\dataconnect`\n"}}
[debug] [2026-02-11T17:42:01.086Z] E0211 14:42:01.086821    9376 watch.go:40] Failed to load config from "c:\\Users\\USUARIO\\Documents\\tpAngularAPI\\dataconnect": could not find dataconnect.yaml in `c:\Users\USUARIO\Documents\tpAngularAPI\dataconnect`
 {"metadata":{"emulator":{"name":"dataconnect"},"message":"E0211 14:42:01.086821    9376 watch.go:40] Failed to load config from \"c:\\\\Users\\\\USUARIO\\\\Documents\\\\tpAngularAPI\\\\dataconnect\": could not find dataconnect.yaml in `c:\\Users\\USUARIO\\Documents\\tpAngularAPI\\dataconnect`\n"}}
[debug] [2026-02-11T17:42:11.086Z] E0211 14:42:11.087421    9376 watch.go:40] Failed to load config from "c:\\Users\\USUARIO\\Documents\\tpAngularAPI\\dataconnect": could not find dataconnect.yaml in `c:\Users\USUARIO\Documents\tpAngularAPI\dataconnect`
 {"metadata":{"emulator":{"name":"dataconnect"},"message":"E0211 14:42:11.087421    9376 watch.go:40] Failed to load config from \"c:\\\\Users\\\\USUARIO\\\\Documents\\\\tpAngularAPI\\\\dataconnect\": could not find dataconnect.yaml in `c:\\Users\\USUARIO\\Documents\\tpAngularAPI\\dataconnect`\n"}}
[debug] [2026-02-11T17:42:21.086Z] E0211 14:42:21.086805    9376 watch.go:116] watchAllDir unable to walk dir `c:\Users\USUARIO\Documents\tpAngularAPI\dataconnect`: CreateFile c:\Users\USUARIO\Documents\tpAngularAPI\dataconnect: The system cannot find the file specified.
 {"metadata":{"emulator":{"name":"dataconnect"},"message":"E0211 14:42:21.086805    9376 watch.go:116] watchAllDir unable to walk dir `c:\\Users\\USUARIO\\Documents\\tpAngularAPI\\dataconnect`: CreateFile c:\\Users\\USUARIO\\Documents\\tpAngularAPI\\dataconnect: The system cannot find the file specified.\n"}}
[debug] [2026-02-11T17:42:21.087Z] E0211 14:42:21.086805    9376 watch.go:40] Failed to load config from "c:\\Users\\USUARIO\\Documents\\tpAngularAPI\\dataconnect": could not find dataconnect.yaml in `c:\Users\USUARIO\Documents\tpAngularAPI\dataconnect`
 {"metadata":{"emulator":{"name":"dataconnect"},"message":"E0211 14:42:21.086805    9376 watch.go:40] Failed to load config from \"c:\\\\Users\\\\USUARIO\\\\Documents\\\\tpAngularAPI\\\\dataconnect\": could not find dataconnect.yaml in `c:\\Users\\USUARIO\\Documents\\tpAngularAPI\\dataconnect`\n"}}
[debug] [2026-02-11T17:42:31.086Z] E0211 14:42:31.087148    9376 watch.go:40] Failed to load config from "c:\\Users\\USUARIO\\Documents\\tpAngularAPI\\dataconnect": could not find dataconnect.yaml in `c:\Users\USUARIO\Documents\tpAngularAPI\dataconnect`
 {"metadata":{"emulator":{"name":"dataconnect"},"message":"E0211 14:42:31.087148    9376 watch.go:40] Failed to load config from \"c:\\\\Users\\\\USUARIO\\\\Documents\\\\tpAngularAPI\\\\dataconnect\": could not find dataconnect.yaml in `c:\\Users\\USUARIO\\Documents\\tpAngularAPI\\dataconnect`\n"}}
[debug] [2026-02-11T17:42:41.086Z] E0211 14:42:41.086800    9376 watch.go:40] Failed to load config from "c:\\Users\\USUARIO\\Documents\\tpAngularAPI\\dataconnect": could not find dataconnect.yaml in `c:\Users\USUARIO\Documents\tpAngularAPI\dataconnect`
 {"metadata":{"emulator":{"name":"dataconnect"},"message":"E0211 14:42:41.086800    9376 watch.go:40] Failed to load config from \"c:\\\\Users\\\\USUARIO\\\\Documents\\\\tpAngularAPI\\\\dataconnect\": could not find dataconnect.yaml in `c:\\Users\\USUARIO\\Documents\\tpAngularAPI\\dataconnect`\n"}}
[debug] [2026-02-11T17:42:51.086Z] E0211 14:42:51.086805    9376 watch.go:40] Failed to load config from "c:\\Users\\USUARIO\\Documents\\tpAngularAPI\\dataconnect": could not find dataconnect.yaml in `c:\Users\USUARIO\Documents\tpAngularAPI\dataconnect`
 {"metadata":{"emulator":{"name":"dataconnect"},"message":"E0211 14:42:51.086805    9376 watch.go:40] Failed to load config from \"c:\\\\Users\\\\USUARIO\\\\Documents\\\\tpAngularAPI\\\\dataconnect\": could not find dataconnect.yaml in `c:\\Users\\USUARIO\\Documents\\tpAngularAPI\\dataconnect`\n"}}
[debug] [2026-02-11T17:43:01.086Z] E0211 14:43:01.086603    9376 watch.go:40] Failed to load config from "c:\\Users\\USUARIO\\Documents\\tpAngularAPI\\dataconnect": could not find dataconnect.yaml in `c:\Users\USUARIO\Documents\tpAngularAPI\dataconnect`
 {"metadata":{"emulator":{"name":"dataconnect"},"message":"E0211 14:43:01.086603    9376 watch.go:40] Failed to load config from \"c:\\\\Users\\\\USUARIO\\\\Documents\\\\tpAngularAPI\\\\dataconnect\": could not find dataconnect.yaml in `c:\\Users\\USUARIO\\Documents\\tpAngularAPI\\dataconnect`\n"}}
[debug] [2026-02-11T17:43:11.087Z] E0211 14:43:11.086791    9376 watch.go:40] Failed to load config from "c:\\Users\\USUARIO\\Documents\\tpAngularAPI\\dataconnect": could not find dataconnect.yaml in `c:\Users\USUARIO\Documents\tpAngularAPI\dataconnect`
 {"metadata":{"emulator":{"name":"dataconnect"},"message":"E0211 14:43:11.086791    9376 watch.go:40] Failed to load config from \"c:\\\\Users\\\\USUARIO\\\\Documents\\\\tpAngularAPI\\\\dataconnect\": could not find dataconnect.yaml in `c:\\Users\\USUARIO\\Documents\\tpAngularAPI\\dataconnect`\n"}}
[debug] [2026-02-11T17:43:21.087Z] E0211 14:43:21.086794    9376 watch.go:116] watchAllDir unable to walk dir `c:\Users\USUARIO\Documents\tpAngularAPI\dataconnect`: CreateFile c:\Users\USUARIO\Documents\tpAngularAPI\dataconnect: The system cannot find the file specified.
 {"metadata":{"emulator":{"name":"dataconnect"},"message":"E0211 14:43:21.086794    9376 watch.go:116] watchAllDir unable to walk dir `c:\\Users\\USUARIO\\Documents\\tpAngularAPI\\dataconnect`: CreateFile c:\\Users\\USUARIO\\Documents\\tpAngularAPI\\dataconnect: The system cannot find the file specified.\n"}}
[debug] [2026-02-11T17:43:21.087Z] E0211 14:43:21.086794    9376 watch.go:40] Failed to load config from "c:\\Users\\USUARIO\\Documents\\tpAngularAPI\\dataconnect": could not find dataconnect.yaml in `c:\Users\USUARIO\Documents\tpAngularAPI\dataconnect`
 {"metadata":{"emulator":{"name":"dataconnect"},"message":"E0211 14:43:21.086794    9376 watch.go:40] Failed to load config from \"c:\\\\Users\\\\USUARIO\\\\Documents\\\\tpAngularAPI\\\\dataconnect\": could not find dataconnect.yaml in `c:\\Users\\USUARIO\\Documents\\tpAngularAPI\\dataconnect`\n"}}
[debug] [2026-02-11T17:43:31.088Z] E0211 14:43:31.087399    9376 watch.go:40] Failed to load config from "c:\\Users\\USUARIO\\Documents\\tpAngularAPI\\dataconnect": could not find dataconnect.yaml in `c:\Users\USUARIO\Documents\tpAngularAPI\dataconnect`
 {"metadata":{"emulator":{"name":"dataconnect"},"message":"E0211 14:43:31.087399    9376 watch.go:40] Failed to load config from \"c:\\\\Users\\\\USUARIO\\\\Documents\\\\tpAngularAPI\\\\dataconnect\": could not find dataconnect.yaml in `c:\\Users\\USUARIO\\Documents\\tpAngularAPI\\dataconnect`\n"}}
[debug] [2026-02-11T17:43:41.087Z] E0211 14:43:41.087204    9376 watch.go:40] Failed to load config from "c:\\Users\\USUARIO\\Documents\\tpAngularAPI\\dataconnect": could not find dataconnect.yaml in `c:\Users\USUARIO\Documents\tpAngularAPI\dataconnect`
 {"metadata":{"emulator":{"name":"dataconnect"},"message":"E0211 14:43:41.087204    9376 watch.go:40] Failed to load config from \"c:\\\\Users\\\\USUARIO\\\\Documents\\\\tpAngularAPI\\\\dataconnect\": could not find dataconnect.yaml in `c:\\Users\\USUARIO\\Documents\\tpAngularAPI\\dataconnect`\n"}}
[debug] [2026-02-11T17:43:51.087Z] E0211 14:43:51.086805    9376 watch.go:40] Failed to load config from "c:\\Users\\USUARIO\\Documents\\tpAngularAPI\\dataconnect": could not find dataconnect.yaml in `c:\Users\USUARIO\Documents\tpAngularAPI\dataconnect`
 {"metadata":{"emulator":{"name":"dataconnect"},"message":"E0211 14:43:51.086805    9376 watch.go:40] Failed to load config from \"c:\\\\Users\\\\USUARIO\\\\Documents\\\\tpAngularAPI\\\\dataconnect\": could not find dataconnect.yaml in `c:\\Users\\USUARIO\\Documents\\tpAngularAPI\\dataconnect`\n"}}
[debug] [2026-02-11T17:44:01.087Z] E0211 14:44:01.086827    9376 watch.go:40] Failed to load config from "c:\\Users\\USUARIO\\Documents\\tpAngularAPI\\dataconnect": could not find dataconnect.yaml in `c:\Users\USUARIO\Documents\tpAngularAPI\dataconnect`
 {"metadata":{"emulator":{"name":"dataconnect"},"message":"E0211 14:44:01.086827    9376 watch.go:40] Failed to load config from \"c:\\\\Users\\\\USUARIO\\\\Documents\\\\tpAngularAPI\\\\dataconnect\": could not find dataconnect.yaml in `c:\\Users\\USUARIO\\Documents\\tpAngularAPI\\dataconnect`\n"}}
[debug] [2026-02-11T17:44:11.087Z] E0211 14:44:11.086607    9376 watch.go:40] Failed to load config from "c:\\Users\\USUARIO\\Documents\\tpAngularAPI\\dataconnect": could not find dataconnect.yaml in `c:\Users\USUARIO\Documents\tpAngularAPI\dataconnect`
 {"metadata":{"emulator":{"name":"dataconnect"},"message":"E0211 14:44:11.086607    9376 watch.go:40] Failed to load config from \"c:\\\\Users\\\\USUARIO\\\\Documents\\\\tpAngularAPI\\\\dataconnect\": could not find dataconnect.yaml in `c:\\Users\\USUARIO\\Documents\\tpAngularAPI\\dataconnect`\n"}}
[debug] [2026-02-11T17:44:21.086Z] E0211 14:44:21.086796    9376 watch.go:116] watchAllDir unable to walk dir `c:\Users\USUARIO\Documents\tpAngularAPI\dataconnect`: CreateFile c:\Users\USUARIO\Documents\tpAngularAPI\dataconnect: The system cannot find the file specified.
 {"metadata":{"emulator":{"name":"dataconnect"},"message":"E0211 14:44:21.086796    9376 watch.go:116] watchAllDir unable to walk dir `c:\\Users\\USUARIO\\Documents\\tpAngularAPI\\dataconnect`: CreateFile c:\\Users\\USUARIO\\Documents\\tpAngularAPI\\dataconnect: The system cannot find the file specified.\n"}}
[debug] [2026-02-11T17:44:21.087Z] E0211 14:44:21.086796    9376 watch.go:40] Failed to load config from "c:\\Users\\USUARIO\\Documents\\tpAngularAPI\\dataconnect": could not find dataconnect.yaml in `c:\Users\USUARIO\Documents\tpAngularAPI\dataconnect`
 {"metadata":{"emulator":{"name":"dataconnect"},"message":"E0211 14:44:21.086796    9376 watch.go:40] Failed to load config from \"c:\\\\Users\\\\USUARIO\\\\Documents\\\\tpAngularAPI\\\\dataconnect\": could not find dataconnect.yaml in `c:\\Users\\USUARIO\\Documents\\tpAngularAPI\\dataconnect`\n"}}
[debug] [2026-02-11T17:44:31.087Z] E0211 14:44:31.087390    9376 watch.go:40] Failed to load config from "c:\\Users\\USUARIO\\Documents\\tpAngularAPI\\dataconnect": could not find dataconnect.yaml in `c:\Users\USUARIO\Documents\tpAngularAPI\dataconnect`
 {"metadata":{"emulator":{"name":"dataconnect"},"message":"E0211 14:44:31.087390    9376 watch.go:40] Failed to load config from \"c:\\\\Users\\\\USUARIO\\\\Documents\\\\tpAngularAPI\\\\dataconnect\": could not find dataconnect.yaml in `c:\\Users\\USUARIO\\Documents\\tpAngularAPI\\dataconnect`\n"}}
[debug] [2026-02-11T17:44:41.086Z] E0211 14:44:41.086829    9376 watch.go:40] Failed to load config from "c:\\Users\\USUARIO\\Documents\\tpAngularAPI\\dataconnect": could not find dataconnect.yaml in `c:\Users\USUARIO\Documents\tpAngularAPI\dataconnect`
 {"metadata":{"emulator":{"name":"dataconnect"},"message":"E0211 14:44:41.086829    9376 watch.go:40] Failed to load config from \"c:\\\\Users\\\\USUARIO\\\\Documents\\\\tpAngularAPI\\\\dataconnect\": could not find dataconnect.yaml in `c:\\Users\\USUARIO\\Documents\\tpAngularAPI\\dataconnect`\n"}}
[debug] [2026-02-11T17:44:51.086Z] E0211 14:44:51.086821    9376 watch.go:40] Failed to load config from "c:\\Users\\USUARIO\\Documents\\tpAngularAPI\\dataconnect": could not find dataconnect.yaml in `c:\Users\USUARIO\Documents\tpAngularAPI\dataconnect`
 {"metadata":{"emulator":{"name":"dataconnect"},"message":"E0211 14:44:51.086821    9376 watch.go:40] Failed to load config from \"c:\\\\Users\\\\USUARIO\\\\Documents\\\\tpAngularAPI\\\\dataconnect\": could not find dataconnect.yaml in `c:\\Users\\USUARIO\\Documents\\tpAngularAPI\\dataconnect`\n"}}
[debug] [2026-02-11T17:45:01.086Z] E0211 14:45:01.087032    9376 watch.go:40] Failed to load config from "c:\\Users\\USUARIO\\Documents\\tpAngularAPI\\dataconnect": could not find dataconnect.yaml in `c:\Users\USUARIO\Documents\tpAngularAPI\dataconnect`
 {"metadata":{"emulator":{"name":"dataconnect"},"message":"E0211 14:45:01.087032    9376 watch.go:40] Failed to load config from \"c:\\\\Users\\\\USUARIO\\\\Documents\\\\tpAngularAPI\\\\dataconnect\": could not find dataconnect.yaml in `c:\\Users\\USUARIO\\Documents\\tpAngularAPI\\dataconnect`\n"}}
[debug] [2026-02-11T17:45:11.086Z] E0211 14:45:11.086725    9376 watch.go:40] Failed to load config from "c:\\Users\\USUARIO\\Documents\\tpAngularAPI\\dataconnect": could not find dataconnect.yaml in `c:\Users\USUARIO\Documents\tpAngularAPI\dataconnect`
 {"metadata":{"emulator":{"name":"dataconnect"},"message":"E0211 14:45:11.086725    9376 watch.go:40] Failed to load config from \"c:\\\\Users\\\\USUARIO\\\\Documents\\\\tpAngularAPI\\\\dataconnect\": could not find dataconnect.yaml in `c:\\Users\\USUARIO\\Documents\\tpAngularAPI\\dataconnect`\n"}}
[debug] [2026-02-11T17:45:21.086Z] E0211 14:45:21.086811    9376 watch.go:116] watchAllDir unable to walk dir `c:\Users\USUARIO\Documents\tpAngularAPI\dataconnect`: CreateFile c:\Users\USUARIO\Documents\tpAngularAPI\dataconnect: The system cannot find the file specified.
 {"metadata":{"emulator":{"name":"dataconnect"},"message":"E0211 14:45:21.086811    9376 watch.go:116] watchAllDir unable to walk dir `c:\\Users\\USUARIO\\Documents\\tpAngularAPI\\dataconnect`: CreateFile c:\\Users\\USUARIO\\Documents\\tpAngularAPI\\dataconnect: The system cannot find the file specified.\n"}}
[debug] [2026-02-11T17:45:21.087Z] E0211 14:45:21.086811    9376 watch.go:40] Failed to load config from "c:\\Users\\USUARIO\\Documents\\tpAngularAPI\\dataconnect": could not find dataconnect.yaml in `c:\Users\USUARIO\Documents\tpAngularAPI\dataconnect`
 {"metadata":{"emulator":{"name":"dataconnect"},"message":"E0211 14:45:21.086811    9376 watch.go:40] Failed to load config from \"c:\\\\Users\\\\USUARIO\\\\Documents\\\\tpAngularAPI\\\\dataconnect\": could not find dataconnect.yaml in `c:\\Users\\USUARIO\\Documents\\tpAngularAPI\\dataconnect`\n"}}
[debug] [2026-02-11T17:45:31.087Z] E0211 14:45:31.086904    9376 watch.go:40] Failed to load config from "c:\\Users\\USUARIO\\Documents\\tpAngularAPI\\dataconnect": could not find dataconnect.yaml in `c:\Users\USUARIO\Documents\tpAngularAPI\dataconnect`
 {"metadata":{"emulator":{"name":"dataconnect"},"message":"E0211 14:45:31.086904    9376 watch.go:40] Failed to load config from \"c:\\\\Users\\\\USUARIO\\\\Documents\\\\tpAngularAPI\\\\dataconnect\": could not find dataconnect.yaml in `c:\\Users\\USUARIO\\Documents\\tpAngularAPI\\dataconnect`\n"}}
[debug] [2026-02-11T17:45:41.086Z] E0211 14:45:41.086598    9376 watch.go:40] Failed to load config from "c:\\Users\\USUARIO\\Documents\\tpAngularAPI\\dataconnect": could not find dataconnect.yaml in `c:\Users\USUARIO\Documents\tpAngularAPI\dataconnect`
 {"metadata":{"emulator":{"name":"dataconnect"},"message":"E0211 14:45:41.086598    9376 watch.go:40] Failed to load config from \"c:\\\\Users\\\\USUARIO\\\\Documents\\\\tpAngularAPI\\\\dataconnect\": could not find dataconnect.yaml in `c:\\Users\\USUARIO\\Documents\\tpAngularAPI\\dataconnect`\n"}}
[debug] [2026-02-11T17:45:51.086Z] E0211 14:45:51.086593    9376 watch.go:40] Failed to load config from "c:\\Users\\USUARIO\\Documents\\tpAngularAPI\\dataconnect": could not find dataconnect.yaml in `c:\Users\USUARIO\Documents\tpAngularAPI\dataconnect`
 {"metadata":{"emulator":{"name":"dataconnect"},"message":"E0211 14:45:51.086593    9376 watch.go:40] Failed to load config from \"c:\\\\Users\\\\USUARIO\\\\Documents\\\\tpAngularAPI\\\\dataconnect\": could not find dataconnect.yaml in `c:\\Users\\USUARIO\\Documents\\tpAngularAPI\\dataconnect`\n"}}
[debug] [2026-02-11T17:46:01.087Z] E0211 14:46:01.086809    9376 watch.go:40] Failed to load config from "c:\\Users\\USUARIO\\Documents\\tpAngularAPI\\dataconnect": could not find dataconnect.yaml in `c:\Users\USUARIO\Documents\tpAngularAPI\dataconnect`
 {"metadata":{"emulator":{"name":"dataconnect"},"message":"E0211 14:46:01.086809    9376 watch.go:40] Failed to load config from \"c:\\\\Users\\\\USUARIO\\\\Documents\\\\tpAngularAPI\\\\dataconnect\": could not find dataconnect.yaml in `c:\\Users\\USUARIO\\Documents\\tpAngularAPI\\dataconnect`\n"}}
[debug] [2026-02-11T17:46:11.086Z] E0211 14:46:11.086663    9376 watch.go:40] Failed to load config from "c:\\Users\\USUARIO\\Documents\\tpAngularAPI\\dataconnect": could not find dataconnect.yaml in `c:\Users\USUARIO\Documents\tpAngularAPI\dataconnect`
 {"metadata":{"emulator":{"name":"dataconnect"},"message":"E0211 14:46:11.086663    9376 watch.go:40] Failed to load config from \"c:\\\\Users\\\\USUARIO\\\\Documents\\\\tpAngularAPI\\\\dataconnect\": could not find dataconnect.yaml in `c:\\Users\\USUARIO\\Documents\\tpAngularAPI\\dataconnect`\n"}}
[debug] [2026-02-11T17:46:21.086Z] E0211 14:46:21.086809    9376 watch.go:116] watchAllDir unable to walk dir `c:\Users\USUARIO\Documents\tpAngularAPI\dataconnect`: CreateFile c:\Users\USUARIO\Documents\tpAngularAPI\dataconnect: The system cannot find the file specified.
 {"metadata":{"emulator":{"name":"dataconnect"},"message":"E0211 14:46:21.086809    9376 watch.go:116] watchAllDir unable to walk dir `c:\\Users\\USUARIO\\Documents\\tpAngularAPI\\dataconnect`: CreateFile c:\\Users\\USUARIO\\Documents\\tpAngularAPI\\dataconnect: The system cannot find the file specified.\n"}}
[debug] [2026-02-11T17:46:21.089Z] E0211 14:46:21.088846    9376 watch.go:40] Failed to load config from "c:\\Users\\USUARIO\\Documents\\tpAngularAPI\\dataconnect": could not find dataconnect.yaml in `c:\Users\USUARIO\Documents\tpAngularAPI\dataconnect`
 {"metadata":{"emulator":{"name":"dataconnect"},"message":"E0211 14:46:21.088846    9376 watch.go:40] Failed to load config from \"c:\\\\Users\\\\USUARIO\\\\Documents\\\\tpAngularAPI\\\\dataconnect\": could not find dataconnect.yaml in `c:\\Users\\USUARIO\\Documents\\tpAngularAPI\\dataconnect`\n"}}
[debug] [2026-02-11T17:46:31.086Z] E0211 14:46:31.086530    9376 watch.go:40] Failed to load config from "c:\\Users\\USUARIO\\Documents\\tpAngularAPI\\dataconnect": could not find dataconnect.yaml in `c:\Users\USUARIO\Documents\tpAngularAPI\dataconnect`
 {"metadata":{"emulator":{"name":"dataconnect"},"message":"E0211 14:46:31.086530    9376 watch.go:40] Failed to load config from \"c:\\\\Users\\\\USUARIO\\\\Documents\\\\tpAngularAPI\\\\dataconnect\": could not find dataconnect.yaml in `c:\\Users\\USUARIO\\Documents\\tpAngularAPI\\dataconnect`\n"}}
[debug] [2026-02-11T17:46:41.086Z] E0211 14:46:41.086799    9376 watch.go:40] Failed to load config from "c:\\Users\\USUARIO\\Documents\\tpAngularAPI\\dataconnect": could not find dataconnect.yaml in `c:\Users\USUARIO\Documents\tpAngularAPI\dataconnect`
 {"metadata":{"emulator":{"name":"dataconnect"},"message":"E0211 14:46:41.086799    9376 watch.go:40] Failed to load config from \"c:\\\\Users\\\\USUARIO\\\\Documents\\\\tpAngularAPI\\\\dataconnect\": could not find dataconnect.yaml in `c:\\Users\\USUARIO\\Documents\\tpAngularAPI\\dataconnect`\n"}}
[debug] [2026-02-11T17:46:51.086Z] E0211 14:46:51.086799    9376 watch.go:40] Failed to load config from "c:\\Users\\USUARIO\\Documents\\tpAngularAPI\\dataconnect": could not find dataconnect.yaml in `c:\Users\USUARIO\Documents\tpAngularAPI\dataconnect`
 {"metadata":{"emulator":{"name":"dataconnect"},"message":"E0211 14:46:51.086799    9376 watch.go:40] Failed to load config from \"c:\\\\Users\\\\USUARIO\\\\Documents\\\\tpAngularAPI\\\\dataconnect\": could not find dataconnect.yaml in `c:\\Users\\USUARIO\\Documents\\tpAngularAPI\\dataconnect`\n"}}
[debug] [2026-02-11T17:47:01.086Z] E0211 14:47:01.086639    9376 watch.go:40] Failed to load config from "c:\\Users\\USUARIO\\Documents\\tpAngularAPI\\dataconnect": could not find dataconnect.yaml in `c:\Users\USUARIO\Documents\tpAngularAPI\dataconnect`
 {"metadata":{"emulator":{"name":"dataconnect"},"message":"E0211 14:47:01.086639    9376 watch.go:40] Failed to load config from \"c:\\\\Users\\\\USUARIO\\\\Documents\\\\tpAngularAPI\\\\dataconnect\": could not find dataconnect.yaml in `c:\\Users\\USUARIO\\Documents\\tpAngularAPI\\dataconnect`\n"}}
[debug] [2026-02-11T17:47:11.086Z] E0211 14:47:11.086573    9376 watch.go:40] Failed to load config from "c:\\Users\\USUARIO\\Documents\\tpAngularAPI\\dataconnect": could not find dataconnect.yaml in `c:\Users\USUARIO\Documents\tpAngularAPI\dataconnect`
 {"metadata":{"emulator":{"name":"dataconnect"},"message":"E0211 14:47:11.086573    9376 watch.go:40] Failed to load config from \"c:\\\\Users\\\\USUARIO\\\\Documents\\\\tpAngularAPI\\\\dataconnect\": could not find dataconnect.yaml in `c:\\Users\\USUARIO\\Documents\\tpAngularAPI\\dataconnect`\n"}}
[debug] [2026-02-11T17:47:21.086Z] E0211 14:47:21.086790    9376 watch.go:116] watchAllDir unable to walk dir `c:\Users\USUARIO\Documents\tpAngularAPI\dataconnect`: CreateFile c:\Users\USUARIO\Documents\tpAngularAPI\dataconnect: The system cannot find the file specified.
 {"metadata":{"emulator":{"name":"dataconnect"},"message":"E0211 14:47:21.086790    9376 watch.go:116] watchAllDir unable to walk dir `c:\\Users\\USUARIO\\Documents\\tpAngularAPI\\dataconnect`: CreateFile c:\\Users\\USUARIO\\Documents\\tpAngularAPI\\dataconnect: The system cannot find the file specified.\n"}}
[debug] [2026-02-11T17:47:21.088Z] E0211 14:47:21.086790    9376 watch.go:40] Failed to load config from "c:\\Users\\USUARIO\\Documents\\tpAngularAPI\\dataconnect": could not find dataconnect.yaml in `c:\Users\USUARIO\Documents\tpAngularAPI\dataconnect`
 {"metadata":{"emulator":{"name":"dataconnect"},"message":"E0211 14:47:21.086790    9376 watch.go:40] Failed to load config from \"c:\\\\Users\\\\USUARIO\\\\Documents\\\\tpAngularAPI\\\\dataconnect\": could not find dataconnect.yaml in `c:\\Users\\USUARIO\\Documents\\tpAngularAPI\\dataconnect`\n"}}
[debug] [2026-02-11T17:47:31.087Z] E0211 14:47:31.087357    9376 watch.go:40] Failed to load config from "c:\\Users\\USUARIO\\Documents\\tpAngularAPI\\dataconnect": could not find dataconnect.yaml in `c:\Users\USUARIO\Documents\tpAngularAPI\dataconnect`
 {"metadata":{"emulator":{"name":"dataconnect"},"message":"E0211 14:47:31.087357    9376 watch.go:40] Failed to load config from \"c:\\\\Users\\\\USUARIO\\\\Documents\\\\tpAngularAPI\\\\dataconnect\": could not find dataconnect.yaml in `c:\\Users\\USUARIO\\Documents\\tpAngularAPI\\dataconnect`\n"}}
[debug] [2026-02-11T17:47:41.087Z] E0211 14:47:41.086822    9376 watch.go:40] Failed to load config from "c:\\Users\\USUARIO\\Documents\\tpAngularAPI\\dataconnect": could not find dataconnect.yaml in `c:\Users\USUARIO\Documents\tpAngularAPI\dataconnect`
 {"metadata":{"emulator":{"name":"dataconnect"},"message":"E0211 14:47:41.086822    9376 watch.go:40] Failed to load config from \"c:\\\\Users\\\\USUARIO\\\\Documents\\\\tpAngularAPI\\\\dataconnect\": could not find dataconnect.yaml in `c:\\Users\\USUARIO\\Documents\\tpAngularAPI\\dataconnect`\n"}}
[debug] [2026-02-11T17:47:51.087Z] E0211 14:47:51.086882    9376 watch.go:40] Failed to load config from "c:\\Users\\USUARIO\\Documents\\tpAngularAPI\\dataconnect": could not find dataconnect.yaml in `c:\Users\USUARIO\Documents\tpAngularAPI\dataconnect`
 {"metadata":{"emulator":{"name":"dataconnect"},"message":"E0211 14:47:51.086882    9376 watch.go:40] Failed to load config from \"c:\\\\Users\\\\USUARIO\\\\Documents\\\\tpAngularAPI\\\\dataconnect\": could not find dataconnect.yaml in `c:\\Users\\USUARIO\\Documents\\tpAngularAPI\\dataconnect`\n"}}
[debug] [2026-02-11T17:48:01.087Z] E0211 14:48:01.086659    9376 watch.go:40] Failed to load config from "c:\\Users\\USUARIO\\Documents\\tpAngularAPI\\dataconnect": could not find dataconnect.yaml in `c:\Users\USUARIO\Documents\tpAngularAPI\dataconnect`
 {"metadata":{"emulator":{"name":"dataconnect"},"message":"E0211 14:48:01.086659    9376 watch.go:40] Failed to load config from \"c:\\\\Users\\\\USUARIO\\\\Documents\\\\tpAngularAPI\\\\dataconnect\": could not find dataconnect.yaml in `c:\\Users\\USUARIO\\Documents\\tpAngularAPI\\dataconnect`\n"}}
[debug] [2026-02-11T17:48:11.087Z] E0211 14:48:11.086808    9376 watch.go:40] Failed to load config from "c:\\Users\\USUARIO\\Documents\\tpAngularAPI\\dataconnect": could not find dataconnect.yaml in `c:\Users\USUARIO\Documents\tpAngularAPI\dataconnect`
 {"metadata":{"emulator":{"name":"dataconnect"},"message":"E0211 14:48:11.086808    9376 watch.go:40] Failed to load config from \"c:\\\\Users\\\\USUARIO\\\\Documents\\\\tpAngularAPI\\\\dataconnect\": could not find dataconnect.yaml in `c:\\Users\\USUARIO\\Documents\\tpAngularAPI\\dataconnect`\n"}}
[debug] [2026-02-11T17:48:21.087Z] E0211 14:48:21.087072    9376 watch.go:116] watchAllDir unable to walk dir `c:\Users\USUARIO\Documents\tpAngularAPI\dataconnect`: CreateFile c:\Users\USUARIO\Documents\tpAngularAPI\dataconnect: The system cannot find the file specified.
 {"metadata":{"emulator":{"name":"dataconnect"},"message":"E0211 14:48:21.087072    9376 watch.go:116] watchAllDir unable to walk dir `c:\\Users\\USUARIO\\Documents\\tpAngularAPI\\dataconnect`: CreateFile c:\\Users\\USUARIO\\Documents\\tpAngularAPI\\dataconnect: The system cannot find the file specified.\n"}}
[debug] [2026-02-11T17:48:21.088Z] E0211 14:48:21.087072    9376 watch.go:40] Failed to load config from "c:\\Users\\USUARIO\\Documents\\tpAngularAPI\\dataconnect": could not find dataconnect.yaml in `c:\Users\USUARIO\Documents\tpAngularAPI\dataconnect`
 {"metadata":{"emulator":{"name":"dataconnect"},"message":"E0211 14:48:21.087072    9376 watch.go:40] Failed to load config from \"c:\\\\Users\\\\USUARIO\\\\Documents\\\\tpAngularAPI\\\\dataconnect\": could not find dataconnect.yaml in `c:\\Users\\USUARIO\\Documents\\tpAngularAPI\\dataconnect`\n"}}
[debug] [2026-02-11T17:48:31.088Z] E0211 14:48:31.088078    9376 watch.go:40] Failed to load config from "c:\\Users\\USUARIO\\Documents\\tpAngularAPI\\dataconnect": could not find dataconnect.yaml in `c:\Users\USUARIO\Documents\tpAngularAPI\dataconnect`
 {"metadata":{"emulator":{"name":"dataconnect"},"message":"E0211 14:48:31.088078    9376 watch.go:40] Failed to load config from \"c:\\\\Users\\\\USUARIO\\\\Documents\\\\tpAngularAPI\\\\dataconnect\": could not find dataconnect.yaml in `c:\\Users\\USUARIO\\Documents\\tpAngularAPI\\dataconnect`\n"}}
[debug] [2026-02-11T17:48:41.087Z] E0211 14:48:41.086799    9376 watch.go:40] Failed to load config from "c:\\Users\\USUARIO\\Documents\\tpAngularAPI\\dataconnect": could not find dataconnect.yaml in `c:\Users\USUARIO\Documents\tpAngularAPI\dataconnect`
 {"metadata":{"emulator":{"name":"dataconnect"},"message":"E0211 14:48:41.086799    9376 watch.go:40] Failed to load config from \"c:\\\\Users\\\\USUARIO\\\\Documents\\\\tpAngularAPI\\\\dataconnect\": could not find dataconnect.yaml in `c:\\Users\\USUARIO\\Documents\\tpAngularAPI\\dataconnect`\n"}}
[debug] [2026-02-11T17:48:51.087Z] E0211 14:48:51.086816    9376 watch.go:40] Failed to load config from "c:\\Users\\USUARIO\\Documents\\tpAngularAPI\\dataconnect": could not find dataconnect.yaml in `c:\Users\USUARIO\Documents\tpAngularAPI\dataconnect`
 {"metadata":{"emulator":{"name":"dataconnect"},"message":"E0211 14:48:51.086816    9376 watch.go:40] Failed to load config from \"c:\\\\Users\\\\USUARIO\\\\Documents\\\\tpAngularAPI\\\\dataconnect\": could not find dataconnect.yaml in `c:\\Users\\USUARIO\\Documents\\tpAngularAPI\\dataconnect`\n"}}
[debug] [2026-02-11T17:49:01.087Z] E0211 14:49:01.086963    9376 watch.go:40] Failed to load config from "c:\\Users\\USUARIO\\Documents\\tpAngularAPI\\dataconnect": could not find dataconnect.yaml in `c:\Users\USUARIO\Documents\tpAngularAPI\dataconnect`
 {"metadata":{"emulator":{"name":"dataconnect"},"message":"E0211 14:49:01.086963    9376 watch.go:40] Failed to load config from \"c:\\\\Users\\\\USUARIO\\\\Documents\\\\tpAngularAPI\\\\dataconnect\": could not find dataconnect.yaml in `c:\\Users\\USUARIO\\Documents\\tpAngularAPI\\dataconnect`\n"}}
[debug] [2026-02-11T17:49:11.087Z] E0211 14:49:11.086824    9376 watch.go:40] Failed to load config from "c:\\Users\\USUARIO\\Documents\\tpAngularAPI\\dataconnect": could not find dataconnect.yaml in `c:\Users\USUARIO\Documents\tpAngularAPI\dataconnect`
 {"metadata":{"emulator":{"name":"dataconnect"},"message":"E0211 14:49:11.086824    9376 watch.go:40] Failed to load config from \"c:\\\\Users\\\\USUARIO\\\\Documents\\\\tpAngularAPI\\\\dataconnect\": could not find dataconnect.yaml in `c:\\Users\\USUARIO\\Documents\\tpAngularAPI\\dataconnect`\n"}}
[debug] [2026-02-11T17:49:21.087Z] E0211 14:49:21.086735    9376 watch.go:116] watchAllDir unable to walk dir `c:\Users\USUARIO\Documents\tpAngularAPI\dataconnect`: CreateFile c:\Users\USUARIO\Documents\tpAngularAPI\dataconnect: The system cannot find the file specified.
 {"metadata":{"emulator":{"name":"dataconnect"},"message":"E0211 14:49:21.086735    9376 watch.go:116] watchAllDir unable to walk dir `c:\\Users\\USUARIO\\Documents\\tpAngularAPI\\dataconnect`: CreateFile c:\\Users\\USUARIO\\Documents\\tpAngularAPI\\dataconnect: The system cannot find the file specified.\n"}}
[debug] [2026-02-11T17:49:21.087Z] E0211 14:49:21.086735    9376 watch.go:40] Failed to load config from "c:\\Users\\USUARIO\\Documents\\tpAngularAPI\\dataconnect": could not find dataconnect.yaml in `c:\Users\USUARIO\Documents\tpAngularAPI\dataconnect`
 {"metadata":{"emulator":{"name":"dataconnect"},"message":"E0211 14:49:21.086735    9376 watch.go:40] Failed to load config from \"c:\\\\Users\\\\USUARIO\\\\Documents\\\\tpAngularAPI\\\\dataconnect\": could not find dataconnect.yaml in `c:\\Users\\USUARIO\\Documents\\tpAngularAPI\\dataconnect`\n"}}
[debug] [2026-02-11T17:49:31.087Z] E0211 14:49:31.086788    9376 watch.go:40] Failed to load config from "c:\\Users\\USUARIO\\Documents\\tpAngularAPI\\dataconnect": could not find dataconnect.yaml in `c:\Users\USUARIO\Documents\tpAngularAPI\dataconnect`
 {"metadata":{"emulator":{"name":"dataconnect"},"message":"E0211 14:49:31.086788    9376 watch.go:40] Failed to load config from \"c:\\\\Users\\\\USUARIO\\\\Documents\\\\tpAngularAPI\\\\dataconnect\": could not find dataconnect.yaml in `c:\\Users\\USUARIO\\Documents\\tpAngularAPI\\dataconnect`\n"}}
[debug] [2026-02-11T17:49:41.086Z] E0211 14:49:41.086644    9376 watch.go:40] Failed to load config from "c:\\Users\\USUARIO\\Documents\\tpAngularAPI\\dataconnect": could not find dataconnect.yaml in `c:\Users\USUARIO\Documents\tpAngularAPI\dataconnect`
 {"metadata":{"emulator":{"name":"dataconnect"},"message":"E0211 14:49:41.086644    9376 watch.go:40] Failed to load config from \"c:\\\\Users\\\\USUARIO\\\\Documents\\\\tpAngularAPI\\\\dataconnect\": could not find dataconnect.yaml in `c:\\Users\\USUARIO\\Documents\\tpAngularAPI\\dataconnect`\n"}}
[debug] [2026-02-11T17:49:51.087Z] E0211 14:49:51.086819    9376 watch.go:40] Failed to load config from "c:\\Users\\USUARIO\\Documents\\tpAngularAPI\\dataconnect": could not find dataconnect.yaml in `c:\Users\USUARIO\Documents\tpAngularAPI\dataconnect`
 {"metadata":{"emulator":{"name":"dataconnect"},"message":"E0211 14:49:51.086819    9376 watch.go:40] Failed to load config from \"c:\\\\Users\\\\USUARIO\\\\Documents\\\\tpAngularAPI\\\\dataconnect\": could not find dataconnect.yaml in `c:\\Users\\USUARIO\\Documents\\tpAngularAPI\\dataconnect`\n"}}
[debug] [2026-02-11T17:50:01.087Z] E0211 14:50:01.086883    9376 watch.go:40] Failed to load config from "c:\\Users\\USUARIO\\Documents\\tpAngularAPI\\dataconnect": could not find dataconnect.yaml in `c:\Users\USUARIO\Documents\tpAngularAPI\dataconnect`
 {"metadata":{"emulator":{"name":"dataconnect"},"message":"E0211 14:50:01.086883    9376 watch.go:40] Failed to load config from \"c:\\\\Users\\\\USUARIO\\\\Documents\\\\tpAngularAPI\\\\dataconnect\": could not find dataconnect.yaml in `c:\\Users\\USUARIO\\Documents\\tpAngularAPI\\dataconnect`\n"}}
[debug] [2026-02-11T17:50:11.087Z] E0211 14:50:11.086827    9376 watch.go:40] Failed to load config from "c:\\Users\\USUARIO\\Documents\\tpAngularAPI\\dataconnect": could not find dataconnect.yaml in `c:\Users\USUARIO\Documents\tpAngularAPI\dataconnect`
 {"metadata":{"emulator":{"name":"dataconnect"},"message":"E0211 14:50:11.086827    9376 watch.go:40] Failed to load config from \"c:\\\\Users\\\\USUARIO\\\\Documents\\\\tpAngularAPI\\\\dataconnect\": could not find dataconnect.yaml in `c:\\Users\\USUARIO\\Documents\\tpAngularAPI\\dataconnect`\n"}}
[debug] [2026-02-11T17:50:21.087Z] E0211 14:50:21.087013    9376 watch.go:116] watchAllDir unable to walk dir `c:\Users\USUARIO\Documents\tpAngularAPI\dataconnect`: CreateFile c:\Users\USUARIO\Documents\tpAngularAPI\dataconnect: The system cannot find the file specified.
 {"metadata":{"emulator":{"name":"dataconnect"},"message":"E0211 14:50:21.087013    9376 watch.go:116] watchAllDir unable to walk dir `c:\\Users\\USUARIO\\Documents\\tpAngularAPI\\dataconnect`: CreateFile c:\\Users\\USUARIO\\Documents\\tpAngularAPI\\dataconnect: The system cannot find the file specified.\n"}}
[debug] [2026-02-11T17:50:21.087Z] E0211 14:50:21.087013    9376 watch.go:40] Failed to load config from "c:\\Users\\USUARIO\\Documents\\tpAngularAPI\\dataconnect": could not find dataconnect.yaml in `c:\Users\USUARIO\Documents\tpAngularAPI\dataconnect`
 {"metadata":{"emulator":{"name":"dataconnect"},"message":"E0211 14:50:21.087013    9376 watch.go:40] Failed to load config from \"c:\\\\Users\\\\USUARIO\\\\Documents\\\\tpAngularAPI\\\\dataconnect\": could not find dataconnect.yaml in `c:\\Users\\USUARIO\\Documents\\tpAngularAPI\\dataconnect`\n"}}
[debug] [2026-02-11T17:50:31.086Z] E0211 14:50:31.086781    9376 watch.go:40] Failed to load config from "c:\\Users\\USUARIO\\Documents\\tpAngularAPI\\dataconnect": could not find dataconnect.yaml in `c:\Users\USUARIO\Documents\tpAngularAPI\dataconnect`
 {"metadata":{"emulator":{"name":"dataconnect"},"message":"E0211 14:50:31.086781    9376 watch.go:40] Failed to load config from \"c:\\\\Users\\\\USUARIO\\\\Documents\\\\tpAngularAPI\\\\dataconnect\": could not find dataconnect.yaml in `c:\\Users\\USUARIO\\Documents\\tpAngularAPI\\dataconnect`\n"}}
[debug] [2026-02-11T17:50:41.088Z] E0211 14:50:41.088583    9376 watch.go:40] Failed to load config from "c:\\Users\\USUARIO\\Documents\\tpAngularAPI\\dataconnect": could not find dataconnect.yaml in `c:\Users\USUARIO\Documents\tpAngularAPI\dataconnect`
 {"metadata":{"emulator":{"name":"dataconnect"},"message":"E0211 14:50:41.088583    9376 watch.go:40] Failed to load config from \"c:\\\\Users\\\\USUARIO\\\\Documents\\\\tpAngularAPI\\\\dataconnect\": could not find dataconnect.yaml in `c:\\Users\\USUARIO\\Documents\\tpAngularAPI\\dataconnect`\n"}}
[debug] [2026-02-11T17:50:51.086Z] E0211 14:50:51.086594    9376 watch.go:40] Failed to load config from "c:\\Users\\USUARIO\\Documents\\tpAngularAPI\\dataconnect": could not find dataconnect.yaml in `c:\Users\USUARIO\Documents\tpAngularAPI\dataconnect`
 {"metadata":{"emulator":{"name":"dataconnect"},"message":"E0211 14:50:51.086594    9376 watch.go:40] Failed to load config from \"c:\\\\Users\\\\USUARIO\\\\Documents\\\\tpAngularAPI\\\\dataconnect\": could not find dataconnect.yaml in `c:\\Users\\USUARIO\\Documents\\tpAngularAPI\\dataconnect`\n"}}
[debug] [2026-02-11T17:51:01.086Z] E0211 14:51:01.086569    9376 watch.go:40] Failed to load config from "c:\\Users\\USUARIO\\Documents\\tpAngularAPI\\dataconnect": could not find dataconnect.yaml in `c:\Users\USUARIO\Documents\tpAngularAPI\dataconnect`
 {"metadata":{"emulator":{"name":"dataconnect"},"message":"E0211 14:51:01.086569    9376 watch.go:40] Failed to load config from \"c:\\\\Users\\\\USUARIO\\\\Documents\\\\tpAngularAPI\\\\dataconnect\": could not find dataconnect.yaml in `c:\\Users\\USUARIO\\Documents\\tpAngularAPI\\dataconnect`\n"}}
[debug] [2026-02-11T17:51:11.086Z] E0211 14:51:11.086798    9376 watch.go:40] Failed to load config from "c:\\Users\\USUARIO\\Documents\\tpAngularAPI\\dataconnect": could not find dataconnect.yaml in `c:\Users\USUARIO\Documents\tpAngularAPI\dataconnect`
 {"metadata":{"emulator":{"name":"dataconnect"},"message":"E0211 14:51:11.086798    9376 watch.go:40] Failed to load config from \"c:\\\\Users\\\\USUARIO\\\\Documents\\\\tpAngularAPI\\\\dataconnect\": could not find dataconnect.yaml in `c:\\Users\\USUARIO\\Documents\\tpAngularAPI\\dataconnect`\n"}}
[debug] [2026-02-11T17:51:21.086Z] E0211 14:51:21.086822    9376 watch.go:116] watchAllDir unable to walk dir `c:\Users\USUARIO\Documents\tpAngularAPI\dataconnect`: CreateFile c:\Users\USUARIO\Documents\tpAngularAPI\dataconnect: The system cannot find the file specified.
 {"metadata":{"emulator":{"name":"dataconnect"},"message":"E0211 14:51:21.086822    9376 watch.go:116] watchAllDir unable to walk dir `c:\\Users\\USUARIO\\Documents\\tpAngularAPI\\dataconnect`: CreateFile c:\\Users\\USUARIO\\Documents\\tpAngularAPI\\dataconnect: The system cannot find the file specified.\n"}}
[debug] [2026-02-11T17:51:21.087Z] E0211 14:51:21.086822    9376 watch.go:40] Failed to load config from "c:\\Users\\USUARIO\\Documents\\tpAngularAPI\\dataconnect": could not find dataconnect.yaml in `c:\Users\USUARIO\Documents\tpAngularAPI\dataconnect`
 {"metadata":{"emulator":{"name":"dataconnect"},"message":"E0211 14:51:21.086822    9376 watch.go:40] Failed to load config from \"c:\\\\Users\\\\USUARIO\\\\Documents\\\\tpAngularAPI\\\\dataconnect\": could not find dataconnect.yaml in `c:\\Users\\USUARIO\\Documents\\tpAngularAPI\\dataconnect`\n"}}
[debug] [2026-02-11T17:51:31.087Z] E0211 14:51:31.087342    9376 watch.go:40] Failed to load config from "c:\\Users\\USUARIO\\Documents\\tpAngularAPI\\dataconnect": could not find dataconnect.yaml in `c:\Users\USUARIO\Documents\tpAngularAPI\dataconnect`
 {"metadata":{"emulator":{"name":"dataconnect"},"message":"E0211 14:51:31.087342    9376 watch.go:40] Failed to load config from \"c:\\\\Users\\\\USUARIO\\\\Documents\\\\tpAngularAPI\\\\dataconnect\": could not find dataconnect.yaml in `c:\\Users\\USUARIO\\Documents\\tpAngularAPI\\dataconnect`\n"}}
[debug] [2026-02-11T17:51:41.087Z] E0211 14:51:41.086828    9376 watch.go:40] Failed to load config from "c:\\Users\\USUARIO\\Documents\\tpAngularAPI\\dataconnect": could not find dataconnect.yaml in `c:\Users\USUARIO\Documents\tpAngularAPI\dataconnect`
 {"metadata":{"emulator":{"name":"dataconnect"},"message":"E0211 14:51:41.086828    9376 watch.go:40] Failed to load config from \"c:\\\\Users\\\\USUARIO\\\\Documents\\\\tpAngularAPI\\\\dataconnect\": could not find dataconnect.yaml in `c:\\Users\\USUARIO\\Documents\\tpAngularAPI\\dataconnect`\n"}}
[debug] [2026-02-11T17:51:51.087Z] E0211 14:51:51.086815    9376 watch.go:40] Failed to load config from "c:\\Users\\USUARIO\\Documents\\tpAngularAPI\\dataconnect": could not find dataconnect.yaml in `c:\Users\USUARIO\Documents\tpAngularAPI\dataconnect`
 {"metadata":{"emulator":{"name":"dataconnect"},"message":"E0211 14:51:51.086815    9376 watch.go:40] Failed to load config from \"c:\\\\Users\\\\USUARIO\\\\Documents\\\\tpAngularAPI\\\\dataconnect\": could not find dataconnect.yaml in `c:\\Users\\USUARIO\\Documents\\tpAngularAPI\\dataconnect`\n"}}
[debug] [2026-02-11T17:52:01.087Z] E0211 14:52:01.086788    9376 watch.go:40] Failed to load config from "c:\\Users\\USUARIO\\Documents\\tpAngularAPI\\dataconnect": could not find dataconnect.yaml in `c:\Users\USUARIO\Documents\tpAngularAPI\dataconnect`
 {"metadata":{"emulator":{"name":"dataconnect"},"message":"E0211 14:52:01.086788    9376 watch.go:40] Failed to load config from \"c:\\\\Users\\\\USUARIO\\\\Documents\\\\tpAngularAPI\\\\dataconnect\": could not find dataconnect.yaml in `c:\\Users\\USUARIO\\Documents\\tpAngularAPI\\dataconnect`\n"}}
[debug] [2026-02-11T17:52:11.087Z] E0211 14:52:11.087439    9376 watch.go:40] Failed to load config from "c:\\Users\\USUARIO\\Documents\\tpAngularAPI\\dataconnect": could not find dataconnect.yaml in `c:\Users\USUARIO\Documents\tpAngularAPI\dataconnect`
 {"metadata":{"emulator":{"name":"dataconnect"},"message":"E0211 14:52:11.087439    9376 watch.go:40] Failed to load config from \"c:\\\\Users\\\\USUARIO\\\\Documents\\\\tpAngularAPI\\\\dataconnect\": could not find dataconnect.yaml in `c:\\Users\\USUARIO\\Documents\\tpAngularAPI\\dataconnect`\n"}}
[debug] [2026-02-11T17:52:21.086Z] E0211 14:52:21.086564    9376 watch.go:116] watchAllDir unable to walk dir `c:\Users\USUARIO\Documents\tpAngularAPI\dataconnect`: CreateFile c:\Users\USUARIO\Documents\tpAngularAPI\dataconnect: The system cannot find the file specified.
 {"metadata":{"emulator":{"name":"dataconnect"},"message":"E0211 14:52:21.086564    9376 watch.go:116] watchAllDir unable to walk dir `c:\\Users\\USUARIO\\Documents\\tpAngularAPI\\dataconnect`: CreateFile c:\\Users\\USUARIO\\Documents\\tpAngularAPI\\dataconnect: The system cannot find the file specified.\n"}}
[debug] [2026-02-11T17:52:21.087Z] E0211 14:52:21.086564    9376 watch.go:40] Failed to load config from "c:\\Users\\USUARIO\\Documents\\tpAngularAPI\\dataconnect": could not find dataconnect.yaml in `c:\Users\USUARIO\Documents\tpAngularAPI\dataconnect`
 {"metadata":{"emulator":{"name":"dataconnect"},"message":"E0211 14:52:21.086564    9376 watch.go:40] Failed to load config from \"c:\\\\Users\\\\USUARIO\\\\Documents\\\\tpAngularAPI\\\\dataconnect\": could not find dataconnect.yaml in `c:\\Users\\USUARIO\\Documents\\tpAngularAPI\\dataconnect`\n"}}
[debug] [2026-02-11T17:52:31.087Z] E0211 14:52:31.087186    9376 watch.go:40] Failed to load config from "c:\\Users\\USUARIO\\Documents\\tpAngularAPI\\dataconnect": could not find dataconnect.yaml in `c:\Users\USUARIO\Documents\tpAngularAPI\dataconnect`
 {"metadata":{"emulator":{"name":"dataconnect"},"message":"E0211 14:52:31.087186    9376 watch.go:40] Failed to load config from \"c:\\\\Users\\\\USUARIO\\\\Documents\\\\tpAngularAPI\\\\dataconnect\": could not find dataconnect.yaml in `c:\\Users\\USUARIO\\Documents\\tpAngularAPI\\dataconnect`\n"}}
[debug] [2026-02-11T17:52:41.086Z] E0211 14:52:41.086566    9376 watch.go:40] Failed to load config from "c:\\Users\\USUARIO\\Documents\\tpAngularAPI\\dataconnect": could not find dataconnect.yaml in `c:\Users\USUARIO\Documents\tpAngularAPI\dataconnect`
 {"metadata":{"emulator":{"name":"dataconnect"},"message":"E0211 14:52:41.086566    9376 watch.go:40] Failed to load config from \"c:\\\\Users\\\\USUARIO\\\\Documents\\\\tpAngularAPI\\\\dataconnect\": could not find dataconnect.yaml in `c:\\Users\\USUARIO\\Documents\\tpAngularAPI\\dataconnect`\n"}}
[debug] [2026-02-11T17:52:51.086Z] E0211 14:52:51.086796    9376 watch.go:40] Failed to load config from "c:\\Users\\USUARIO\\Documents\\tpAngularAPI\\dataconnect": could not find dataconnect.yaml in `c:\Users\USUARIO\Documents\tpAngularAPI\dataconnect`
 {"metadata":{"emulator":{"name":"dataconnect"},"message":"E0211 14:52:51.086796    9376 watch.go:40] Failed to load config from \"c:\\\\Users\\\\USUARIO\\\\Documents\\\\tpAngularAPI\\\\dataconnect\": could not find dataconnect.yaml in `c:\\Users\\USUARIO\\Documents\\tpAngularAPI\\dataconnect`\n"}}
[debug] [2026-02-11T17:53:01.086Z] E0211 14:53:01.086819    9376 watch.go:40] Failed to load config from "c:\\Users\\USUARIO\\Documents\\tpAngularAPI\\dataconnect": could not find dataconnect.yaml in `c:\Users\USUARIO\Documents\tpAngularAPI\dataconnect`
 {"metadata":{"emulator":{"name":"dataconnect"},"message":"E0211 14:53:01.086819    9376 watch.go:40] Failed to load config from \"c:\\\\Users\\\\USUARIO\\\\Documents\\\\tpAngularAPI\\\\dataconnect\": could not find dataconnect.yaml in `c:\\Users\\USUARIO\\Documents\\tpAngularAPI\\dataconnect`\n"}}
[debug] [2026-02-11T17:53:11.086Z] E0211 14:53:11.086830    9376 watch.go:40] Failed to load config from "c:\\Users\\USUARIO\\Documents\\tpAngularAPI\\dataconnect": could not find dataconnect.yaml in `c:\Users\USUARIO\Documents\tpAngularAPI\dataconnect`
 {"metadata":{"emulator":{"name":"dataconnect"},"message":"E0211 14:53:11.086830    9376 watch.go:40] Failed to load config from \"c:\\\\Users\\\\USUARIO\\\\Documents\\\\tpAngularAPI\\\\dataconnect\": could not find dataconnect.yaml in `c:\\Users\\USUARIO\\Documents\\tpAngularAPI\\dataconnect`\n"}}
[debug] [2026-02-11T17:53:21.086Z] E0211 14:53:21.086797    9376 watch.go:116] watchAllDir unable to walk dir `c:\Users\USUARIO\Documents\tpAngularAPI\dataconnect`: CreateFile c:\Users\USUARIO\Documents\tpAngularAPI\dataconnect: The system cannot find the file specified.
 {"metadata":{"emulator":{"name":"dataconnect"},"message":"E0211 14:53:21.086797    9376 watch.go:116] watchAllDir unable to walk dir `c:\\Users\\USUARIO\\Documents\\tpAngularAPI\\dataconnect`: CreateFile c:\\Users\\USUARIO\\Documents\\tpAngularAPI\\dataconnect: The system cannot find the file specified.\n"}}
[debug] [2026-02-11T17:53:21.087Z] E0211 14:53:21.086797    9376 watch.go:40] Failed to load config from "c:\\Users\\USUARIO\\Documents\\tpAngularAPI\\dataconnect": could not find dataconnect.yaml in `c:\Users\USUARIO\Documents\tpAngularAPI\dataconnect`
 {"metadata":{"emulator":{"name":"dataconnect"},"message":"E0211 14:53:21.086797    9376 watch.go:40] Failed to load config from \"c:\\\\Users\\\\USUARIO\\\\Documents\\\\tpAngularAPI\\\\dataconnect\": could not find dataconnect.yaml in `c:\\Users\\USUARIO\\Documents\\tpAngularAPI\\dataconnect`\n"}}
[debug] [2026-02-11T17:53:31.087Z] E0211 14:53:31.087363    9376 watch.go:40] Failed to load config from "c:\\Users\\USUARIO\\Documents\\tpAngularAPI\\dataconnect": could not find dataconnect.yaml in `c:\Users\USUARIO\Documents\tpAngularAPI\dataconnect`
 {"metadata":{"emulator":{"name":"dataconnect"},"message":"E0211 14:53:31.087363    9376 watch.go:40] Failed to load config from \"c:\\\\Users\\\\USUARIO\\\\Documents\\\\tpAngularAPI\\\\dataconnect\": could not find dataconnect.yaml in `c:\\Users\\USUARIO\\Documents\\tpAngularAPI\\dataconnect`\n"}}
[debug] [2026-02-11T17:53:41.086Z] E0211 14:53:41.086606    9376 watch.go:40] Failed to load config from "c:\\Users\\USUARIO\\Documents\\tpAngularAPI\\dataconnect": could not find dataconnect.yaml in `c:\Users\USUARIO\Documents\tpAngularAPI\dataconnect`
 {"metadata":{"emulator":{"name":"dataconnect"},"message":"E0211 14:53:41.086606    9376 watch.go:40] Failed to load config from \"c:\\\\Users\\\\USUARIO\\\\Documents\\\\tpAngularAPI\\\\dataconnect\": could not find dataconnect.yaml in `c:\\Users\\USUARIO\\Documents\\tpAngularAPI\\dataconnect`\n"}}
[debug] [2026-02-11T17:53:51.086Z] E0211 14:53:51.086802    9376 watch.go:40] Failed to load config from "c:\\Users\\USUARIO\\Documents\\tpAngularAPI\\dataconnect": could not find dataconnect.yaml in `c:\Users\USUARIO\Documents\tpAngularAPI\dataconnect`
 {"metadata":{"emulator":{"name":"dataconnect"},"message":"E0211 14:53:51.086802    9376 watch.go:40] Failed to load config from \"c:\\\\Users\\\\USUARIO\\\\Documents\\\\tpAngularAPI\\\\dataconnect\": could not find dataconnect.yaml in `c:\\Users\\USUARIO\\Documents\\tpAngularAPI\\dataconnect`\n"}}
[debug] [2026-02-11T17:54:01.086Z] E0211 14:54:01.086593    9376 watch.go:40] Failed to load config from "c:\\Users\\USUARIO\\Documents\\tpAngularAPI\\dataconnect": could not find dataconnect.yaml in `c:\Users\USUARIO\Documents\tpAngularAPI\dataconnect`
 {"metadata":{"emulator":{"name":"dataconnect"},"message":"E0211 14:54:01.086593    9376 watch.go:40] Failed to load config from \"c:\\\\Users\\\\USUARIO\\\\Documents\\\\tpAngularAPI\\\\dataconnect\": could not find dataconnect.yaml in `c:\\Users\\USUARIO\\Documents\\tpAngularAPI\\dataconnect`\n"}}
[debug] [2026-02-11T17:54:11.086Z] E0211 14:54:11.086797    9376 watch.go:40] Failed to load config from "c:\\Users\\USUARIO\\Documents\\tpAngularAPI\\dataconnect": could not find dataconnect.yaml in `c:\Users\USUARIO\Documents\tpAngularAPI\dataconnect`
 {"metadata":{"emulator":{"name":"dataconnect"},"message":"E0211 14:54:11.086797    9376 watch.go:40] Failed to load config from \"c:\\\\Users\\\\USUARIO\\\\Documents\\\\tpAngularAPI\\\\dataconnect\": could not find dataconnect.yaml in `c:\\Users\\USUARIO\\Documents\\tpAngularAPI\\dataconnect`\n"}}
[debug] [2026-02-11T17:54:21.086Z] E0211 14:54:21.086882    9376 watch.go:116] watchAllDir unable to walk dir `c:\Users\USUARIO\Documents\tpAngularAPI\dataconnect`: CreateFile c:\Users\USUARIO\Documents\tpAngularAPI\dataconnect: The system cannot find the file specified.
 {"metadata":{"emulator":{"name":"dataconnect"},"message":"E0211 14:54:21.086882    9376 watch.go:116] watchAllDir unable to walk dir `c:\\Users\\USUARIO\\Documents\\tpAngularAPI\\dataconnect`: CreateFile c:\\Users\\USUARIO\\Documents\\tpAngularAPI\\dataconnect: The system cannot find the file specified.\n"}}
[debug] [2026-02-11T17:54:21.087Z] E0211 14:54:21.086882    9376 watch.go:40] Failed to load config from "c:\\Users\\USUARIO\\Documents\\tpAngularAPI\\dataconnect": could not find dataconnect.yaml in `c:\Users\USUARIO\Documents\tpAngularAPI\dataconnect`
 {"metadata":{"emulator":{"name":"dataconnect"},"message":"E0211 14:54:21.086882    9376 watch.go:40] Failed to load config from \"c:\\\\Users\\\\USUARIO\\\\Documents\\\\tpAngularAPI\\\\dataconnect\": could not find dataconnect.yaml in `c:\\Users\\USUARIO\\Documents\\tpAngularAPI\\dataconnect`\n"}}
[debug] [2026-02-11T17:54:31.087Z] E0211 14:54:31.087352    9376 watch.go:40] Failed to load config from "c:\\Users\\USUARIO\\Documents\\tpAngularAPI\\dataconnect": could not find dataconnect.yaml in `c:\Users\USUARIO\Documents\tpAngularAPI\dataconnect`
 {"metadata":{"emulator":{"name":"dataconnect"},"message":"E0211 14:54:31.087352    9376 watch.go:40] Failed to load config from \"c:\\\\Users\\\\USUARIO\\\\Documents\\\\tpAngularAPI\\\\dataconnect\": could not find dataconnect.yaml in `c:\\Users\\USUARIO\\Documents\\tpAngularAPI\\dataconnect`\n"}}
[debug] [2026-02-11T17:54:41.087Z] E0211 14:54:41.086810    9376 watch.go:40] Failed to load config from "c:\\Users\\USUARIO\\Documents\\tpAngularAPI\\dataconnect": could not find dataconnect.yaml in `c:\Users\USUARIO\Documents\tpAngularAPI\dataconnect`
 {"metadata":{"emulator":{"name":"dataconnect"},"message":"E0211 14:54:41.086810    9376 watch.go:40] Failed to load config from \"c:\\\\Users\\\\USUARIO\\\\Documents\\\\tpAngularAPI\\\\dataconnect\": could not find dataconnect.yaml in `c:\\Users\\USUARIO\\Documents\\tpAngularAPI\\dataconnect`\n"}}
[debug] [2026-02-11T17:54:51.088Z] E0211 14:54:51.088464    9376 watch.go:40] Failed to load config from "c:\\Users\\USUARIO\\Documents\\tpAngularAPI\\dataconnect": could not find dataconnect.yaml in `c:\Users\USUARIO\Documents\tpAngularAPI\dataconnect`
 {"metadata":{"emulator":{"name":"dataconnect"},"message":"E0211 14:54:51.088464    9376 watch.go:40] Failed to load config from \"c:\\\\Users\\\\USUARIO\\\\Documents\\\\tpAngularAPI\\\\dataconnect\": could not find dataconnect.yaml in `c:\\Users\\USUARIO\\Documents\\tpAngularAPI\\dataconnect`\n"}}
[debug] [2026-02-11T17:55:01.087Z] E0211 14:55:01.086599    9376 watch.go:40] Failed to load config from "c:\\Users\\USUARIO\\Documents\\tpAngularAPI\\dataconnect": could not find dataconnect.yaml in `c:\Users\USUARIO\Documents\tpAngularAPI\dataconnect`
 {"metadata":{"emulator":{"name":"dataconnect"},"message":"E0211 14:55:01.086599    9376 watch.go:40] Failed to load config from \"c:\\\\Users\\\\USUARIO\\\\Documents\\\\tpAngularAPI\\\\dataconnect\": could not find dataconnect.yaml in `c:\\Users\\USUARIO\\Documents\\tpAngularAPI\\dataconnect`\n"}}
[debug] [2026-02-11T17:55:11.087Z] E0211 14:55:11.086792    9376 watch.go:40] Failed to load config from "c:\\Users\\USUARIO\\Documents\\tpAngularAPI\\dataconnect": could not find dataconnect.yaml in `c:\Users\USUARIO\Documents\tpAngularAPI\dataconnect`
 {"metadata":{"emulator":{"name":"dataconnect"},"message":"E0211 14:55:11.086792    9376 watch.go:40] Failed to load config from \"c:\\\\Users\\\\USUARIO\\\\Documents\\\\tpAngularAPI\\\\dataconnect\": could not find dataconnect.yaml in `c:\\Users\\USUARIO\\Documents\\tpAngularAPI\\dataconnect`\n"}}
[debug] [2026-02-11T17:55:21.087Z] E0211 14:55:21.086740    9376 watch.go:116] watchAllDir unable to walk dir `c:\Users\USUARIO\Documents\tpAngularAPI\dataconnect`: CreateFile c:\Users\USUARIO\Documents\tpAngularAPI\dataconnect: The system cannot find the file specified.
 {"metadata":{"emulator":{"name":"dataconnect"},"message":"E0211 14:55:21.086740    9376 watch.go:116] watchAllDir unable to walk dir `c:\\Users\\USUARIO\\Documents\\tpAngularAPI\\dataconnect`: CreateFile c:\\Users\\USUARIO\\Documents\\tpAngularAPI\\dataconnect: The system cannot find the file specified.\n"}}
[debug] [2026-02-11T17:55:21.087Z] E0211 14:55:21.086740    9376 watch.go:40] Failed to load config from "c:\\Users\\USUARIO\\Documents\\tpAngularAPI\\dataconnect": could not find dataconnect.yaml in `c:\Users\USUARIO\Documents\tpAngularAPI\dataconnect`
 {"metadata":{"emulator":{"name":"dataconnect"},"message":"E0211 14:55:21.086740    9376 watch.go:40] Failed to load config from \"c:\\\\Users\\\\USUARIO\\\\Documents\\\\tpAngularAPI\\\\dataconnect\": could not find dataconnect.yaml in `c:\\Users\\USUARIO\\Documents\\tpAngularAPI\\dataconnect`\n"}}
[debug] [2026-02-11T17:55:31.087Z] E0211 14:55:31.087346    9376 watch.go:40] Failed to load config from "c:\\Users\\USUARIO\\Documents\\tpAngularAPI\\dataconnect": could not find dataconnect.yaml in `c:\Users\USUARIO\Documents\tpAngularAPI\dataconnect`
 {"metadata":{"emulator":{"name":"dataconnect"},"message":"E0211 14:55:31.087346    9376 watch.go:40] Failed to load config from \"c:\\\\Users\\\\USUARIO\\\\Documents\\\\tpAngularAPI\\\\dataconnect\": could not find dataconnect.yaml in `c:\\Users\\USUARIO\\Documents\\tpAngularAPI\\dataconnect`\n"}}
[debug] [2026-02-11T17:55:41.087Z] E0211 14:55:41.086598    9376 watch.go:40] Failed to load config from "c:\\Users\\USUARIO\\Documents\\tpAngularAPI\\dataconnect": could not find dataconnect.yaml in `c:\Users\USUARIO\Documents\tpAngularAPI\dataconnect`
 {"metadata":{"emulator":{"name":"dataconnect"},"message":"E0211 14:55:41.086598    9376 watch.go:40] Failed to load config from \"c:\\\\Users\\\\USUARIO\\\\Documents\\\\tpAngularAPI\\\\dataconnect\": could not find dataconnect.yaml in `c:\\Users\\USUARIO\\Documents\\tpAngularAPI\\dataconnect`\n"}}
[debug] [2026-02-11T17:55:51.087Z] E0211 14:55:51.086798    9376 watch.go:40] Failed to load config from "c:\\Users\\USUARIO\\Documents\\tpAngularAPI\\dataconnect": could not find dataconnect.yaml in `c:\Users\USUARIO\Documents\tpAngularAPI\dataconnect`
 {"metadata":{"emulator":{"name":"dataconnect"},"message":"E0211 14:55:51.086798    9376 watch.go:40] Failed to load config from \"c:\\\\Users\\\\USUARIO\\\\Documents\\\\tpAngularAPI\\\\dataconnect\": could not find dataconnect.yaml in `c:\\Users\\USUARIO\\Documents\\tpAngularAPI\\dataconnect`\n"}}
[debug] [2026-02-11T17:56:01.087Z] E0211 14:56:01.086827    9376 watch.go:40] Failed to load config from "c:\\Users\\USUARIO\\Documents\\tpAngularAPI\\dataconnect": could not find dataconnect.yaml in `c:\Users\USUARIO\Documents\tpAngularAPI\dataconnect`
 {"metadata":{"emulator":{"name":"dataconnect"},"message":"E0211 14:56:01.086827    9376 watch.go:40] Failed to load config from \"c:\\\\Users\\\\USUARIO\\\\Documents\\\\tpAngularAPI\\\\dataconnect\": could not find dataconnect.yaml in `c:\\Users\\USUARIO\\Documents\\tpAngularAPI\\dataconnect`\n"}}
[debug] [2026-02-11T17:56:11.087Z] E0211 14:56:11.086824    9376 watch.go:40] Failed to load config from "c:\\Users\\USUARIO\\Documents\\tpAngularAPI\\dataconnect": could not find dataconnect.yaml in `c:\Users\USUARIO\Documents\tpAngularAPI\dataconnect`
 {"metadata":{"emulator":{"name":"dataconnect"},"message":"E0211 14:56:11.086824    9376 watch.go:40] Failed to load config from \"c:\\\\Users\\\\USUARIO\\\\Documents\\\\tpAngularAPI\\\\dataconnect\": could not find dataconnect.yaml in `c:\\Users\\USUARIO\\Documents\\tpAngularAPI\\dataconnect`\n"}}
[debug] [2026-02-11T17:56:21.087Z] E0211 14:56:21.086791    9376 watch.go:116] watchAllDir unable to walk dir `c:\Users\USUARIO\Documents\tpAngularAPI\dataconnect`: CreateFile c:\Users\USUARIO\Documents\tpAngularAPI\dataconnect: The system cannot find the file specified.
 {"metadata":{"emulator":{"name":"dataconnect"},"message":"E0211 14:56:21.086791    9376 watch.go:116] watchAllDir unable to walk dir `c:\\Users\\USUARIO\\Documents\\tpAngularAPI\\dataconnect`: CreateFile c:\\Users\\USUARIO\\Documents\\tpAngularAPI\\dataconnect: The system cannot find the file specified.\n"}}
[debug] [2026-02-11T17:56:21.087Z] E0211 14:56:21.086791    9376 watch.go:40] Failed to load config from "c:\\Users\\USUARIO\\Documents\\tpAngularAPI\\dataconnect": could not find dataconnect.yaml in `c:\Users\USUARIO\Documents\tpAngularAPI\dataconnect`
 {"metadata":{"emulator":{"name":"dataconnect"},"message":"E0211 14:56:21.086791    9376 watch.go:40] Failed to load config from \"c:\\\\Users\\\\USUARIO\\\\Documents\\\\tpAngularAPI\\\\dataconnect\": could not find dataconnect.yaml in `c:\\Users\\USUARIO\\Documents\\tpAngularAPI\\dataconnect`\n"}}
[debug] [2026-02-11T17:56:31.087Z] E0211 14:56:31.086942    9376 watch.go:40] Failed to load config from "c:\\Users\\USUARIO\\Documents\\tpAngularAPI\\dataconnect": could not find dataconnect.yaml in `c:\Users\USUARIO\Documents\tpAngularAPI\dataconnect`
 {"metadata":{"emulator":{"name":"dataconnect"},"message":"E0211 14:56:31.086942    9376 watch.go:40] Failed to load config from \"c:\\\\Users\\\\USUARIO\\\\Documents\\\\tpAngularAPI\\\\dataconnect\": could not find dataconnect.yaml in `c:\\Users\\USUARIO\\Documents\\tpAngularAPI\\dataconnect`\n"}}
[debug] [2026-02-11T17:56:41.087Z] E0211 14:56:41.086936    9376 watch.go:40] Failed to load config from "c:\\Users\\USUARIO\\Documents\\tpAngularAPI\\dataconnect": could not find dataconnect.yaml in `c:\Users\USUARIO\Documents\tpAngularAPI\dataconnect`
 {"metadata":{"emulator":{"name":"dataconnect"},"message":"E0211 14:56:41.086936    9376 watch.go:40] Failed to load config from \"c:\\\\Users\\\\USUARIO\\\\Documents\\\\tpAngularAPI\\\\dataconnect\": could not find dataconnect.yaml in `c:\\Users\\USUARIO\\Documents\\tpAngularAPI\\dataconnect`\n"}}
[debug] [2026-02-11T17:56:51.087Z] E0211 14:56:51.086813    9376 watch.go:40] Failed to load config from "c:\\Users\\USUARIO\\Documents\\tpAngularAPI\\dataconnect": could not find dataconnect.yaml in `c:\Users\USUARIO\Documents\tpAngularAPI\dataconnect`
 {"metadata":{"emulator":{"name":"dataconnect"},"message":"E0211 14:56:51.086813    9376 watch.go:40] Failed to load config from \"c:\\\\Users\\\\USUARIO\\\\Documents\\\\tpAngularAPI\\\\dataconnect\": could not find dataconnect.yaml in `c:\\Users\\USUARIO\\Documents\\tpAngularAPI\\dataconnect`\n"}}
[debug] [2026-02-11T17:57:01.088Z] E0211 14:57:01.088132    9376 watch.go:40] Failed to load config from "c:\\Users\\USUARIO\\Documents\\tpAngularAPI\\dataconnect": could not find dataconnect.yaml in `c:\Users\USUARIO\Documents\tpAngularAPI\dataconnect`
 {"metadata":{"emulator":{"name":"dataconnect"},"message":"E0211 14:57:01.088132    9376 watch.go:40] Failed to load config from \"c:\\\\Users\\\\USUARIO\\\\Documents\\\\tpAngularAPI\\\\dataconnect\": could not find dataconnect.yaml in `c:\\Users\\USUARIO\\Documents\\tpAngularAPI\\dataconnect`\n"}}
[debug] [2026-02-11T17:57:11.087Z] E0211 14:57:11.086874    9376 watch.go:40] Failed to load config from "c:\\Users\\USUARIO\\Documents\\tpAngularAPI\\dataconnect": could not find dataconnect.yaml in `c:\Users\USUARIO\Documents\tpAngularAPI\dataconnect`
 {"metadata":{"emulator":{"name":"dataconnect"},"message":"E0211 14:57:11.086874    9376 watch.go:40] Failed to load config from \"c:\\\\Users\\\\USUARIO\\\\Documents\\\\tpAngularAPI\\\\dataconnect\": could not find dataconnect.yaml in `c:\\Users\\USUARIO\\Documents\\tpAngularAPI\\dataconnect`\n"}}
[debug] [2026-02-11T17:57:21.087Z] E0211 14:57:21.086817    9376 watch.go:116] watchAllDir unable to walk dir `c:\Users\USUARIO\Documents\tpAngularAPI\dataconnect`: CreateFile c:\Users\USUARIO\Documents\tpAngularAPI\dataconnect: The system cannot find the file specified.
 {"metadata":{"emulator":{"name":"dataconnect"},"message":"E0211 14:57:21.086817    9376 watch.go:116] watchAllDir unable to walk dir `c:\\Users\\USUARIO\\Documents\\tpAngularAPI\\dataconnect`: CreateFile c:\\Users\\USUARIO\\Documents\\tpAngularAPI\\dataconnect: The system cannot find the file specified.\n"}}
[debug] [2026-02-11T17:57:21.088Z] E0211 14:57:21.088324    9376 watch.go:40] Failed to load config from "c:\\Users\\USUARIO\\Documents\\tpAngularAPI\\dataconnect": could not find dataconnect.yaml in `c:\Users\USUARIO\Documents\tpAngularAPI\dataconnect`
 {"metadata":{"emulator":{"name":"dataconnect"},"message":"E0211 14:57:21.088324    9376 watch.go:40] Failed to load config from \"c:\\\\Users\\\\USUARIO\\\\Documents\\\\tpAngularAPI\\\\dataconnect\": could not find dataconnect.yaml in `c:\\Users\\USUARIO\\Documents\\tpAngularAPI\\dataconnect`\n"}}
[debug] [2026-02-11T17:57:31.087Z] E0211 14:57:31.087042    9376 watch.go:40] Failed to load config from "c:\\Users\\USUARIO\\Documents\\tpAngularAPI\\dataconnect": could not find dataconnect.yaml in `c:\Users\USUARIO\Documents\tpAngularAPI\dataconnect`
 {"metadata":{"emulator":{"name":"dataconnect"},"message":"E0211 14:57:31.087042    9376 watch.go:40] Failed to load config from \"c:\\\\Users\\\\USUARIO\\\\Documents\\\\tpAngularAPI\\\\dataconnect\": could not find dataconnect.yaml in `c:\\Users\\USUARIO\\Documents\\tpAngularAPI\\dataconnect`\n"}}
[debug] [2026-02-11T17:57:41.087Z] E0211 14:57:41.086837    9376 watch.go:40] Failed to load config from "c:\\Users\\USUARIO\\Documents\\tpAngularAPI\\dataconnect": could not find dataconnect.yaml in `c:\Users\USUARIO\Documents\tpAngularAPI\dataconnect`
 {"metadata":{"emulator":{"name":"dataconnect"},"message":"E0211 14:57:41.086837    9376 watch.go:40] Failed to load config from \"c:\\\\Users\\\\USUARIO\\\\Documents\\\\tpAngularAPI\\\\dataconnect\": could not find dataconnect.yaml in `c:\\Users\\USUARIO\\Documents\\tpAngularAPI\\dataconnect`\n"}}
[debug] [2026-02-11T17:57:51.087Z] E0211 14:57:51.086918    9376 watch.go:40] Failed to load config from "c:\\Users\\USUARIO\\Documents\\tpAngularAPI\\dataconnect": could not find dataconnect.yaml in `c:\Users\USUARIO\Documents\tpAngularAPI\dataconnect`
 {"metadata":{"emulator":{"name":"dataconnect"},"message":"E0211 14:57:51.086918    9376 watch.go:40] Failed to load config from \"c:\\\\Users\\\\USUARIO\\\\Documents\\\\tpAngularAPI\\\\dataconnect\": could not find dataconnect.yaml in `c:\\Users\\USUARIO\\Documents\\tpAngularAPI\\dataconnect`\n"}}
[debug] [2026-02-11T17:58:01.087Z] E0211 14:58:01.086610    9376 watch.go:40] Failed to load config from "c:\\Users\\USUARIO\\Documents\\tpAngularAPI\\dataconnect": could not find dataconnect.yaml in `c:\Users\USUARIO\Documents\tpAngularAPI\dataconnect`
 {"metadata":{"emulator":{"name":"dataconnect"},"message":"E0211 14:58:01.086610    9376 watch.go:40] Failed to load config from \"c:\\\\Users\\\\USUARIO\\\\Documents\\\\tpAngularAPI\\\\dataconnect\": could not find dataconnect.yaml in `c:\\Users\\USUARIO\\Documents\\tpAngularAPI\\dataconnect`\n"}}
[debug] [2026-02-11T17:58:11.087Z] E0211 14:58:11.086800    9376 watch.go:40] Failed to load config from "c:\\Users\\USUARIO\\Documents\\tpAngularAPI\\dataconnect": could not find dataconnect.yaml in `c:\Users\USUARIO\Documents\tpAngularAPI\dataconnect`
 {"metadata":{"emulator":{"name":"dataconnect"},"message":"E0211 14:58:11.086800    9376 watch.go:40] Failed to load config from \"c:\\\\Users\\\\USUARIO\\\\Documents\\\\tpAngularAPI\\\\dataconnect\": could not find dataconnect.yaml in `c:\\Users\\USUARIO\\Documents\\tpAngularAPI\\dataconnect`\n"}}
[debug] [2026-02-11T17:58:21.087Z] E0211 14:58:21.086812    9376 watch.go:116] watchAllDir unable to walk dir `c:\Users\USUARIO\Documents\tpAngularAPI\dataconnect`: CreateFile c:\Users\USUARIO\Documents\tpAngularAPI\dataconnect: The system cannot find the file specified.
 {"metadata":{"emulator":{"name":"dataconnect"},"message":"E0211 14:58:21.086812    9376 watch.go:116] watchAllDir unable to walk dir `c:\\Users\\USUARIO\\Documents\\tpAngularAPI\\dataconnect`: CreateFile c:\\Users\\USUARIO\\Documents\\tpAngularAPI\\dataconnect: The system cannot find the file specified.\n"}}
[debug] [2026-02-11T17:58:21.088Z] E0211 14:58:21.086812    9376 watch.go:40] Failed to load config from "c:\\Users\\USUARIO\\Documents\\tpAngularAPI\\dataconnect": could not find dataconnect.yaml in `c:\Users\USUARIO\Documents\tpAngularAPI\dataconnect`
 {"metadata":{"emulator":{"name":"dataconnect"},"message":"E0211 14:58:21.086812    9376 watch.go:40] Failed to load config from \"c:\\\\Users\\\\USUARIO\\\\Documents\\\\tpAngularAPI\\\\dataconnect\": could not find dataconnect.yaml in `c:\\Users\\USUARIO\\Documents\\tpAngularAPI\\dataconnect`\n"}}
[debug] [2026-02-11T17:58:31.087Z] E0211 14:58:31.087127    9376 watch.go:40] Failed to load config from "c:\\Users\\USUARIO\\Documents\\tpAngularAPI\\dataconnect": could not find dataconnect.yaml in `c:\Users\USUARIO\Documents\tpAngularAPI\dataconnect`
 {"metadata":{"emulator":{"name":"dataconnect"},"message":"E0211 14:58:31.087127    9376 watch.go:40] Failed to load config from \"c:\\\\Users\\\\USUARIO\\\\Documents\\\\tpAngularAPI\\\\dataconnect\": could not find dataconnect.yaml in `c:\\Users\\USUARIO\\Documents\\tpAngularAPI\\dataconnect`\n"}}
[debug] [2026-02-11T17:58:41.087Z] E0211 14:58:41.086880    9376 watch.go:40] Failed to load config from "c:\\Users\\USUARIO\\Documents\\tpAngularAPI\\dataconnect": could not find dataconnect.yaml in `c:\Users\USUARIO\Documents\tpAngularAPI\dataconnect`
 {"metadata":{"emulator":{"name":"dataconnect"},"message":"E0211 14:58:41.086880    9376 watch.go:40] Failed to load config from \"c:\\\\Users\\\\USUARIO\\\\Documents\\\\tpAngularAPI\\\\dataconnect\": could not find dataconnect.yaml in `c:\\Users\\USUARIO\\Documents\\tpAngularAPI\\dataconnect`\n"}}
[debug] [2026-02-11T17:58:51.087Z] E0211 14:58:51.086765    9376 watch.go:40] Failed to load config from "c:\\Users\\USUARIO\\Documents\\tpAngularAPI\\dataconnect": could not find dataconnect.yaml in `c:\Users\USUARIO\Documents\tpAngularAPI\dataconnect`
 {"metadata":{"emulator":{"name":"dataconnect"},"message":"E0211 14:58:51.086765    9376 watch.go:40] Failed to load config from \"c:\\\\Users\\\\USUARIO\\\\Documents\\\\tpAngularAPI\\\\dataconnect\": could not find dataconnect.yaml in `c:\\Users\\USUARIO\\Documents\\tpAngularAPI\\dataconnect`\n"}}
[debug] [2026-02-11T17:59:01.087Z] E0211 14:59:01.086951    9376 watch.go:40] Failed to load config from "c:\\Users\\USUARIO\\Documents\\tpAngularAPI\\dataconnect": could not find dataconnect.yaml in `c:\Users\USUARIO\Documents\tpAngularAPI\dataconnect`
 {"metadata":{"emulator":{"name":"dataconnect"},"message":"E0211 14:59:01.086951    9376 watch.go:40] Failed to load config from \"c:\\\\Users\\\\USUARIO\\\\Documents\\\\tpAngularAPI\\\\dataconnect\": could not find dataconnect.yaml in `c:\\Users\\USUARIO\\Documents\\tpAngularAPI\\dataconnect`\n"}}
[debug] [2026-02-11T17:59:11.087Z] E0211 14:59:11.087430    9376 watch.go:40] Failed to load config from "c:\\Users\\USUARIO\\Documents\\tpAngularAPI\\dataconnect": could not find dataconnect.yaml in `c:\Users\USUARIO\Documents\tpAngularAPI\dataconnect`
 {"metadata":{"emulator":{"name":"dataconnect"},"message":"E0211 14:59:11.087430    9376 watch.go:40] Failed to load config from \"c:\\\\Users\\\\USUARIO\\\\Documents\\\\tpAngularAPI\\\\dataconnect\": could not find dataconnect.yaml in `c:\\Users\\USUARIO\\Documents\\tpAngularAPI\\dataconnect`\n"}}
[debug] [2026-02-11T17:59:21.087Z] E0211 14:59:21.086735    9376 watch.go:116] watchAllDir unable to walk dir `c:\Users\USUARIO\Documents\tpAngularAPI\dataconnect`: CreateFile c:\Users\USUARIO\Documents\tpAngularAPI\dataconnect: The system cannot find the file specified.
 {"metadata":{"emulator":{"name":"dataconnect"},"message":"E0211 14:59:21.086735    9376 watch.go:116] watchAllDir unable to walk dir `c:\\Users\\USUARIO\\Documents\\tpAngularAPI\\dataconnect`: CreateFile c:\\Users\\USUARIO\\Documents\\tpAngularAPI\\dataconnect: The system cannot find the file specified.\n"}}
[debug] [2026-02-11T17:59:21.088Z] E0211 14:59:21.088241    9376 watch.go:40] Failed to load config from "c:\\Users\\USUARIO\\Documents\\tpAngularAPI\\dataconnect": could not find dataconnect.yaml in `c:\Users\USUARIO\Documents\tpAngularAPI\dataconnect`
 {"metadata":{"emulator":{"name":"dataconnect"},"message":"E0211 14:59:21.088241    9376 watch.go:40] Failed to load config from \"c:\\\\Users\\\\USUARIO\\\\Documents\\\\tpAngularAPI\\\\dataconnect\": could not find dataconnect.yaml in `c:\\Users\\USUARIO\\Documents\\tpAngularAPI\\dataconnect`\n"}}
[debug] [2026-02-11T17:59:31.087Z] E0211 14:59:31.087022    9376 watch.go:40] Failed to load config from "c:\\Users\\USUARIO\\Documents\\tpAngularAPI\\dataconnect": could not find dataconnect.yaml in `c:\Users\USUARIO\Documents\tpAngularAPI\dataconnect`
 {"metadata":{"emulator":{"name":"dataconnect"},"message":"E0211 14:59:31.087022    9376 watch.go:40] Failed to load config from \"c:\\\\Users\\\\USUARIO\\\\Documents\\\\tpAngularAPI\\\\dataconnect\": could not find dataconnect.yaml in `c:\\Users\\USUARIO\\Documents\\tpAngularAPI\\dataconnect`\n"}}
[debug] [2026-02-11T17:59:41.087Z] E0211 14:59:41.086992    9376 watch.go:40] Failed to load config from "c:\\Users\\USUARIO\\Documents\\tpAngularAPI\\dataconnect": could not find dataconnect.yaml in `c:\Users\USUARIO\Documents\tpAngularAPI\dataconnect`
 {"metadata":{"emulator":{"name":"dataconnect"},"message":"E0211 14:59:41.086992    9376 watch.go:40] Failed to load config from \"c:\\\\Users\\\\USUARIO\\\\Documents\\\\tpAngularAPI\\\\dataconnect\": could not find dataconnect.yaml in `c:\\Users\\USUARIO\\Documents\\tpAngularAPI\\dataconnect`\n"}}
[debug] [2026-02-11T17:59:51.087Z] E0211 14:59:51.086583    9376 watch.go:40] Failed to load config from "c:\\Users\\USUARIO\\Documents\\tpAngularAPI\\dataconnect": could not find dataconnect.yaml in `c:\Users\USUARIO\Documents\tpAngularAPI\dataconnect`
 {"metadata":{"emulator":{"name":"dataconnect"},"message":"E0211 14:59:51.086583    9376 watch.go:40] Failed to load config from \"c:\\\\Users\\\\USUARIO\\\\Documents\\\\tpAngularAPI\\\\dataconnect\": could not find dataconnect.yaml in `c:\\Users\\USUARIO\\Documents\\tpAngularAPI\\dataconnect`\n"}}
[debug] [2026-02-11T18:00:01.087Z] E0211 15:00:01.086795    9376 watch.go:40] Failed to load config from "c:\\Users\\USUARIO\\Documents\\tpAngularAPI\\dataconnect": could not find dataconnect.yaml in `c:\Users\USUARIO\Documents\tpAngularAPI\dataconnect`
 {"metadata":{"emulator":{"name":"dataconnect"},"message":"E0211 15:00:01.086795    9376 watch.go:40] Failed to load config from \"c:\\\\Users\\\\USUARIO\\\\Documents\\\\tpAngularAPI\\\\dataconnect\": could not find dataconnect.yaml in `c:\\Users\\USUARIO\\Documents\\tpAngularAPI\\dataconnect`\n"}}
[debug] [2026-02-11T18:00:11.087Z] E0211 15:00:11.086599    9376 watch.go:40] Failed to load config from "c:\\Users\\USUARIO\\Documents\\tpAngularAPI\\dataconnect": could not find dataconnect.yaml in `c:\Users\USUARIO\Documents\tpAngularAPI\dataconnect`
 {"metadata":{"emulator":{"name":"dataconnect"},"message":"E0211 15:00:11.086599    9376 watch.go:40] Failed to load config from \"c:\\\\Users\\\\USUARIO\\\\Documents\\\\tpAngularAPI\\\\dataconnect\": could not find dataconnect.yaml in `c:\\Users\\USUARIO\\Documents\\tpAngularAPI\\dataconnect`\n"}}
[debug] [2026-02-11T18:00:21.086Z] E0211 15:00:21.086571    9376 watch.go:116] watchAllDir unable to walk dir `c:\Users\USUARIO\Documents\tpAngularAPI\dataconnect`: CreateFile c:\Users\USUARIO\Documents\tpAngularAPI\dataconnect: The system cannot find the file specified.
 {"metadata":{"emulator":{"name":"dataconnect"},"message":"E0211 15:00:21.086571    9376 watch.go:116] watchAllDir unable to walk dir `c:\\Users\\USUARIO\\Documents\\tpAngularAPI\\dataconnect`: CreateFile c:\\Users\\USUARIO\\Documents\\tpAngularAPI\\dataconnect: The system cannot find the file specified.\n"}}
[debug] [2026-02-11T18:00:21.087Z] E0211 15:00:21.086571    9376 watch.go:40] Failed to load config from "c:\\Users\\USUARIO\\Documents\\tpAngularAPI\\dataconnect": could not find dataconnect.yaml in `c:\Users\USUARIO\Documents\tpAngularAPI\dataconnect`
 {"metadata":{"emulator":{"name":"dataconnect"},"message":"E0211 15:00:21.086571    9376 watch.go:40] Failed to load config from \"c:\\\\Users\\\\USUARIO\\\\Documents\\\\tpAngularAPI\\\\dataconnect\": could not find dataconnect.yaml in `c:\\Users\\USUARIO\\Documents\\tpAngularAPI\\dataconnect`\n"}}
[debug] [2026-02-11T18:00:31.087Z] E0211 15:00:31.087173    9376 watch.go:40] Failed to load config from "c:\\Users\\USUARIO\\Documents\\tpAngularAPI\\dataconnect": could not find dataconnect.yaml in `c:\Users\USUARIO\Documents\tpAngularAPI\dataconnect`
 {"metadata":{"emulator":{"name":"dataconnect"},"message":"E0211 15:00:31.087173    9376 watch.go:40] Failed to load config from \"c:\\\\Users\\\\USUARIO\\\\Documents\\\\tpAngularAPI\\\\dataconnect\": could not find dataconnect.yaml in `c:\\Users\\USUARIO\\Documents\\tpAngularAPI\\dataconnect`\n"}}
[debug] [2026-02-11T18:00:41.087Z] E0211 15:00:41.086832    9376 watch.go:40] Failed to load config from "c:\\Users\\USUARIO\\Documents\\tpAngularAPI\\dataconnect": could not find dataconnect.yaml in `c:\Users\USUARIO\Documents\tpAngularAPI\dataconnect`
 {"metadata":{"emulator":{"name":"dataconnect"},"message":"E0211 15:00:41.086832    9376 watch.go:40] Failed to load config from \"c:\\\\Users\\\\USUARIO\\\\Documents\\\\tpAngularAPI\\\\dataconnect\": could not find dataconnect.yaml in `c:\\Users\\USUARIO\\Documents\\tpAngularAPI\\dataconnect`\n"}}
[debug] [2026-02-11T18:00:51.086Z] E0211 15:00:51.086877    9376 watch.go:40] Failed to load config from "c:\\Users\\USUARIO\\Documents\\tpAngularAPI\\dataconnect": could not find dataconnect.yaml in `c:\Users\USUARIO\Documents\tpAngularAPI\dataconnect`
 {"metadata":{"emulator":{"name":"dataconnect"},"message":"E0211 15:00:51.086877    9376 watch.go:40] Failed to load config from \"c:\\\\Users\\\\USUARIO\\\\Documents\\\\tpAngularAPI\\\\dataconnect\": could not find dataconnect.yaml in `c:\\Users\\USUARIO\\Documents\\tpAngularAPI\\dataconnect`\n"}}
[debug] [2026-02-11T18:01:01.086Z] E0211 15:01:01.086824    9376 watch.go:40] Failed to load config from "c:\\Users\\USUARIO\\Documents\\tpAngularAPI\\dataconnect": could not find dataconnect.yaml in `c:\Users\USUARIO\Documents\tpAngularAPI\dataconnect`
 {"metadata":{"emulator":{"name":"dataconnect"},"message":"E0211 15:01:01.086824    9376 watch.go:40] Failed to load config from \"c:\\\\Users\\\\USUARIO\\\\Documents\\\\tpAngularAPI\\\\dataconnect\": could not find dataconnect.yaml in `c:\\Users\\USUARIO\\Documents\\tpAngularAPI\\dataconnect`\n"}}
[debug] [2026-02-11T18:01:11.086Z] E0211 15:01:11.086820    9376 watch.go:40] Failed to load config from "c:\\Users\\USUARIO\\Documents\\tpAngularAPI\\dataconnect": could not find dataconnect.yaml in `c:\Users\USUARIO\Documents\tpAngularAPI\dataconnect`
 {"metadata":{"emulator":{"name":"dataconnect"},"message":"E0211 15:01:11.086820    9376 watch.go:40] Failed to load config from \"c:\\\\Users\\\\USUARIO\\\\Documents\\\\tpAngularAPI\\\\dataconnect\": could not find dataconnect.yaml in `c:\\Users\\USUARIO\\Documents\\tpAngularAPI\\dataconnect`\n"}}
[debug] [2026-02-11T18:01:21.086Z] E0211 15:01:21.086806    9376 watch.go:116] watchAllDir unable to walk dir `c:\Users\USUARIO\Documents\tpAngularAPI\dataconnect`: CreateFile c:\Users\USUARIO\Documents\tpAngularAPI\dataconnect: The system cannot find the file specified.
 {"metadata":{"emulator":{"name":"dataconnect"},"message":"E0211 15:01:21.086806    9376 watch.go:116] watchAllDir unable to walk dir `c:\\Users\\USUARIO\\Documents\\tpAngularAPI\\dataconnect`: CreateFile c:\\Users\\USUARIO\\Documents\\tpAngularAPI\\dataconnect: The system cannot find the file specified.\n"}}
[debug] [2026-02-11T18:01:21.087Z] E0211 15:01:21.086806    9376 watch.go:40] Failed to load config from "c:\\Users\\USUARIO\\Documents\\tpAngularAPI\\dataconnect": could not find dataconnect.yaml in `c:\Users\USUARIO\Documents\tpAngularAPI\dataconnect`
 {"metadata":{"emulator":{"name":"dataconnect"},"message":"E0211 15:01:21.086806    9376 watch.go:40] Failed to load config from \"c:\\\\Users\\\\USUARIO\\\\Documents\\\\tpAngularAPI\\\\dataconnect\": could not find dataconnect.yaml in `c:\\Users\\USUARIO\\Documents\\tpAngularAPI\\dataconnect`\n"}}
[debug] [2026-02-11T18:01:31.087Z] E0211 15:01:31.087352    9376 watch.go:40] Failed to load config from "c:\\Users\\USUARIO\\Documents\\tpAngularAPI\\dataconnect": could not find dataconnect.yaml in `c:\Users\USUARIO\Documents\tpAngularAPI\dataconnect`
 {"metadata":{"emulator":{"name":"dataconnect"},"message":"E0211 15:01:31.087352    9376 watch.go:40] Failed to load config from \"c:\\\\Users\\\\USUARIO\\\\Documents\\\\tpAngularAPI\\\\dataconnect\": could not find dataconnect.yaml in `c:\\Users\\USUARIO\\Documents\\tpAngularAPI\\dataconnect`\n"}}
[debug] [2026-02-11T18:01:41.087Z] E0211 15:01:41.086990    9376 watch.go:40] Failed to load config from "c:\\Users\\USUARIO\\Documents\\tpAngularAPI\\dataconnect": could not find dataconnect.yaml in `c:\Users\USUARIO\Documents\tpAngularAPI\dataconnect`
 {"metadata":{"emulator":{"name":"dataconnect"},"message":"E0211 15:01:41.086990    9376 watch.go:40] Failed to load config from \"c:\\\\Users\\\\USUARIO\\\\Documents\\\\tpAngularAPI\\\\dataconnect\": could not find dataconnect.yaml in `c:\\Users\\USUARIO\\Documents\\tpAngularAPI\\dataconnect`\n"}}
[debug] [2026-02-11T18:01:51.086Z] E0211 15:01:51.086847    9376 watch.go:40] Failed to load config from "c:\\Users\\USUARIO\\Documents\\tpAngularAPI\\dataconnect": could not find dataconnect.yaml in `c:\Users\USUARIO\Documents\tpAngularAPI\dataconnect`
 {"metadata":{"emulator":{"name":"dataconnect"},"message":"E0211 15:01:51.086847    9376 watch.go:40] Failed to load config from \"c:\\\\Users\\\\USUARIO\\\\Documents\\\\tpAngularAPI\\\\dataconnect\": could not find dataconnect.yaml in `c:\\Users\\USUARIO\\Documents\\tpAngularAPI\\dataconnect`\n"}}
[debug] [2026-02-11T19:57:02.619Z] E0211 16:57:02.619567    9376 watch.go:116] watchAllDir unable to walk dir `c:\Users\USUARIO\Documents\tpAngularAPI\dataconnect`: CreateFile c:\Users\USUARIO\Documents\tpAngularAPI\dataconnect: The system cannot find the file specified.
 {"metadata":{"emulator":{"name":"dataconnect"},"message":"E0211 16:57:02.619567    9376 watch.go:116] watchAllDir unable to walk dir `c:\\Users\\USUARIO\\Documents\\tpAngularAPI\\dataconnect`: CreateFile c:\\Users\\USUARIO\\Documents\\tpAngularAPI\\dataconnect: The system cannot find the file specified.\n"}}
[debug] [2026-02-11T19:57:02.619Z] E0211 16:57:02.620087    9376 watch.go:40] Failed to load config from "c:\\Users\\USUARIO\\Documents\\tpAngularAPI\\dataconnect": could not find dataconnect.yaml in `c:\Users\USUARIO\Documents\tpAngularAPI\dataconnect`
 {"metadata":{"emulator":{"name":"dataconnect"},"message":"E0211 16:57:02.620087    9376 watch.go:40] Failed to load config from \"c:\\\\Users\\\\USUARIO\\\\Documents\\\\tpAngularAPI\\\\dataconnect\": could not find dataconnect.yaml in `c:\\Users\\USUARIO\\Documents\\tpAngularAPI\\dataconnect`\n"}}
[debug] [2026-02-11T19:57:11.086Z] E0211 16:57:11.086777    9376 watch.go:40] Failed to load config from "c:\\Users\\USUARIO\\Documents\\tpAngularAPI\\dataconnect": could not find dataconnect.yaml in `c:\Users\USUARIO\Documents\tpAngularAPI\dataconnect`
 {"metadata":{"emulator":{"name":"dataconnect"},"message":"E0211 16:57:11.086777    9376 watch.go:40] Failed to load config from \"c:\\\\Users\\\\USUARIO\\\\Documents\\\\tpAngularAPI\\\\dataconnect\": could not find dataconnect.yaml in `c:\\Users\\USUARIO\\Documents\\tpAngularAPI\\dataconnect`\n"}}
[debug] [2026-02-11T19:57:21.086Z] E0211 16:57:21.086845    9376 watch.go:116] watchAllDir unable to walk dir `c:\Users\USUARIO\Documents\tpAngularAPI\dataconnect`: CreateFile c:\Users\USUARIO\Documents\tpAngularAPI\dataconnect: The system cannot find the file specified.
 {"metadata":{"emulator":{"name":"dataconnect"},"message":"E0211 16:57:21.086845    9376 watch.go:116] watchAllDir unable to walk dir `c:\\Users\\USUARIO\\Documents\\tpAngularAPI\\dataconnect`: CreateFile c:\\Users\\USUARIO\\Documents\\tpAngularAPI\\dataconnect: The system cannot find the file specified.\n"}}
[debug] [2026-02-11T19:57:21.086Z] E0211 16:57:21.086845    9376 watch.go:40] Failed to load config from "c:\\Users\\USUARIO\\Documents\\tpAngularAPI\\dataconnect": could not find dataconnect.yaml in `c:\Users\USUARIO\Documents\tpAngularAPI\dataconnect`
 {"metadata":{"emulator":{"name":"dataconnect"},"message":"E0211 16:57:21.086845    9376 watch.go:40] Failed to load config from \"c:\\\\Users\\\\USUARIO\\\\Documents\\\\tpAngularAPI\\\\dataconnect\": could not find dataconnect.yaml in `c:\\Users\\USUARIO\\Documents\\tpAngularAPI\\dataconnect`\n"}}
[debug] [2026-02-11T19:57:31.086Z] E0211 16:57:31.086959    9376 watch.go:40] Failed to load config from "c:\\Users\\USUARIO\\Documents\\tpAngularAPI\\dataconnect": could not find dataconnect.yaml in `c:\Users\USUARIO\Documents\tpAngularAPI\dataconnect`
 {"metadata":{"emulator":{"name":"dataconnect"},"message":"E0211 16:57:31.086959    9376 watch.go:40] Failed to load config from \"c:\\\\Users\\\\USUARIO\\\\Documents\\\\tpAngularAPI\\\\dataconnect\": could not find dataconnect.yaml in `c:\\Users\\USUARIO\\Documents\\tpAngularAPI\\dataconnect`\n"}}
[debug] [2026-02-11T19:57:41.086Z] E0211 16:57:41.086606    9376 watch.go:40] Failed to load config from "c:\\Users\\USUARIO\\Documents\\tpAngularAPI\\dataconnect": could not find dataconnect.yaml in `c:\Users\USUARIO\Documents\tpAngularAPI\dataconnect`
 {"metadata":{"emulator":{"name":"dataconnect"},"message":"E0211 16:57:41.086606    9376 watch.go:40] Failed to load config from \"c:\\\\Users\\\\USUARIO\\\\Documents\\\\tpAngularAPI\\\\dataconnect\": could not find dataconnect.yaml in `c:\\Users\\USUARIO\\Documents\\tpAngularAPI\\dataconnect`\n"}}
[debug] [2026-02-11T19:57:51.086Z] E0211 16:57:51.086854    9376 watch.go:40] Failed to load config from "c:\\Users\\USUARIO\\Documents\\tpAngularAPI\\dataconnect": could not find dataconnect.yaml in `c:\Users\USUARIO\Documents\tpAngularAPI\dataconnect`
 {"metadata":{"emulator":{"name":"dataconnect"},"message":"E0211 16:57:51.086854    9376 watch.go:40] Failed to load config from \"c:\\\\Users\\\\USUARIO\\\\Documents\\\\tpAngularAPI\\\\dataconnect\": could not find dataconnect.yaml in `c:\\Users\\USUARIO\\Documents\\tpAngularAPI\\dataconnect`\n"}}
[debug] [2026-02-11T19:58:01.086Z] E0211 16:58:01.086838    9376 watch.go:40] Failed to load config from "c:\\Users\\USUARIO\\Documents\\tpAngularAPI\\dataconnect": could not find dataconnect.yaml in `c:\Users\USUARIO\Documents\tpAngularAPI\dataconnect`
 {"metadata":{"emulator":{"name":"dataconnect"},"message":"E0211 16:58:01.086838    9376 watch.go:40] Failed to load config from \"c:\\\\Users\\\\USUARIO\\\\Documents\\\\tpAngularAPI\\\\dataconnect\": could not find dataconnect.yaml in `c:\\Users\\USUARIO\\Documents\\tpAngularAPI\\dataconnect`\n"}}
[debug] [2026-02-11T19:58:11.087Z] E0211 16:58:11.086827    9376 watch.go:40] Failed to load config from "c:\\Users\\USUARIO\\Documents\\tpAngularAPI\\dataconnect": could not find dataconnect.yaml in `c:\Users\USUARIO\Documents\tpAngularAPI\dataconnect`
 {"metadata":{"emulator":{"name":"dataconnect"},"message":"E0211 16:58:11.086827    9376 watch.go:40] Failed to load config from \"c:\\\\Users\\\\USUARIO\\\\Documents\\\\tpAngularAPI\\\\dataconnect\": could not find dataconnect.yaml in `c:\\Users\\USUARIO\\Documents\\tpAngularAPI\\dataconnect`\n"}}
[debug] [2026-02-11T19:58:21.087Z] E0211 16:58:21.086787    9376 watch.go:116] watchAllDir unable to walk dir `c:\Users\USUARIO\Documents\tpAngularAPI\dataconnect`: CreateFile c:\Users\USUARIO\Documents\tpAngularAPI\dataconnect: The system cannot find the file specified.
 {"metadata":{"emulator":{"name":"dataconnect"},"message":"E0211 16:58:21.086787    9376 watch.go:116] watchAllDir unable to walk dir `c:\\Users\\USUARIO\\Documents\\tpAngularAPI\\dataconnect`: CreateFile c:\\Users\\USUARIO\\Documents\\tpAngularAPI\\dataconnect: The system cannot find the file specified.\n"}}
[debug] [2026-02-11T19:58:21.087Z] E0211 16:58:21.086787    9376 watch.go:40] Failed to load config from "c:\\Users\\USUARIO\\Documents\\tpAngularAPI\\dataconnect": could not find dataconnect.yaml in `c:\Users\USUARIO\Documents\tpAngularAPI\dataconnect`
 {"metadata":{"emulator":{"name":"dataconnect"},"message":"E0211 16:58:21.086787    9376 watch.go:40] Failed to load config from \"c:\\\\Users\\\\USUARIO\\\\Documents\\\\tpAngularAPI\\\\dataconnect\": could not find dataconnect.yaml in `c:\\Users\\USUARIO\\Documents\\tpAngularAPI\\dataconnect`\n"}}
[debug] [2026-02-11T19:58:31.088Z] E0211 16:58:31.088284    9376 watch.go:40] Failed to load config from "c:\\Users\\USUARIO\\Documents\\tpAngularAPI\\dataconnect": could not find dataconnect.yaml in `c:\Users\USUARIO\Documents\tpAngularAPI\dataconnect`
 {"metadata":{"emulator":{"name":"dataconnect"},"message":"E0211 16:58:31.088284    9376 watch.go:40] Failed to load config from \"c:\\\\Users\\\\USUARIO\\\\Documents\\\\tpAngularAPI\\\\dataconnect\": could not find dataconnect.yaml in `c:\\Users\\USUARIO\\Documents\\tpAngularAPI\\dataconnect`\n"}}
[debug] [2026-02-11T19:58:41.087Z] E0211 16:58:41.086890    9376 watch.go:40] Failed to load config from "c:\\Users\\USUARIO\\Documents\\tpAngularAPI\\dataconnect": could not find dataconnect.yaml in `c:\Users\USUARIO\Documents\tpAngularAPI\dataconnect`
 {"metadata":{"emulator":{"name":"dataconnect"},"message":"E0211 16:58:41.086890    9376 watch.go:40] Failed to load config from \"c:\\\\Users\\\\USUARIO\\\\Documents\\\\tpAngularAPI\\\\dataconnect\": could not find dataconnect.yaml in `c:\\Users\\USUARIO\\Documents\\tpAngularAPI\\dataconnect`\n"}}
[debug] [2026-02-11T19:58:51.087Z] E0211 16:58:51.086919    9376 watch.go:40] Failed to load config from "c:\\Users\\USUARIO\\Documents\\tpAngularAPI\\dataconnect": could not find dataconnect.yaml in `c:\Users\USUARIO\Documents\tpAngularAPI\dataconnect`
 {"metadata":{"emulator":{"name":"dataconnect"},"message":"E0211 16:58:51.086919    9376 watch.go:40] Failed to load config from \"c:\\\\Users\\\\USUARIO\\\\Documents\\\\tpAngularAPI\\\\dataconnect\": could not find dataconnect.yaml in `c:\\Users\\USUARIO\\Documents\\tpAngularAPI\\dataconnect`\n"}}
[debug] [2026-02-11T19:59:01.087Z] E0211 16:59:01.086928    9376 watch.go:40] Failed to load config from "c:\\Users\\USUARIO\\Documents\\tpAngularAPI\\dataconnect": could not find dataconnect.yaml in `c:\Users\USUARIO\Documents\tpAngularAPI\dataconnect`
 {"metadata":{"emulator":{"name":"dataconnect"},"message":"E0211 16:59:01.086928    9376 watch.go:40] Failed to load config from \"c:\\\\Users\\\\USUARIO\\\\Documents\\\\tpAngularAPI\\\\dataconnect\": could not find dataconnect.yaml in `c:\\Users\\USUARIO\\Documents\\tpAngularAPI\\dataconnect`\n"}}
[debug] [2026-02-11T19:59:11.088Z] E0211 16:59:11.088766    9376 watch.go:40] Failed to load config from "c:\\Users\\USUARIO\\Documents\\tpAngularAPI\\dataconnect": could not find dataconnect.yaml in `c:\Users\USUARIO\Documents\tpAngularAPI\dataconnect`
 {"metadata":{"emulator":{"name":"dataconnect"},"message":"E0211 16:59:11.088766    9376 watch.go:40] Failed to load config from \"c:\\\\Users\\\\USUARIO\\\\Documents\\\\tpAngularAPI\\\\dataconnect\": could not find dataconnect.yaml in `c:\\Users\\USUARIO\\Documents\\tpAngularAPI\\dataconnect`\n"}}
[debug] [2026-02-11T19:59:21.087Z] E0211 16:59:21.086853    9376 watch.go:116] watchAllDir unable to walk dir `c:\Users\USUARIO\Documents\tpAngularAPI\dataconnect`: CreateFile c:\Users\USUARIO\Documents\tpAngularAPI\dataconnect: The system cannot find the file specified.
 {"metadata":{"emulator":{"name":"dataconnect"},"message":"E0211 16:59:21.086853    9376 watch.go:116] watchAllDir unable to walk dir `c:\\Users\\USUARIO\\Documents\\tpAngularAPI\\dataconnect`: CreateFile c:\\Users\\USUARIO\\Documents\\tpAngularAPI\\dataconnect: The system cannot find the file specified.\n"}}
[debug] [2026-02-11T19:59:21.088Z] E0211 16:59:21.086853    9376 watch.go:40] Failed to load config from "c:\\Users\\USUARIO\\Documents\\tpAngularAPI\\dataconnect": could not find dataconnect.yaml in `c:\Users\USUARIO\Documents\tpAngularAPI\dataconnect`
 {"metadata":{"emulator":{"name":"dataconnect"},"message":"E0211 16:59:21.086853    9376 watch.go:40] Failed to load config from \"c:\\\\Users\\\\USUARIO\\\\Documents\\\\tpAngularAPI\\\\dataconnect\": could not find dataconnect.yaml in `c:\\Users\\USUARIO\\Documents\\tpAngularAPI\\dataconnect`\n"}}
[debug] [2026-02-11T19:59:31.087Z] E0211 16:59:31.087129    9376 watch.go:40] Failed to load config from "c:\\Users\\USUARIO\\Documents\\tpAngularAPI\\dataconnect": could not find dataconnect.yaml in `c:\Users\USUARIO\Documents\tpAngularAPI\dataconnect`
 {"metadata":{"emulator":{"name":"dataconnect"},"message":"E0211 16:59:31.087129    9376 watch.go:40] Failed to load config from \"c:\\\\Users\\\\USUARIO\\\\Documents\\\\tpAngularAPI\\\\dataconnect\": could not find dataconnect.yaml in `c:\\Users\\USUARIO\\Documents\\tpAngularAPI\\dataconnect`\n"}}
[debug] [2026-02-11T19:59:41.087Z] E0211 16:59:41.087129    9376 watch.go:40] Failed to load config from "c:\\Users\\USUARIO\\Documents\\tpAngularAPI\\dataconnect": could not find dataconnect.yaml in `c:\Users\USUARIO\Documents\tpAngularAPI\dataconnect`
 {"metadata":{"emulator":{"name":"dataconnect"},"message":"E0211 16:59:41.087129    9376 watch.go:40] Failed to load config from \"c:\\\\Users\\\\USUARIO\\\\Documents\\\\tpAngularAPI\\\\dataconnect\": could not find dataconnect.yaml in `c:\\Users\\USUARIO\\Documents\\tpAngularAPI\\dataconnect`\n"}}
[debug] [2026-02-11T19:59:51.086Z] E0211 16:59:51.086595    9376 watch.go:40] Failed to load config from "c:\\Users\\USUARIO\\Documents\\tpAngularAPI\\dataconnect": could not find dataconnect.yaml in `c:\Users\USUARIO\Documents\tpAngularAPI\dataconnect`
 {"metadata":{"emulator":{"name":"dataconnect"},"message":"E0211 16:59:51.086595    9376 watch.go:40] Failed to load config from \"c:\\\\Users\\\\USUARIO\\\\Documents\\\\tpAngularAPI\\\\dataconnect\": could not find dataconnect.yaml in `c:\\Users\\USUARIO\\Documents\\tpAngularAPI\\dataconnect`\n"}}
[debug] [2026-02-11T20:00:01.086Z] E0211 17:00:01.086567    9376 watch.go:40] Failed to load config from "c:\\Users\\USUARIO\\Documents\\tpAngularAPI\\dataconnect": could not find dataconnect.yaml in `c:\Users\USUARIO\Documents\tpAngularAPI\dataconnect`
 {"metadata":{"emulator":{"name":"dataconnect"},"message":"E0211 17:00:01.086567    9376 watch.go:40] Failed to load config from \"c:\\\\Users\\\\USUARIO\\\\Documents\\\\tpAngularAPI\\\\dataconnect\": could not find dataconnect.yaml in `c:\\Users\\USUARIO\\Documents\\tpAngularAPI\\dataconnect`\n"}}
[debug] [2026-02-11T20:00:11.087Z] E0211 17:00:11.086802    9376 watch.go:40] Failed to load config from "c:\\Users\\USUARIO\\Documents\\tpAngularAPI\\dataconnect": could not find dataconnect.yaml in `c:\Users\USUARIO\Documents\tpAngularAPI\dataconnect`
 {"metadata":{"emulator":{"name":"dataconnect"},"message":"E0211 17:00:11.086802    9376 watch.go:40] Failed to load config from \"c:\\\\Users\\\\USUARIO\\\\Documents\\\\tpAngularAPI\\\\dataconnect\": could not find dataconnect.yaml in `c:\\Users\\USUARIO\\Documents\\tpAngularAPI\\dataconnect`\n"}}
[debug] [2026-02-11T20:00:21.086Z] E0211 17:00:21.086831    9376 watch.go:116] watchAllDir unable to walk dir `c:\Users\USUARIO\Documents\tpAngularAPI\dataconnect`: CreateFile c:\Users\USUARIO\Documents\tpAngularAPI\dataconnect: The system cannot find the file specified.
 {"metadata":{"emulator":{"name":"dataconnect"},"message":"E0211 17:00:21.086831    9376 watch.go:116] watchAllDir unable to walk dir `c:\\Users\\USUARIO\\Documents\\tpAngularAPI\\dataconnect`: CreateFile c:\\Users\\USUARIO\\Documents\\tpAngularAPI\\dataconnect: The system cannot find the file specified.\n"}}
[debug] [2026-02-11T20:00:21.087Z] E0211 17:00:21.086831    9376 watch.go:40] Failed to load config from "c:\\Users\\USUARIO\\Documents\\tpAngularAPI\\dataconnect": could not find dataconnect.yaml in `c:\Users\USUARIO\Documents\tpAngularAPI\dataconnect`
 {"metadata":{"emulator":{"name":"dataconnect"},"message":"E0211 17:00:21.086831    9376 watch.go:40] Failed to load config from \"c:\\\\Users\\\\USUARIO\\\\Documents\\\\tpAngularAPI\\\\dataconnect\": could not find dataconnect.yaml in `c:\\Users\\USUARIO\\Documents\\tpAngularAPI\\dataconnect`\n"}}
[debug] [2026-02-11T20:00:31.087Z] E0211 17:00:31.086961    9376 watch.go:40] Failed to load config from "c:\\Users\\USUARIO\\Documents\\tpAngularAPI\\dataconnect": could not find dataconnect.yaml in `c:\Users\USUARIO\Documents\tpAngularAPI\dataconnect`
 {"metadata":{"emulator":{"name":"dataconnect"},"message":"E0211 17:00:31.086961    9376 watch.go:40] Failed to load config from \"c:\\\\Users\\\\USUARIO\\\\Documents\\\\tpAngularAPI\\\\dataconnect\": could not find dataconnect.yaml in `c:\\Users\\USUARIO\\Documents\\tpAngularAPI\\dataconnect`\n"}}
[debug] [2026-02-11T20:00:41.087Z] E0211 17:00:41.086957    9376 watch.go:40] Failed to load config from "c:\\Users\\USUARIO\\Documents\\tpAngularAPI\\dataconnect": could not find dataconnect.yaml in `c:\Users\USUARIO\Documents\tpAngularAPI\dataconnect`
 {"metadata":{"emulator":{"name":"dataconnect"},"message":"E0211 17:00:41.086957    9376 watch.go:40] Failed to load config from \"c:\\\\Users\\\\USUARIO\\\\Documents\\\\tpAngularAPI\\\\dataconnect\": could not find dataconnect.yaml in `c:\\Users\\USUARIO\\Documents\\tpAngularAPI\\dataconnect`\n"}}
[debug] [2026-02-11T20:00:51.087Z] E0211 17:00:51.087071    9376 watch.go:40] Failed to load config from "c:\\Users\\USUARIO\\Documents\\tpAngularAPI\\dataconnect": could not find dataconnect.yaml in `c:\Users\USUARIO\Documents\tpAngularAPI\dataconnect`
 {"metadata":{"emulator":{"name":"dataconnect"},"message":"E0211 17:00:51.087071    9376 watch.go:40] Failed to load config from \"c:\\\\Users\\\\USUARIO\\\\Documents\\\\tpAngularAPI\\\\dataconnect\": could not find dataconnect.yaml in `c:\\Users\\USUARIO\\Documents\\tpAngularAPI\\dataconnect`\n"}}
[debug] [2026-02-11T20:01:01.086Z] E0211 17:01:01.086586    9376 watch.go:40] Failed to load config from "c:\\Users\\USUARIO\\Documents\\tpAngularAPI\\dataconnect": could not find dataconnect.yaml in `c:\Users\USUARIO\Documents\tpAngularAPI\dataconnect`
 {"metadata":{"emulator":{"name":"dataconnect"},"message":"E0211 17:01:01.086586    9376 watch.go:40] Failed to load config from \"c:\\\\Users\\\\USUARIO\\\\Documents\\\\tpAngularAPI\\\\dataconnect\": could not find dataconnect.yaml in `c:\\Users\\USUARIO\\Documents\\tpAngularAPI\\dataconnect`\n"}}
[debug] [2026-02-11T20:01:11.086Z] E0211 17:01:11.086798    9376 watch.go:40] Failed to load config from "c:\\Users\\USUARIO\\Documents\\tpAngularAPI\\dataconnect": could not find dataconnect.yaml in `c:\Users\USUARIO\Documents\tpAngularAPI\dataconnect`
 {"metadata":{"emulator":{"name":"dataconnect"},"message":"E0211 17:01:11.086798    9376 watch.go:40] Failed to load config from \"c:\\\\Users\\\\USUARIO\\\\Documents\\\\tpAngularAPI\\\\dataconnect\": could not find dataconnect.yaml in `c:\\Users\\USUARIO\\Documents\\tpAngularAPI\\dataconnect`\n"}}
[debug] [2026-02-11T20:01:21.086Z] E0211 17:01:21.086832    9376 watch.go:116] watchAllDir unable to walk dir `c:\Users\USUARIO\Documents\tpAngularAPI\dataconnect`: CreateFile c:\Users\USUARIO\Documents\tpAngularAPI\dataconnect: The system cannot find the file specified.
 {"metadata":{"emulator":{"name":"dataconnect"},"message":"E0211 17:01:21.086832    9376 watch.go:116] watchAllDir unable to walk dir `c:\\Users\\USUARIO\\Documents\\tpAngularAPI\\dataconnect`: CreateFile c:\\Users\\USUARIO\\Documents\\tpAngularAPI\\dataconnect: The system cannot find the file specified.\n"}}
[debug] [2026-02-11T20:01:21.087Z] E0211 17:01:21.086832    9376 watch.go:40] Failed to load config from "c:\\Users\\USUARIO\\Documents\\tpAngularAPI\\dataconnect": could not find dataconnect.yaml in `c:\Users\USUARIO\Documents\tpAngularAPI\dataconnect`
 {"metadata":{"emulator":{"name":"dataconnect"},"message":"E0211 17:01:21.086832    9376 watch.go:40] Failed to load config from \"c:\\\\Users\\\\USUARIO\\\\Documents\\\\tpAngularAPI\\\\dataconnect\": could not find dataconnect.yaml in `c:\\Users\\USUARIO\\Documents\\tpAngularAPI\\dataconnect`\n"}}
[debug] [2026-02-11T20:01:31.087Z] E0211 17:01:31.086946    9376 watch.go:40] Failed to load config from "c:\\Users\\USUARIO\\Documents\\tpAngularAPI\\dataconnect": could not find dataconnect.yaml in `c:\Users\USUARIO\Documents\tpAngularAPI\dataconnect`
 {"metadata":{"emulator":{"name":"dataconnect"},"message":"E0211 17:01:31.086946    9376 watch.go:40] Failed to load config from \"c:\\\\Users\\\\USUARIO\\\\Documents\\\\tpAngularAPI\\\\dataconnect\": could not find dataconnect.yaml in `c:\\Users\\USUARIO\\Documents\\tpAngularAPI\\dataconnect`\n"}}
[debug] [2026-02-11T20:01:41.087Z] E0211 17:01:41.086824    9376 watch.go:40] Failed to load config from "c:\\Users\\USUARIO\\Documents\\tpAngularAPI\\dataconnect": could not find dataconnect.yaml in `c:\Users\USUARIO\Documents\tpAngularAPI\dataconnect`
 {"metadata":{"emulator":{"name":"dataconnect"},"message":"E0211 17:01:41.086824    9376 watch.go:40] Failed to load config from \"c:\\\\Users\\\\USUARIO\\\\Documents\\\\tpAngularAPI\\\\dataconnect\": could not find dataconnect.yaml in `c:\\Users\\USUARIO\\Documents\\tpAngularAPI\\dataconnect`\n"}}
[debug] [2026-02-11T20:01:51.086Z] E0211 17:01:51.086826    9376 watch.go:40] Failed to load config from "c:\\Users\\USUARIO\\Documents\\tpAngularAPI\\dataconnect": could not find dataconnect.yaml in `c:\Users\USUARIO\Documents\tpAngularAPI\dataconnect`
 {"metadata":{"emulator":{"name":"dataconnect"},"message":"E0211 17:01:51.086826    9376 watch.go:40] Failed to load config from \"c:\\\\Users\\\\USUARIO\\\\Documents\\\\tpAngularAPI\\\\dataconnect\": could not find dataconnect.yaml in `c:\\Users\\USUARIO\\Documents\\tpAngularAPI\\dataconnect`\n"}}
[debug] [2026-02-11T20:02:01.088Z] E0211 17:02:01.088364    9376 watch.go:40] Failed to load config from "c:\\Users\\USUARIO\\Documents\\tpAngularAPI\\dataconnect": could not find dataconnect.yaml in `c:\Users\USUARIO\Documents\tpAngularAPI\dataconnect`
 {"metadata":{"emulator":{"name":"dataconnect"},"message":"E0211 17:02:01.088364    9376 watch.go:40] Failed to load config from \"c:\\\\Users\\\\USUARIO\\\\Documents\\\\tpAngularAPI\\\\dataconnect\": could not find dataconnect.yaml in `c:\\Users\\USUARIO\\Documents\\tpAngularAPI\\dataconnect`\n"}}
[debug] [2026-02-11T20:02:11.087Z] E0211 17:02:11.087326    9376 watch.go:40] Failed to load config from "c:\\Users\\USUARIO\\Documents\\tpAngularAPI\\dataconnect": could not find dataconnect.yaml in `c:\Users\USUARIO\Documents\tpAngularAPI\dataconnect`
 {"metadata":{"emulator":{"name":"dataconnect"},"message":"E0211 17:02:11.087326    9376 watch.go:40] Failed to load config from \"c:\\\\Users\\\\USUARIO\\\\Documents\\\\tpAngularAPI\\\\dataconnect\": could not find dataconnect.yaml in `c:\\Users\\USUARIO\\Documents\\tpAngularAPI\\dataconnect`\n"}}
[debug] [2026-02-11T20:02:21.088Z] E0211 17:02:21.088454    9376 watch.go:116] watchAllDir unable to walk dir `c:\Users\USUARIO\Documents\tpAngularAPI\dataconnect`: CreateFile c:\Users\USUARIO\Documents\tpAngularAPI\dataconnect: The system cannot find the file specified.
 {"metadata":{"emulator":{"name":"dataconnect"},"message":"E0211 17:02:21.088454    9376 watch.go:116] watchAllDir unable to walk dir `c:\\Users\\USUARIO\\Documents\\tpAngularAPI\\dataconnect`: CreateFile c:\\Users\\USUARIO\\Documents\\tpAngularAPI\\dataconnect: The system cannot find the file specified.\n"}}
[debug] [2026-02-11T20:02:21.090Z] E0211 17:02:21.089454    9376 watch.go:40] Failed to load config from "c:\\Users\\USUARIO\\Documents\\tpAngularAPI\\dataconnect": could not find dataconnect.yaml in `c:\Users\USUARIO\Documents\tpAngularAPI\dataconnect`
 {"metadata":{"emulator":{"name":"dataconnect"},"message":"E0211 17:02:21.089454    9376 watch.go:40] Failed to load config from \"c:\\\\Users\\\\USUARIO\\\\Documents\\\\tpAngularAPI\\\\dataconnect\": could not find dataconnect.yaml in `c:\\Users\\USUARIO\\Documents\\tpAngularAPI\\dataconnect`\n"}}
[debug] [2026-02-11T20:02:31.087Z] E0211 17:02:31.086665    9376 watch.go:40] Failed to load config from "c:\\Users\\USUARIO\\Documents\\tpAngularAPI\\dataconnect": could not find dataconnect.yaml in `c:\Users\USUARIO\Documents\tpAngularAPI\dataconnect`
 {"metadata":{"emulator":{"name":"dataconnect"},"message":"E0211 17:02:31.086665    9376 watch.go:40] Failed to load config from \"c:\\\\Users\\\\USUARIO\\\\Documents\\\\tpAngularAPI\\\\dataconnect\": could not find dataconnect.yaml in `c:\\Users\\USUARIO\\Documents\\tpAngularAPI\\dataconnect`\n"}}
[debug] [2026-02-11T20:02:41.087Z] E0211 17:02:41.087086    9376 watch.go:40] Failed to load config from "c:\\Users\\USUARIO\\Documents\\tpAngularAPI\\dataconnect": could not find dataconnect.yaml in `c:\Users\USUARIO\Documents\tpAngularAPI\dataconnect`
 {"metadata":{"emulator":{"name":"dataconnect"},"message":"E0211 17:02:41.087086    9376 watch.go:40] Failed to load config from \"c:\\\\Users\\\\USUARIO\\\\Documents\\\\tpAngularAPI\\\\dataconnect\": could not find dataconnect.yaml in `c:\\Users\\USUARIO\\Documents\\tpAngularAPI\\dataconnect`\n"}}
[debug] [2026-02-11T20:02:51.087Z] E0211 17:02:51.086936    9376 watch.go:40] Failed to load config from "c:\\Users\\USUARIO\\Documents\\tpAngularAPI\\dataconnect": could not find dataconnect.yaml in `c:\Users\USUARIO\Documents\tpAngularAPI\dataconnect`
 {"metadata":{"emulator":{"name":"dataconnect"},"message":"E0211 17:02:51.086936    9376 watch.go:40] Failed to load config from \"c:\\\\Users\\\\USUARIO\\\\Documents\\\\tpAngularAPI\\\\dataconnect\": could not find dataconnect.yaml in `c:\\Users\\USUARIO\\Documents\\tpAngularAPI\\dataconnect`\n"}}
[debug] [2026-02-11T20:03:01.087Z] E0211 17:03:01.087064    9376 watch.go:40] Failed to load config from "c:\\Users\\USUARIO\\Documents\\tpAngularAPI\\dataconnect": could not find dataconnect.yaml in `c:\Users\USUARIO\Documents\tpAngularAPI\dataconnect`
 {"metadata":{"emulator":{"name":"dataconnect"},"message":"E0211 17:03:01.087064    9376 watch.go:40] Failed to load config from \"c:\\\\Users\\\\USUARIO\\\\Documents\\\\tpAngularAPI\\\\dataconnect\": could not find dataconnect.yaml in `c:\\Users\\USUARIO\\Documents\\tpAngularAPI\\dataconnect`\n"}}
[debug] [2026-02-11T20:03:11.087Z] E0211 17:03:11.087006    9376 watch.go:40] Failed to load config from "c:\\Users\\USUARIO\\Documents\\tpAngularAPI\\dataconnect": could not find dataconnect.yaml in `c:\Users\USUARIO\Documents\tpAngularAPI\dataconnect`
 {"metadata":{"emulator":{"name":"dataconnect"},"message":"E0211 17:03:11.087006    9376 watch.go:40] Failed to load config from \"c:\\\\Users\\\\USUARIO\\\\Documents\\\\tpAngularAPI\\\\dataconnect\": could not find dataconnect.yaml in `c:\\Users\\USUARIO\\Documents\\tpAngularAPI\\dataconnect`\n"}}
[debug] [2026-02-11T20:03:21.087Z] E0211 17:03:21.086855    9376 watch.go:116] watchAllDir unable to walk dir `c:\Users\USUARIO\Documents\tpAngularAPI\dataconnect`: CreateFile c:\Users\USUARIO\Documents\tpAngularAPI\dataconnect: The system cannot find the file specified.
 {"metadata":{"emulator":{"name":"dataconnect"},"message":"E0211 17:03:21.086855    9376 watch.go:116] watchAllDir unable to walk dir `c:\\Users\\USUARIO\\Documents\\tpAngularAPI\\dataconnect`: CreateFile c:\\Users\\USUARIO\\Documents\\tpAngularAPI\\dataconnect: The system cannot find the file specified.\n"}}
[debug] [2026-02-11T20:03:21.087Z] E0211 17:03:21.087416    9376 watch.go:40] Failed to load config from "c:\\Users\\USUARIO\\Documents\\tpAngularAPI\\dataconnect": could not find dataconnect.yaml in `c:\Users\USUARIO\Documents\tpAngularAPI\dataconnect`
 {"metadata":{"emulator":{"name":"dataconnect"},"message":"E0211 17:03:21.087416    9376 watch.go:40] Failed to load config from \"c:\\\\Users\\\\USUARIO\\\\Documents\\\\tpAngularAPI\\\\dataconnect\": could not find dataconnect.yaml in `c:\\Users\\USUARIO\\Documents\\tpAngularAPI\\dataconnect`\n"}}
[debug] [2026-02-11T20:03:31.087Z] E0211 17:03:31.087282    9376 watch.go:40] Failed to load config from "c:\\Users\\USUARIO\\Documents\\tpAngularAPI\\dataconnect": could not find dataconnect.yaml in `c:\Users\USUARIO\Documents\tpAngularAPI\dataconnect`
 {"metadata":{"emulator":{"name":"dataconnect"},"message":"E0211 17:03:31.087282    9376 watch.go:40] Failed to load config from \"c:\\\\Users\\\\USUARIO\\\\Documents\\\\tpAngularAPI\\\\dataconnect\": could not find dataconnect.yaml in `c:\\Users\\USUARIO\\Documents\\tpAngularAPI\\dataconnect`\n"}}
[debug] [2026-02-11T20:03:41.087Z] E0211 17:03:41.086871    9376 watch.go:40] Failed to load config from "c:\\Users\\USUARIO\\Documents\\tpAngularAPI\\dataconnect": could not find dataconnect.yaml in `c:\Users\USUARIO\Documents\tpAngularAPI\dataconnect`
 {"metadata":{"emulator":{"name":"dataconnect"},"message":"E0211 17:03:41.086871    9376 watch.go:40] Failed to load config from \"c:\\\\Users\\\\USUARIO\\\\Documents\\\\tpAngularAPI\\\\dataconnect\": could not find dataconnect.yaml in `c:\\Users\\USUARIO\\Documents\\tpAngularAPI\\dataconnect`\n"}}
[debug] [2026-02-11T20:03:51.087Z] E0211 17:03:51.087000    9376 watch.go:40] Failed to load config from "c:\\Users\\USUARIO\\Documents\\tpAngularAPI\\dataconnect": could not find dataconnect.yaml in `c:\Users\USUARIO\Documents\tpAngularAPI\dataconnect`
 {"metadata":{"emulator":{"name":"dataconnect"},"message":"E0211 17:03:51.087000    9376 watch.go:40] Failed to load config from \"c:\\\\Users\\\\USUARIO\\\\Documents\\\\tpAngularAPI\\\\dataconnect\": could not find dataconnect.yaml in `c:\\Users\\USUARIO\\Documents\\tpAngularAPI\\dataconnect`\n"}}
[debug] [2026-02-11T20:04:01.086Z] E0211 17:04:01.086606    9376 watch.go:40] Failed to load config from "c:\\Users\\USUARIO\\Documents\\tpAngularAPI\\dataconnect": could not find dataconnect.yaml in `c:\Users\USUARIO\Documents\tpAngularAPI\dataconnect`
 {"metadata":{"emulator":{"name":"dataconnect"},"message":"E0211 17:04:01.086606    9376 watch.go:40] Failed to load config from \"c:\\\\Users\\\\USUARIO\\\\Documents\\\\tpAngularAPI\\\\dataconnect\": could not find dataconnect.yaml in `c:\\Users\\USUARIO\\Documents\\tpAngularAPI\\dataconnect`\n"}}
[debug] [2026-02-11T20:04:11.087Z] E0211 17:04:11.087080    9376 watch.go:40] Failed to load config from "c:\\Users\\USUARIO\\Documents\\tpAngularAPI\\dataconnect": could not find dataconnect.yaml in `c:\Users\USUARIO\Documents\tpAngularAPI\dataconnect`
 {"metadata":{"emulator":{"name":"dataconnect"},"message":"E0211 17:04:11.087080    9376 watch.go:40] Failed to load config from \"c:\\\\Users\\\\USUARIO\\\\Documents\\\\tpAngularAPI\\\\dataconnect\": could not find dataconnect.yaml in `c:\\Users\\USUARIO\\Documents\\tpAngularAPI\\dataconnect`\n"}}
[debug] [2026-02-11T20:04:21.086Z] E0211 17:04:21.086746    9376 watch.go:116] watchAllDir unable to walk dir `c:\Users\USUARIO\Documents\tpAngularAPI\dataconnect`: CreateFile c:\Users\USUARIO\Documents\tpAngularAPI\dataconnect: The system cannot find the file specified.
 {"metadata":{"emulator":{"name":"dataconnect"},"message":"E0211 17:04:21.086746    9376 watch.go:116] watchAllDir unable to walk dir `c:\\Users\\USUARIO\\Documents\\tpAngularAPI\\dataconnect`: CreateFile c:\\Users\\USUARIO\\Documents\\tpAngularAPI\\dataconnect: The system cannot find the file specified.\n"}}
[debug] [2026-02-11T20:04:21.087Z] E0211 17:04:21.086746    9376 watch.go:40] Failed to load config from "c:\\Users\\USUARIO\\Documents\\tpAngularAPI\\dataconnect": could not find dataconnect.yaml in `c:\Users\USUARIO\Documents\tpAngularAPI\dataconnect`
 {"metadata":{"emulator":{"name":"dataconnect"},"message":"E0211 17:04:21.086746    9376 watch.go:40] Failed to load config from \"c:\\\\Users\\\\USUARIO\\\\Documents\\\\tpAngularAPI\\\\dataconnect\": could not find dataconnect.yaml in `c:\\Users\\USUARIO\\Documents\\tpAngularAPI\\dataconnect`\n"}}
[debug] [2026-02-11T20:04:31.086Z] E0211 17:04:31.086763    9376 watch.go:40] Failed to load config from "c:\\Users\\USUARIO\\Documents\\tpAngularAPI\\dataconnect": could not find dataconnect.yaml in `c:\Users\USUARIO\Documents\tpAngularAPI\dataconnect`
 {"metadata":{"emulator":{"name":"dataconnect"},"message":"E0211 17:04:31.086763    9376 watch.go:40] Failed to load config from \"c:\\\\Users\\\\USUARIO\\\\Documents\\\\tpAngularAPI\\\\dataconnect\": could not find dataconnect.yaml in `c:\\Users\\USUARIO\\Documents\\tpAngularAPI\\dataconnect`\n"}}
[debug] [2026-02-11T20:04:41.086Z] E0211 17:04:41.087079    9376 watch.go:40] Failed to load config from "c:\\Users\\USUARIO\\Documents\\tpAngularAPI\\dataconnect": could not find dataconnect.yaml in `c:\Users\USUARIO\Documents\tpAngularAPI\dataconnect`
 {"metadata":{"emulator":{"name":"dataconnect"},"message":"E0211 17:04:41.087079    9376 watch.go:40] Failed to load config from \"c:\\\\Users\\\\USUARIO\\\\Documents\\\\tpAngularAPI\\\\dataconnect\": could not find dataconnect.yaml in `c:\\Users\\USUARIO\\Documents\\tpAngularAPI\\dataconnect`\n"}}
[debug] [2026-02-11T20:04:51.086Z] E0211 17:04:51.086585    9376 watch.go:40] Failed to load config from "c:\\Users\\USUARIO\\Documents\\tpAngularAPI\\dataconnect": could not find dataconnect.yaml in `c:\Users\USUARIO\Documents\tpAngularAPI\dataconnect`
 {"metadata":{"emulator":{"name":"dataconnect"},"message":"E0211 17:04:51.086585    9376 watch.go:40] Failed to load config from \"c:\\\\Users\\\\USUARIO\\\\Documents\\\\tpAngularAPI\\\\dataconnect\": could not find dataconnect.yaml in `c:\\Users\\USUARIO\\Documents\\tpAngularAPI\\dataconnect`\n"}}
[debug] [2026-02-11T20:05:01.086Z] E0211 17:05:01.087065    9376 watch.go:40] Failed to load config from "c:\\Users\\USUARIO\\Documents\\tpAngularAPI\\dataconnect": could not find dataconnect.yaml in `c:\Users\USUARIO\Documents\tpAngularAPI\dataconnect`
 {"metadata":{"emulator":{"name":"dataconnect"},"message":"E0211 17:05:01.087065    9376 watch.go:40] Failed to load config from \"c:\\\\Users\\\\USUARIO\\\\Documents\\\\tpAngularAPI\\\\dataconnect\": could not find dataconnect.yaml in `c:\\Users\\USUARIO\\Documents\\tpAngularAPI\\dataconnect`\n"}}
[debug] [2026-02-11T20:05:11.086Z] E0211 17:05:11.086704    9376 watch.go:40] Failed to load config from "c:\\Users\\USUARIO\\Documents\\tpAngularAPI\\dataconnect": could not find dataconnect.yaml in `c:\Users\USUARIO\Documents\tpAngularAPI\dataconnect`
 {"metadata":{"emulator":{"name":"dataconnect"},"message":"E0211 17:05:11.086704    9376 watch.go:40] Failed to load config from \"c:\\\\Users\\\\USUARIO\\\\Documents\\\\tpAngularAPI\\\\dataconnect\": could not find dataconnect.yaml in `c:\\Users\\USUARIO\\Documents\\tpAngularAPI\\dataconnect`\n"}}
[debug] [2026-02-11T20:05:21.128Z] E0211 17:05:21.129555    9376 watch.go:116] watchAllDir unable to walk dir `c:\Users\USUARIO\Documents\tpAngularAPI\dataconnect`: CreateFile c:\Users\USUARIO\Documents\tpAngularAPI\dataconnect: The system cannot find the file specified.
 {"metadata":{"emulator":{"name":"dataconnect"},"message":"E0211 17:05:21.129555    9376 watch.go:116] watchAllDir unable to walk dir `c:\\Users\\USUARIO\\Documents\\tpAngularAPI\\dataconnect`: CreateFile c:\\Users\\USUARIO\\Documents\\tpAngularAPI\\dataconnect: The system cannot find the file specified.\n"}}
[debug] [2026-02-11T20:05:21.130Z] E0211 17:05:21.129555    9376 watch.go:40] Failed to load config from "c:\\Users\\USUARIO\\Documents\\tpAngularAPI\\dataconnect": could not find dataconnect.yaml in `c:\Users\USUARIO\Documents\tpAngularAPI\dataconnect`
 {"metadata":{"emulator":{"name":"dataconnect"},"message":"E0211 17:05:21.129555    9376 watch.go:40] Failed to load config from \"c:\\\\Users\\\\USUARIO\\\\Documents\\\\tpAngularAPI\\\\dataconnect\": could not find dataconnect.yaml in `c:\\Users\\USUARIO\\Documents\\tpAngularAPI\\dataconnect`\n"}}
[debug] [2026-02-11T20:05:31.087Z] E0211 17:05:31.087484    9376 watch.go:40] Failed to load config from "c:\\Users\\USUARIO\\Documents\\tpAngularAPI\\dataconnect": could not find dataconnect.yaml in `c:\Users\USUARIO\Documents\tpAngularAPI\dataconnect`
 {"metadata":{"emulator":{"name":"dataconnect"},"message":"E0211 17:05:31.087484    9376 watch.go:40] Failed to load config from \"c:\\\\Users\\\\USUARIO\\\\Documents\\\\tpAngularAPI\\\\dataconnect\": could not find dataconnect.yaml in `c:\\Users\\USUARIO\\Documents\\tpAngularAPI\\dataconnect`\n"}}
[debug] [2026-02-11T20:05:41.086Z] E0211 17:05:41.086822    9376 watch.go:40] Failed to load config from "c:\\Users\\USUARIO\\Documents\\tpAngularAPI\\dataconnect": could not find dataconnect.yaml in `c:\Users\USUARIO\Documents\tpAngularAPI\dataconnect`
 {"metadata":{"emulator":{"name":"dataconnect"},"message":"E0211 17:05:41.086822    9376 watch.go:40] Failed to load config from \"c:\\\\Users\\\\USUARIO\\\\Documents\\\\tpAngularAPI\\\\dataconnect\": could not find dataconnect.yaml in `c:\\Users\\USUARIO\\Documents\\tpAngularAPI\\dataconnect`\n"}}
